ciss_product_id,wake_sku,wake_variant_id,unit,unit_raw,ciss_price,ciss_stock,ciss_enterprise,ciss_location,package_weight_kg,expected_retail_price,expected_wholesale_price,wake_current_price,price_match,expected_stock,wake_current_stock,stock_match,price_table_expected,price_table_actual,price_table_match,wake_variant_id_actual,wake_preco_de,price_table_preco_de_actual,status,error
1563,1563,280340,,CT,415.78,-0.94,2,2,,,,4.99,,,0,,,4.99,,280340,0,6.49,UNSUPPORTED_UNIT,"unit nao suportada: ""CT"""
270,270,278137,PC,PC,2.07,1894,2,2,,2.07,,0.02,false,1894,18940,false,2.07,0.02,false,278137,0,0.03,PRICE_AND_STOCK_MISMATCH,
2732,2732,281115,,CT,5.32,113.81,2,2,,,,0.06,,,1138,,,0.06,,281115,0,0.08,UNSUPPORTED_UNIT,"unit nao suportada: ""CT"""
2733,2733,281116,,CT,3,86.37,2,2,,,,0.04,,,863,,,0.04,,281116,0,0.05,UNSUPPORTED_UNIT,"unit nao suportada: ""CT"""
2734,2734,281117,,CT,6.21,16.4,2,2,,,,0.07,,,164,,,0.07,,281117,0,0.09,UNSUPPORTED_UNIT,"unit nao suportada: ""CT"""
2735,2735,281118,,CT,5.36,138.65,2,2,,,,0.06,,,1386,,,0.06,,281118,0,0.08,UNSUPPORTED_UNIT,"unit nao suportada: ""CT"""
2736,2736,281119,,CT,3.63,60.25,2,2,,,,0.04,,,602,,,0.04,,281119,0,0.05,UNSUPPORTED_UNIT,"unit nao suportada: ""CT"""
2737,2737,281120,,CT,6.26,178.71,2,2,,,,0.08,,,1787,,,0.08,,281120,0,0.1,UNSUPPORTED_UNIT,"unit nao suportada: ""CT"""
2739,2739,281121,,CT,4.54,3.86,2,2,,,,0.05,,,38,,,0.05,,281121,0,0.07,UNSUPPORTED_UNIT,"unit nao suportada: ""CT"""
2740,2740,281122,,CT,8.81,64.36,2,2,,,,0.11,,,643,,,0.11,,281122,0,0.14,UNSUPPORTED_UNIT,"unit nao suportada: ""CT"""
2741,2741,281123,,CT,6.14,68.6,2,2,,,,0.07,,,686,,,0.07,,281123,0,0.09,UNSUPPORTED_UNIT,"unit nao suportada: ""CT"""
2744,2744,281124,,CT,6.72,35,2,2,,,,0.08,,,350,,,0.08,,281124,0,0.1,UNSUPPORTED_UNIT,"unit nao suportada: ""CT"""
2745,2745,281125,,CT,6.42,142.77,2,2,,,,0.08,,,1427,,,0.08,,281125,0,0.1,UNSUPPORTED_UNIT,"unit nao suportada: ""CT"""
2749,2749,281126,,CT,7.24,12.67,2,2,,,,0.09,,,126,,,0.09,,281126,0,0.12,UNSUPPORTED_UNIT,"unit nao suportada: ""CT"""
2757,2757,281127,,CT,12.63,5,2,2,,,,0.15,,,50,,,0.15,,281127,0,0.2,UNSUPPORTED_UNIT,"unit nao suportada: ""CT"""
2761,2761,281128,,CT,7.8,34.32,2,2,,,,0.09,,,343,,,0.09,,281128,0,0.12,UNSUPPORTED_UNIT,"unit nao suportada: ""CT"""
2762,2762,281129,,CT,8.46,63.92,2,2,,,,0.1,,,639,,,0.1,,281129,0,0.13,UNSUPPORTED_UNIT,"unit nao suportada: ""CT"""
2764,2764,281130,,CT,10.57,2.17,2,2,,,,0.13,,,21,,,0.13,,281130,0,0.17,UNSUPPORTED_UNIT,"unit nao suportada: ""CT"""
2769,2769,281131,,CT,25.13,4.3,2,2,,,,0.3,,,43,,,0.3,,281131,0,0.39,UNSUPPORTED_UNIT,"unit nao suportada: ""CT"""
2770,2770,281132,,CT,13.64,137.3,2,2,,,,0.16,,,1373,,,0.16,,281132,0,0.21,UNSUPPORTED_UNIT,"unit nao suportada: ""CT"""
2771,2771,281133,,CT,16.13,7.87,2,2,,,,0.19,,,78,,,0.19,,281133,0,0.25,UNSUPPORTED_UNIT,"unit nao suportada: ""CT"""
2772,2772,281134,,CT,18.57,1.9,2,2,,,,0.22,,,19,,,0.22,,281134,0,0.29,UNSUPPORTED_UNIT,"unit nao suportada: ""CT"""
2773,2773,281135,,CT,24.97,4.98,2,2,,,,0.3,,,49,,,0.3,,281135,0,0.39,UNSUPPORTED_UNIT,"unit nao suportada: ""CT"""
2774,2774,281136,,CT,24.76,6.4,2,2,,,,0.3,,,64,,,0.3,,281136,0,0.39,UNSUPPORTED_UNIT,"unit nao suportada: ""CT"""
2775,2775,281137,,CT,34.16,0.75,2,2,,,,0.41,,,7,,,0.41,,281137,0,0.53,UNSUPPORTED_UNIT,"unit nao suportada: ""CT"""
2779,2779,281138,,CT,20.58,6.02,2,2,,,,0.25,,,60,,,0.25,,281138,0,0.33,UNSUPPORTED_UNIT,"unit nao suportada: ""CT"""
2780,2780,281139,,CT,26.19,0.98,2,2,,,,0.31,,,9,,,0.31,,281139,0,0.4,UNSUPPORTED_UNIT,"unit nao suportada: ""CT"""
2782,2782,281140,,CT,44.34,9.01,2,2,,,,0.53,,,90,,,0.53,,281140,0,0.69,UNSUPPORTED_UNIT,"unit nao suportada: ""CT"""
2784,2784,281141,,CT,33.86,12.03,2,2,,,,0.41,,,120,,,0.41,,281141,0,0.53,UNSUPPORTED_UNIT,"unit nao suportada: ""CT"""
2814,2814,281142,,CT,14.49,4.36,2,2,,,,0.17,,,43,,,0.17,,281142,0,0.22,UNSUPPORTED_UNIT,"unit nao suportada: ""CT"""
2819,2819,281143,,CT,4.4,25.96,2,2,,,,0.05,,,259,,,0.05,,281143,0,0.07,UNSUPPORTED_UNIT,"unit nao suportada: ""CT"""
2820,2820,281144,,CT,7.08,130.38,2,2,,,,0.08,,,1303,,,0.08,,281144,0,0.1,UNSUPPORTED_UNIT,"unit nao suportada: ""CT"""
2823,2823,281145,,CT,5.16,0,2,2,,,,0.06,,,0,,,0.06,,281145,0,0.08,UNSUPPORTED_UNIT,"unit nao suportada: ""CT"""
2824,2824,281146,,CT,5.76,21.73,2,2,,,,0.07,,,217,,,0.07,,281146,0,0.09,UNSUPPORTED_UNIT,"unit nao suportada: ""CT"""
2825,2825,281147,,CT,8.58,200.83,2,2,,,,0.1,,,2008,,,0.1,,281147,0,0.13,UNSUPPORTED_UNIT,"unit nao suportada: ""CT"""
2826,2826,281148,,CT,10,310,2,2,,,,0.12,,,3100,,,0.12,,281148,0,0.16,UNSUPPORTED_UNIT,"unit nao suportada: ""CT"""
2827,2827,281149,,CT,11.16,42.93,2,2,,,,0.13,,,429,,,0.13,,281149,0,0.17,UNSUPPORTED_UNIT,"unit nao suportada: ""CT"""
2828,2828,281150,,CT,12.8,22.96,2,2,,,,0.15,,,229,,,0.15,,281150,0,0.2,UNSUPPORTED_UNIT,"unit nao suportada: ""CT"""
2829,2829,281151,,CT,5.22,48.43,2,2,,,,0.06,,,484,,,0.06,,281151,0,0.08,UNSUPPORTED_UNIT,"unit nao suportada: ""CT"""
2830,2830,281152,,CT,9.77,46.35,2,2,,,,0.12,,,463,,,0.12,,281152,0,0.16,UNSUPPORTED_UNIT,"unit nao suportada: ""CT"""
2831,2831,281153,,CT,10.73,226.93,2,2,,,,0.13,,,2269,,,0.13,,281153,0,0.17,UNSUPPORTED_UNIT,"unit nao suportada: ""CT"""
2832,2832,281154,,CT,14.44,11.74,2,2,,,,0.17,,,117,,,0.17,,281154,0,0.22,UNSUPPORTED_UNIT,"unit nao suportada: ""CT"""
2833,2833,281155,,CT,9.37,12.41,2,2,,,,0.11,,,124,,,0.11,,281155,0,0.14,UNSUPPORTED_UNIT,"unit nao suportada: ""CT"""
2834,2834,281156,,CT,16.56,24.68,2,2,,,,0.2,,,246,,,0.2,,281156,0,0.26,UNSUPPORTED_UNIT,"unit nao suportada: ""CT"""
2835,2835,281157,,CT,18.5,19.55,2,2,,,,0.22,,,195,,,0.22,,281157,0,0.29,UNSUPPORTED_UNIT,"unit nao suportada: ""CT"""
2836,2836,281158,,CT,7.55,73.38,2,2,,,,0.09,,,733,,,0.09,,281158,0,0.12,UNSUPPORTED_UNIT,"unit nao suportada: ""CT"""
2837,2837,281159,,CT,16.65,33.1,2,2,,,,0.2,,,331,,,0.2,,281159,0,0.26,UNSUPPORTED_UNIT,"unit nao suportada: ""CT"""
2838,2838,281160,,CT,21.85,85.35,2,2,,,,0.26,,,853,,,0.26,,281160,0,0.34,UNSUPPORTED_UNIT,"unit nao suportada: ""CT"""
2839,2839,281161,,CT,28.62,236,2,2,,,,0.34,,,2360,,,0.34,,281161,0,0.44,UNSUPPORTED_UNIT,"unit nao suportada: ""CT"""
2840,2840,281162,,CT,3.04,81.43,2,2,,,,0.04,,,814,,,0.04,,281162,0,0.05,UNSUPPORTED_UNIT,"unit nao suportada: ""CT"""
2841,2841,281163,,CT,28.34,36.58,2,2,,,,0.34,,,365,,,0.34,,281163,0,0.44,UNSUPPORTED_UNIT,"unit nao suportada: ""CT"""
2842,2842,281164,,CT,9.4,67.99,2,2,,,,0.11,,,679,,,0.11,,281164,0,0.14,UNSUPPORTED_UNIT,"unit nao suportada: ""CT"""
2843,2843,281165,,CT,1.72,24.7,2,2,,,,0.02,,,247,,,0.02,,281165,0,0.03,UNSUPPORTED_UNIT,"unit nao suportada: ""CT"""
2844,2844,281166,,CT,8.3,168.26,2,2,,,,0.1,,,1682,,,0.1,,281166,0,0.13,UNSUPPORTED_UNIT,"unit nao suportada: ""CT"""
2845,2845,281167,,CT,3.83,28.73,2,2,,,,0.05,,,287,,,0.05,,281167,0,0.07,UNSUPPORTED_UNIT,"unit nao suportada: ""CT"""
2846,2846,281168,,CT,22.18,18.68,2,2,,,,0.27,,,186,,,0.27,,281168,0,0.35,UNSUPPORTED_UNIT,"unit nao suportada: ""CT"""
2847,2847,281169,,CT,25.41,55.78,2,2,,,,0.3,,,557,,,0.3,,281169,0,0.39,UNSUPPORTED_UNIT,"unit nao suportada: ""CT"""
2848,2848,281170,,CT,30.2,41.83,2,2,,,,0.36,,,418,,,0.36,,281170,0,0.47,UNSUPPORTED_UNIT,"unit nao suportada: ""CT"""
2849,2849,281171,,CT,3.94,88.54,2,2,,,,0.05,,,885,,,0.05,,281171,0,0.07,UNSUPPORTED_UNIT,"unit nao suportada: ""CT"""
2850,2850,281172,,CT,2.37,87.07,2,2,,,,0.03,,,870,,,0.03,,281172,0,0.04,UNSUPPORTED_UNIT,"unit nao suportada: ""CT"""
2851,2851,281173,,CT,3.05,54.99,2,2,,,,0.04,,,549,,,0.04,,281173,0,0.05,UNSUPPORTED_UNIT,"unit nao suportada: ""CT"""
2852,2852,281174,,CT,15.99,14.42,2,2,,,,0.19,,,144,,,0.19,,281174,0,0.25,UNSUPPORTED_UNIT,"unit nao suportada: ""CT"""
2853,2853,281175,,CT,5.69,13.21,2,2,,,,0.07,,,132,,,0.07,,281175,0,0.09,UNSUPPORTED_UNIT,"unit nao suportada: ""CT"""
2857,2857,281176,,CT,2.13,178.71,2,2,,,,0.03,,,1787,,,0.03,,281176,0,0.04,UNSUPPORTED_UNIT,"unit nao suportada: ""CT"""
2858,2858,281177,,CT,4.73,24.78,2,2,,,,0.06,,,247,,,0.06,,281177,0,0.08,UNSUPPORTED_UNIT,"unit nao suportada: ""CT"""
2861,2861,281178,,CT,5.01,14,2,2,,,,0.06,,,140,,,0.06,,281178,0,0.08,UNSUPPORTED_UNIT,"unit nao suportada: ""CT"""
2866,2866,281179,,CT,7.49,97.81,2,2,,,,0.09,,,978,,,0.09,,281179,0,0.12,UNSUPPORTED_UNIT,"unit nao suportada: ""CT"""
2867,2867,281180,,CT,7.64,13.29,2,2,,,,0.09,,,132,,,0.09,,281180,0,0.12,UNSUPPORTED_UNIT,"unit nao suportada: ""CT"""
2868,2868,281181,,CT,4.58,105,2,2,,,,0.05,,,1050,,,0.05,,281181,0,0.07,UNSUPPORTED_UNIT,"unit nao suportada: ""CT"""
2873,2873,281182,,CT,7.31,218.64,2,2,,,,0.09,,,2186,,,0.09,,281182,0,0.12,UNSUPPORTED_UNIT,"unit nao suportada: ""CT"""
2877,2877,281183,,CT,9.82,0,2,2,,,,0.12,,,0,,,0.12,,281183,0,0.16,UNSUPPORTED_UNIT,"unit nao suportada: ""CT"""
2886,2886,281184,,CT,12.92,65.8,2,2,,,,0.16,,,658,,,0.16,,281184,0,0.21,UNSUPPORTED_UNIT,"unit nao suportada: ""CT"""
2888,2888,281185,,CT,15.24,275.24,2,2,,,,0.18,,,2752,,,0.18,,281185,0,0.23,UNSUPPORTED_UNIT,"unit nao suportada: ""CT"""
2897,2897,281186,,CT,21.9,222.9,2,2,,,,0.26,,,2229,,,0.26,,281186,0,0.34,UNSUPPORTED_UNIT,"unit nao suportada: ""CT"""
2913,2913,281187,,CT,10.1,-28.11,2,2,,,,0.12,,,0,,,0.12,,281187,0,0.16,UNSUPPORTED_UNIT,"unit nao suportada: ""CT"""
2922,2922,281188,,CT,7.55,1.75,2,2,,,,0.09,,,17,,,0.09,,281188,0,0.12,UNSUPPORTED_UNIT,"unit nao suportada: ""CT"""
2951,2951,281189,,CT,5.27,0,2,2,,,,0.06,,,0,,,0.06,,281189,0,0.08,UNSUPPORTED_UNIT,"unit nao suportada: ""CT"""
2952,2952,281190,,CT,5.87,789.96,2,2,,,,0.07,,,7899,,,0.07,,281190,0,0.09,UNSUPPORTED_UNIT,"unit nao suportada: ""CT"""
2953,2953,281191,,CT,8.56,13.5,2,2,,,,0.1,,,135,,,0.1,,281191,0,0.13,UNSUPPORTED_UNIT,"unit nao suportada: ""CT"""
2954,2954,281192,,CT,9.12,96.54,2,2,,,,0.11,,,965,,,0.11,,281192,0,0.14,UNSUPPORTED_UNIT,"unit nao suportada: ""CT"""
2955,2955,281193,,CT,9.82,19.175,2,2,,,,0.12,,,191,,,0.12,,281193,0,0.16,UNSUPPORTED_UNIT,"unit nao suportada: ""CT"""
2956,2956,281194,,CT,10.38,372.57,2,2,,,,0.12,,,3725,,,0.12,,281194,0,0.16,UNSUPPORTED_UNIT,"unit nao suportada: ""CT"""
2959,2959,281195,,CT,7.78,101.61,2,2,,,,0.09,,,1016,,,0.09,,281195,0,0.12,UNSUPPORTED_UNIT,"unit nao suportada: ""CT"""
2960,2960,281196,,CT,9.04,38.28,2,2,,,,0.11,,,382,,,0.11,,281196,0,0.14,UNSUPPORTED_UNIT,"unit nao suportada: ""CT"""
2961,2961,281197,,CT,11.46,4.74,2,2,,,,0.14,,,47,,,0.14,,281197,0,0.18,UNSUPPORTED_UNIT,"unit nao suportada: ""CT"""
2962,2962,281198,,CT,12.49,233.02,2,2,,,,0.15,,,2330,,,0.15,,281198,0,0.2,UNSUPPORTED_UNIT,"unit nao suportada: ""CT"""
2963,2963,281199,,CT,13.89,23.81,2,2,,,,0.17,,,238,,,0.17,,281199,0,0.22,UNSUPPORTED_UNIT,"unit nao suportada: ""CT"""
2964,2964,281200,,CT,6.29,65.57,2,2,,,,0.08,,,655,,,0.08,,281200,0,0.1,UNSUPPORTED_UNIT,"unit nao suportada: ""CT"""
2966,2966,281201,,CT,18.9,199.34,2,2,,,,0.23,,,1993,,,0.23,,281201,0,0.3,UNSUPPORTED_UNIT,"unit nao suportada: ""CT"""
2967,2967,281202,,CT,2.01,457.25,2,2,,,,0.02,,,4572,,,0.02,,281202,0,0.03,UNSUPPORTED_UNIT,"unit nao suportada: ""CT"""
2968,2968,281203,,CT,11.07,70.5,2,2,,,,0.13,,,705,,,0.13,,281203,0,0.17,UNSUPPORTED_UNIT,"unit nao suportada: ""CT"""
2970,2970,281204,,CT,5.07,148.97,2,2,,,,0.06,,,1489,,,0.06,,281204,0,0.08,UNSUPPORTED_UNIT,"unit nao suportada: ""CT"""
2971,2971,281205,,CT,16.86,157.1,2,2,,,,0.2,,,1571,,,0.2,,281205,0,0.26,UNSUPPORTED_UNIT,"unit nao suportada: ""CT"""
2972,2972,281206,,CT,4.31,120.56,2,2,,,,0.05,,,1205,,,0.05,,281206,0,0.07,UNSUPPORTED_UNIT,"unit nao suportada: ""CT"""
2973,2973,281207,,CT,11.08,86.8,2,2,,,,0.13,,,868,,,0.13,,281207,0,0.17,UNSUPPORTED_UNIT,"unit nao suportada: ""CT"""
2974,2974,281208,,CT,12.24,179.68,2,2,,,,0.15,,,1796,,,0.15,,281208,0,0.2,UNSUPPORTED_UNIT,"unit nao suportada: ""CT"""
2975,2975,281209,,CT,12.92,118.15,2,2,,,,0.16,,,1181,,,0.16,,281209,0,0.21,UNSUPPORTED_UNIT,"unit nao suportada: ""CT"""
2976,2976,281210,,CT,16.42,38.6,2,2,,,,0.2,,,386,,,0.2,,281210,0,0.26,UNSUPPORTED_UNIT,"unit nao suportada: ""CT"""
2977,2977,281211,,CT,23.28,69.33,2,2,,,,0.28,,,693,,,0.28,,281211,0,0.36,UNSUPPORTED_UNIT,"unit nao suportada: ""CT"""
2978,2978,281212,,CT,19.98,24.68,2,2,,,,0.24,,,246,,,0.24,,281212,0,0.31,UNSUPPORTED_UNIT,"unit nao suportada: ""CT"""
2979,2979,281213,,CT,28.93,51.06,2,2,,,,0.35,,,510,,,0.35,,281213,0,0.46,UNSUPPORTED_UNIT,"unit nao suportada: ""CT"""
2980,2980,281214,,CT,30.62,84.3,2,2,,,,0.37,,,843,,,0.37,,281214,0,0.48,UNSUPPORTED_UNIT,"unit nao suportada: ""CT"""
2981,2981,281215,,CT,8.34,20.53,2,2,,,,0.1,,,205,,,0.1,,281215,0,0.13,UNSUPPORTED_UNIT,"unit nao suportada: ""CT"""
2982,2982,281216,,CT,18.75,2.55,2,2,,,,0.23,,,25,,,0.23,,281216,0,0.3,UNSUPPORTED_UNIT,"unit nao suportada: ""CT"""
2983,2983,281217,,CT,22.21,14.39,2,2,,,,0.27,,,143,,,0.27,,281217,0,0.35,UNSUPPORTED_UNIT,"unit nao suportada: ""CT"""
2984,2984,281218,,CT,4.15,11.1,2,2,,,,0.05,,,111,,,0.05,,281218,0,0.07,UNSUPPORTED_UNIT,"unit nao suportada: ""CT"""
2985,2985,281219,,CT,15.63,18.21,2,2,,,,0.19,,,182,,,0.19,,281219,0,0.25,UNSUPPORTED_UNIT,"unit nao suportada: ""CT"""
2986,2986,281220,,CT,3.8,30.8,2,2,,,,0.05,,,308,,,0.05,,281220,0,0.07,UNSUPPORTED_UNIT,"unit nao suportada: ""CT"""
2987,2987,281221,,CT,3.79,122.94,2,2,,,,0.05,,,1229,,,0.05,,281221,0,0.07,UNSUPPORTED_UNIT,"unit nao suportada: ""CT"""
2988,2988,281222,,CT,6.47,26.22,2,2,,,,0.08,,,262,,,0.08,,281222,0,0.1,UNSUPPORTED_UNIT,"unit nao suportada: ""CT"""
2989,2989,281223,,CT,7.12,13.76,2,2,,,,0.09,,,137,,,0.09,,281223,0,0.12,UNSUPPORTED_UNIT,"unit nao suportada: ""CT"""
2990,2990,281224,,CT,5.29,114,2,2,,,,0.06,,,1140,,,0.06,,281224,0,0.08,UNSUPPORTED_UNIT,"unit nao suportada: ""CT"""
2991,2991,281225,,CT,6.07,116.527,2,2,,,,0.07,,,1165,,,0.07,,281225,0,0.09,UNSUPPORTED_UNIT,"unit nao suportada: ""CT"""
2992,2992,281226,,CT,7.01,18.02,2,2,,,,0.08,,,180,,,0.08,,281226,0,0.1,UNSUPPORTED_UNIT,"unit nao suportada: ""CT"""
2993,2993,281227,,CT,9.85,8.52,2,2,,,,0.12,,,85,,,0.12,,281227,0,0.16,UNSUPPORTED_UNIT,"unit nao suportada: ""CT"""
2994,2994,281228,,CT,7.22,25.25,2,2,,,,0.09,,,252,,,0.09,,281228,0,0.12,UNSUPPORTED_UNIT,"unit nao suportada: ""CT"""
2995,2995,281229,,CT,9.82,149.5,2,2,,,,0.12,,,1495,,,0.12,,281229,0,0.16,UNSUPPORTED_UNIT,"unit nao suportada: ""CT"""
2996,2996,281230,,CT,40.87,11.74,2,2,,,,0.49,,,117,,,0.49,,281230,0,0.64,UNSUPPORTED_UNIT,"unit nao suportada: ""CT"""
2997,2997,281231,,CT,36.04,8,2,2,,,,0.43,,,80,,,0.43,,281231,0,0.56,UNSUPPORTED_UNIT,"unit nao suportada: ""CT"""
2998,2998,281232,,CT,4.68,38.27,2,2,,,,0.06,,,382,,,0.06,,281232,0,0.08,UNSUPPORTED_UNIT,"unit nao suportada: ""CT"""
2999,2999,281233,,CT,4.76,101.275,2,2,,,,0.06,,,1012,,,0.06,,281233,0,0.08,UNSUPPORTED_UNIT,"unit nao suportada: ""CT"""
3000,3000,281234,,CT,32.42,13.94,2,2,,,,0.39,,,139,,,0.39,,281234,0,0.51,UNSUPPORTED_UNIT,"unit nao suportada: ""CT"""
3001,3001,281235,,CT,35.61,13.07,2,2,,,,0.43,,,130,,,0.43,,281235,0,0.56,UNSUPPORTED_UNIT,"unit nao suportada: ""CT"""
3506,3506,281273,,CT,4.73,6,2,2,,,,0.06,,,60,,,0.06,,281273,0,0.08,UNSUPPORTED_UNIT,"unit nao suportada: ""CT"""
3507,3507,281274,,CT,5.53,15.72,2,2,,,,0.07,,,157,,,0.07,,281274,0,0.09,UNSUPPORTED_UNIT,"unit nao suportada: ""CT"""
3508,3508,281275,,CT,6.02,20.57,2,2,,,,0.07,,,205,,,0.07,,281275,0,0.09,UNSUPPORTED_UNIT,"unit nao suportada: ""CT"""
3509,3509,281276,,CT,6.44,34.44,2,2,,,,0.08,,,344,,,0.08,,281276,0,0.1,UNSUPPORTED_UNIT,"unit nao suportada: ""CT"""
3510,3510,281277,,CT,6.44,7.99,2,2,,,,0.08,,,79,,,0.08,,281277,0,0.1,UNSUPPORTED_UNIT,"unit nao suportada: ""CT"""
3512,3512,281279,,CT,5.47,7.08,2,2,,,,0.07,,,70,,,0.07,,281279,0,0.09,UNSUPPORTED_UNIT,"unit nao suportada: ""CT"""
3513,3513,281280,,CT,5.76,14.518,2,2,,,,0.07,,,145,,,0.07,,281280,0,0.09,UNSUPPORTED_UNIT,"unit nao suportada: ""CT"""
3514,3514,281281,,CT,8.79,10.44,2,2,,,,0.11,,,104,,,0.11,,281281,0,0.14,UNSUPPORTED_UNIT,"unit nao suportada: ""CT"""
3515,3515,281282,,CT,4.94,4.86,2,2,,,,0.06,,,48,,,0.06,,281282,0,0.08,UNSUPPORTED_UNIT,"unit nao suportada: ""CT"""
3516,3516,281283,,CT,6.91,3.84,2,2,,,,0.08,,,38,,,0.08,,281283,0,0.1,UNSUPPORTED_UNIT,"unit nao suportada: ""CT"""
3517,3517,281284,,CT,5.39,7.17,2,2,,,,0.06,,,71,,,0.06,,281284,0,0.08,UNSUPPORTED_UNIT,"unit nao suportada: ""CT"""
3518,3518,281285,,CT,7.05,31.26,2,2,,,,0.08,,,312,,,0.08,,281285,0,0.1,UNSUPPORTED_UNIT,"unit nao suportada: ""CT"""
3519,3519,281286,,CT,7.71,18.81,2,2,,,,0.09,,,188,,,0.09,,281286,0,0.12,UNSUPPORTED_UNIT,"unit nao suportada: ""CT"""
3521,3521,281287,,CT,7.97,7.32,2,2,,,,0.1,,,73,,,0.1,,281287,0,0.13,UNSUPPORTED_UNIT,"unit nao suportada: ""CT"""
3522,3522,281288,,CT,9.3,14.26,2,2,,,,0.11,,,142,,,0.11,,281288,0,0.14,UNSUPPORTED_UNIT,"unit nao suportada: ""CT"""
3523,3523,281289,,CT,9.37,4.87,2,2,,,,0.11,,,48,,,0.11,,281289,0,0.14,UNSUPPORTED_UNIT,"unit nao suportada: ""CT"""
3524,3524,281290,,CT,9.03,14.38,2,2,,,,0.11,,,143,,,0.11,,281290,0,0.14,UNSUPPORTED_UNIT,"unit nao suportada: ""CT"""
3525,3525,281291,,CT,8.88,10.02,2,2,,,,0.11,,,100,,,0.11,,281291,0,0.14,UNSUPPORTED_UNIT,"unit nao suportada: ""CT"""
3526,3526,281292,,CT,9.25,17.4,2,2,,,,0.11,,,174,,,0.11,,281292,0,0.14,UNSUPPORTED_UNIT,"unit nao suportada: ""CT"""
3527,3527,281293,,CT,11.87,6.68,2,2,,,,0.14,,,66,,,0.14,,281293,0,0.18,UNSUPPORTED_UNIT,"unit nao suportada: ""CT"""
3528,3528,281294,,CT,12.28,8.93,2,2,,,,0.15,,,89,,,0.15,,281294,0,0.2,UNSUPPORTED_UNIT,"unit nao suportada: ""CT"""
3529,3529,281295,,CT,14.6,6.48,2,2,,,,0.18,,,64,,,0.18,,281295,0,0.23,UNSUPPORTED_UNIT,"unit nao suportada: ""CT"""
3530,3530,281296,,CT,15.47,80.3,2,2,,,,0.19,,,803,,,0.19,,281296,0,0.25,UNSUPPORTED_UNIT,"unit nao suportada: ""CT"""
3531,3531,281297,,CT,15.87,1.85,2,2,,,,0.19,,,18,,,0.19,,281297,0,0.25,UNSUPPORTED_UNIT,"unit nao suportada: ""CT"""
3532,3532,281298,,CT,19,12.59,2,2,,,,0.23,,,125,,,0.23,,281298,0,0.3,UNSUPPORTED_UNIT,"unit nao suportada: ""CT"""
3533,3533,281299,,CT,18.75,17.66,2,2,,,,0.23,,,176,,,0.23,,281299,0,0.3,UNSUPPORTED_UNIT,"unit nao suportada: ""CT"""
3534,3534,281300,,CT,21.17,1.93,2,2,,,,0.25,,,19,,,0.25,,281300,0,0.33,UNSUPPORTED_UNIT,"unit nao suportada: ""CT"""
3535,3535,281301,,CT,23.65,29.74,2,2,,,,0.28,,,297,,,0.28,,281301,0,0.36,UNSUPPORTED_UNIT,"unit nao suportada: ""CT"""
6078,6078,281414,,CT,4.87,13.94,2,2,,,,0.06,,,139,,,0.06,,281414,0,0.08,UNSUPPORTED_UNIT,"unit nao suportada: ""CT"""
6079,6079,281415,,CT,5.13,16.77,2,2,,,,0.06,,,167,,,0.06,,281415,0,0.08,UNSUPPORTED_UNIT,"unit nao suportada: ""CT"""
6102,6102,281416,,CT,5.15,44.52,2,2,,,,0.06,,,445,,,0.06,,281416,0,0.08,UNSUPPORTED_UNIT,"unit nao suportada: ""CT"""
6448,6448,281418,,CT,16.17,16.19,2,2,,,,0.19,,,161,,,0.19,,281418,0,0.25,UNSUPPORTED_UNIT,"unit nao suportada: ""CT"""
6452,6452,281419,,CT,16.43,7.06,2,2,,,,0.2,,,70,,,0.2,,281419,0,0.26,UNSUPPORTED_UNIT,"unit nao suportada: ""CT"""
6458,6458,281420,,CT,23.05,3.57,2,2,,,,0.28,,,35,,,0.28,,281420,0,0.36,UNSUPPORTED_UNIT,"unit nao suportada: ""CT"""
6462,6462,281421,,CT,39.69,10.59,2,2,,,,0.48,,,105,,,0.48,,281421,0,0.62,UNSUPPORTED_UNIT,"unit nao suportada: ""CT"""
6468,6468,281422,,CT,6.23,4.2,2,2,,,,0.07,,,42,,,0.07,,281422,0,0.09,UNSUPPORTED_UNIT,"unit nao suportada: ""CT"""
7537,7537,280427,,CT,11.87,5.73,2,2,,,,0.14,,,57,,,0.14,,280427,0,0.18,UNSUPPORTED_UNIT,"unit nao suportada: ""CT"""
7538,7538,280428,,CT,7.27,3.4,2,2,,,,0.09,,,34,,,0.09,,280428,0,0.12,UNSUPPORTED_UNIT,"unit nao suportada: ""CT"""
7539,7539,280429,,CT,12.09,32.38,2,2,,,,0.15,,,323,,,0.15,,280429,0,0.2,UNSUPPORTED_UNIT,"unit nao suportada: ""CT"""
7540,7540,280430,,CT,13.81,16.6,2,2,,,,0.17,,,166,,,0.17,,280430,0,0.22,UNSUPPORTED_UNIT,"unit nao suportada: ""CT"""
7541,7541,280431,,CT,14.07,27.97,2,2,,,,0.17,,,279,,,0.17,,280431,0,0.22,UNSUPPORTED_UNIT,"unit nao suportada: ""CT"""
7542,7542,280432,,CT,17.18,19.19,2,2,,,,0.21,,,191,,,0.21,,280432,0,0.27,UNSUPPORTED_UNIT,"unit nao suportada: ""CT"""
7543,7543,280433,,CT,13.81,13.55,2,2,,,,0.17,,,135,,,0.17,,280433,0,0.22,UNSUPPORTED_UNIT,"unit nao suportada: ""CT"""
7544,7544,280434,,CT,14.56,5.8,2,2,,,,0.17,,,58,,,0.17,,280434,0,0.22,UNSUPPORTED_UNIT,"unit nao suportada: ""CT"""
7545,7545,280435,,CT,16.81,21.64,2,2,,,,0.2,,,216,,,0.2,,280435,0,0.26,UNSUPPORTED_UNIT,"unit nao suportada: ""CT"""
7546,7546,280436,,CT,18.73,34.5,2,2,,,,0.22,,,345,,,0.22,,280436,0,0.29,UNSUPPORTED_UNIT,"unit nao suportada: ""CT"""
7547,7547,280437,,CT,19.62,19.38,2,2,,,,0.24,,,193,,,0.24,,280437,0,0.31,UNSUPPORTED_UNIT,"unit nao suportada: ""CT"""
7548,7548,280438,,CT,19.92,16.22,2,2,,,,0.24,,,162,,,0.24,,280438,0,0.31,UNSUPPORTED_UNIT,"unit nao suportada: ""CT"""
7549,7549,280439,,CT,21.78,9.26,2,2,,,,0.26,,,92,,,0.26,,280439,0,0.34,UNSUPPORTED_UNIT,"unit nao suportada: ""CT"""
7550,7550,280440,,CT,71.61,22.48,2,2,,,,0.86,,,224,,,0.86,,280440,0,1.12,UNSUPPORTED_UNIT,"unit nao suportada: ""CT"""
7551,7551,280441,,CT,17.76,25.49,2,2,,,,0.21,,,254,,,0.21,,280441,0,0.27,UNSUPPORTED_UNIT,"unit nao suportada: ""CT"""
7552,7552,280442,,CT,18.7,50.32,2,2,,,,0.22,,,503,,,0.22,,280442,0,0.29,UNSUPPORTED_UNIT,"unit nao suportada: ""CT"""
7553,7553,280443,,CT,19.43,56.63,2,2,,,,0.23,,,566,,,0.23,,280443,0,0.3,UNSUPPORTED_UNIT,"unit nao suportada: ""CT"""
7554,7554,280444,,CT,21.47,36.47,2,2,,,,0.26,,,364,,,0.26,,280444,0,0.34,UNSUPPORTED_UNIT,"unit nao suportada: ""CT"""
7555,7555,280445,,CT,23.43,19.62,2,2,,,,0.28,,,196,,,0.28,,280445,0,0.36,UNSUPPORTED_UNIT,"unit nao suportada: ""CT"""
7556,7556,280446,,CT,24.81,26.23,2,2,,,,0.3,,,262,,,0.3,,280446,0,0.39,UNSUPPORTED_UNIT,"unit nao suportada: ""CT"""
7557,7557,280447,,CT,27.62,12.51,2,2,,,,0.33,,,125,,,0.33,,280447,0,0.43,UNSUPPORTED_UNIT,"unit nao suportada: ""CT"""
7558,7558,280448,,CT,36.61,15.78,2,2,,,,0.44,,,157,,,0.44,,280448,0,0.57,UNSUPPORTED_UNIT,"unit nao suportada: ""CT"""
7559,7559,280449,,CT,20.76,12.6,2,2,,,,0.25,,,126,,,0.25,,280449,0,0.33,UNSUPPORTED_UNIT,"unit nao suportada: ""CT"""
7560,7560,280450,,CT,18.22,48.51,2,2,,,,0.22,,,485,,,0.22,,280450,0,0.29,UNSUPPORTED_UNIT,"unit nao suportada: ""CT"""
7561,7561,280451,,CT,18.07,8.87,2,2,,,,0.22,,,88,,,0.22,,280451,0,0.29,UNSUPPORTED_UNIT,"unit nao suportada: ""CT"""
7562,7562,280452,,CT,27.65,84.91,2,2,,,,0.33,,,849,,,0.33,,280452,0,0.43,UNSUPPORTED_UNIT,"unit nao suportada: ""CT"""
7563,7563,280453,,CT,28.76,42.6,2,2,,,,0.35,,,426,,,0.35,,280453,0,0.46,UNSUPPORTED_UNIT,"unit nao suportada: ""CT"""
7564,7564,280454,,CT,27.48,49.01,2,2,,,,0.33,,,490,,,0.33,,280454,0,0.43,UNSUPPORTED_UNIT,"unit nao suportada: ""CT"""
7565,7565,280455,,CT,26.29,1.37,2,2,,,,0.32,,,13,,,0.32,,280455,0,0.42,UNSUPPORTED_UNIT,"unit nao suportada: ""CT"""
7566,7566,280456,,CT,40.75,4.01,2,2,,,,0.49,,,40,,,0.49,,280456,0,0.64,UNSUPPORTED_UNIT,"unit nao suportada: ""CT"""
7567,7567,280457,,CT,47.3,2.5,2,2,,,,0.57,,,25,,,0.57,,280457,0,0.74,UNSUPPORTED_UNIT,"unit nao suportada: ""CT"""
7568,7568,280458,,CT,56.46,8.01,2,2,,,,0.68,,,80,,,0.68,,280458,0,0.88,UNSUPPORTED_UNIT,"unit nao suportada: ""CT"""
7569,7569,280459,,CT,31.35,9.63,2,2,,,,0.38,,,96,,,0.38,,280459,0,0.49,UNSUPPORTED_UNIT,"unit nao suportada: ""CT"""
7570,7570,280460,,CT,29.56,13.44,2,2,,,,0.35,,,134,,,0.35,,280460,0,0.46,UNSUPPORTED_UNIT,"unit nao suportada: ""CT"""
7571,7571,280461,,CT,28.4,30.63,2,2,,,,0.34,,,306,,,0.34,,280461,0,0.44,UNSUPPORTED_UNIT,"unit nao suportada: ""CT"""
7572,7572,280462,,CT,30.09,14.57,2,2,,,,0.36,,,145,,,0.36,,280462,0,0.47,UNSUPPORTED_UNIT,"unit nao suportada: ""CT"""
7573,7573,280463,,CT,36.58,14.04,2,2,,,,0.44,,,140,,,0.44,,280463,0,0.57,UNSUPPORTED_UNIT,"unit nao suportada: ""CT"""
7574,7574,280464,,CT,35.4,6.51,2,2,,,,0.42,,,65,,,0.42,,280464,0,0.55,UNSUPPORTED_UNIT,"unit nao suportada: ""CT"""
7575,7575,280465,,CT,49.45,22.04,2,2,,,,0.59,,,220,,,0.59,,280465,0,0.77,UNSUPPORTED_UNIT,"unit nao suportada: ""CT"""
7576,7576,280466,,CT,48.17,86.68,2,2,,,,0.58,,,866,,,0.58,,280466,0,0.75,UNSUPPORTED_UNIT,"unit nao suportada: ""CT"""
7577,7577,280467,,CT,68.36,4.89,2,2,,,,0.82,,,48,,,0.82,,280467,0,1.07,UNSUPPORTED_UNIT,"unit nao suportada: ""CT"""
7578,7578,280468,,CT,63.12,42.39,2,2,,,,0.76,,,423,,,0.76,,280468,0,0.99,UNSUPPORTED_UNIT,"unit nao suportada: ""CT"""
7579,7579,280469,,CT,64.96,37.51,2,2,,,,0.78,,,375,,,0.78,,280469,0,1.01,UNSUPPORTED_UNIT,"unit nao suportada: ""CT"""
7580,7580,280470,,CT,99.98,6.98,2,2,,,,1.2,,,69,,,1.2,,280470,0,1.56,UNSUPPORTED_UNIT,"unit nao suportada: ""CT"""
7581,7581,280471,,CT,115.98,2.99,2,2,,,,1.39,,,29,,,1.39,,280471,0,1.81,UNSUPPORTED_UNIT,"unit nao suportada: ""CT"""
7582,7582,280472,,CT,121.18,5.52,2,2,,,,1.45,,,55,,,1.45,,280472,0,1.89,UNSUPPORTED_UNIT,"unit nao suportada: ""CT"""
7583,7583,280473,,CT,173.14,5.32,2,2,,,,2.08,,,53,,,2.08,,280473,0,2.7,UNSUPPORTED_UNIT,"unit nao suportada: ""CT"""
7584,7584,280474,,CT,33.15,40.91,2,2,,,,0.4,,,409,,,0.4,,280474,0,0.52,UNSUPPORTED_UNIT,"unit nao suportada: ""CT"""
7585,7585,280475,,CT,43.47,40.03,2,2,,,,0.52,,,400,,,0.52,,280475,0,0.68,UNSUPPORTED_UNIT,"unit nao suportada: ""CT"""
7586,7586,280476,,CT,45.97,8.03,2,2,,,,0.55,,,80,,,0.55,,280476,0,0.72,UNSUPPORTED_UNIT,"unit nao suportada: ""CT"""
7587,7587,280477,,CT,52.8,8.56,2,2,,,,0.63,,,85,,,0.63,,280477,0,0.82,UNSUPPORTED_UNIT,"unit nao suportada: ""CT"""
7588,7588,280478,,CT,62.78,4.56,2,2,,,,0.75,,,45,,,0.75,,280478,0,0.98,UNSUPPORTED_UNIT,"unit nao suportada: ""CT"""
7589,7589,280479,,CT,49.45,11.48,2,2,,,,0.59,,,114,,,0.59,,280479,0,0.77,UNSUPPORTED_UNIT,"unit nao suportada: ""CT"""
7590,7590,280480,,CT,64.58,4.8,2,2,,,,0.77,,,48,,,0.77,,280480,0,1,UNSUPPORTED_UNIT,"unit nao suportada: ""CT"""
7591,7591,280481,,CT,75.31,2.95,2,2,,,,0.9,,,29,,,0.9,,280481,0,1.17,UNSUPPORTED_UNIT,"unit nao suportada: ""CT"""
7592,7592,280482,,CT,87.77,2.45,2,2,,,,1.05,,,24,,,1.05,,280482,0,1.37,UNSUPPORTED_UNIT,"unit nao suportada: ""CT"""
7593,7593,280483,,CT,111.47,4.83,2,2,,,,1.34,,,48,,,1.34,,280483,0,1.74,UNSUPPORTED_UNIT,"unit nao suportada: ""CT"""
7594,7594,280484,,CT,120.8,2.74,2,2,,,,1.45,,,27,,,1.45,,280484,0,1.89,UNSUPPORTED_UNIT,"unit nao suportada: ""CT"""
7595,7595,280485,,CT,138.32,3.62,2,2,,,,1.66,,,36,,,1.66,,280485,0,2.16,UNSUPPORTED_UNIT,"unit nao suportada: ""CT"""
7596,7596,280486,,CT,61.45,1.39,2,2,,,,0.74,,,13,,,0.74,,280486,0,0.96,UNSUPPORTED_UNIT,"unit nao suportada: ""CT"""
7597,7597,280487,,CT,70.71,4.02,2,2,,,,0.85,,,40,,,0.85,,280487,0,1.11,UNSUPPORTED_UNIT,"unit nao suportada: ""CT"""
7598,7598,280488,,CT,82.78,2.88,2,2,,,,0.99,,,28,,,0.99,,280488,0,1.29,UNSUPPORTED_UNIT,"unit nao suportada: ""CT"""
7599,7599,280489,,CT,86.65,2.99,2,2,,,,1.04,,,29,,,1.04,,280489,0,1.35,UNSUPPORTED_UNIT,"unit nao suportada: ""CT"""
7600,7600,280490,,CT,89.47,3.66,2,2,,,,1.07,,,36,,,1.07,,280490,0,1.39,UNSUPPORTED_UNIT,"unit nao suportada: ""CT"""
7601,7601,280491,,CT,114.84,5.99,2,2,,,,1.38,,,59,,,1.38,,280491,0,1.79,UNSUPPORTED_UNIT,"unit nao suportada: ""CT"""
7602,7602,280492,,CT,139.34,4.21,2,2,,,,1.67,,,42,,,1.67,,280492,0,2.17,UNSUPPORTED_UNIT,"unit nao suportada: ""CT"""
7603,7603,280493,,CT,140.62,2.89,2,2,,,,1.69,,,28,,,1.69,,280493,0,2.2,UNSUPPORTED_UNIT,"unit nao suportada: ""CT"""
7604,7604,280494,,CT,28.18,10.65,2,2,,,,0.34,,,106,,,0.34,,280494,0,0.44,UNSUPPORTED_UNIT,"unit nao suportada: ""CT"""
7605,7605,280495,,CT,11.29,14.18,2,2,,,,0.14,,,141,,,0.14,,280495,0,0.18,UNSUPPORTED_UNIT,"unit nao suportada: ""CT"""
7606,7606,280496,,CT,11.37,8.17,2,2,,,,0.14,,,81,,,0.14,,280496,0,0.18,UNSUPPORTED_UNIT,"unit nao suportada: ""CT"""
7607,7607,280497,,CT,14.68,10.63,2,2,,,,0.18,,,106,,,0.18,,280497,0,0.23,UNSUPPORTED_UNIT,"unit nao suportada: ""CT"""
7608,7608,280498,,CT,13.43,14.16,2,2,,,,0.16,,,141,,,0.16,,280498,0,0.21,UNSUPPORTED_UNIT,"unit nao suportada: ""CT"""
7609,7609,280499,,CT,25.59,17.54,2,2,,,,0.31,,,175,,,0.31,,280499,0,0.4,UNSUPPORTED_UNIT,"unit nao suportada: ""CT"""
7610,7610,280500,,CT,13.44,23.77,2,2,,,,0.16,,,237,,,0.16,,280500,0,0.21,UNSUPPORTED_UNIT,"unit nao suportada: ""CT"""
7611,7611,280501,,CT,14.95,26.3,2,2,,,,0.18,,,263,,,0.18,,280501,0,0.23,UNSUPPORTED_UNIT,"unit nao suportada: ""CT"""
7612,7612,280502,,CT,16.23,34.88,2,2,,,,0.19,,,348,,,0.19,,280502,0,0.25,UNSUPPORTED_UNIT,"unit nao suportada: ""CT"""
7613,7613,280503,,CT,18.29,30.87,2,2,,,,0.22,,,308,,,0.22,,280503,0,0.29,UNSUPPORTED_UNIT,"unit nao suportada: ""CT"""
7614,7614,280504,,CT,19.48,20.39,2,2,,,,0.23,,,203,,,0.23,,280504,0,0.3,UNSUPPORTED_UNIT,"unit nao suportada: ""CT"""
7615,7615,280505,,CT,22.83,20.22,2,2,,,,0.27,,,202,,,0.27,,280505,0,0.35,UNSUPPORTED_UNIT,"unit nao suportada: ""CT"""
7616,7616,280506,,CT,28.54,27.73,2,2,,,,0.34,,,277,,,0.34,,280506,0,0.44,UNSUPPORTED_UNIT,"unit nao suportada: ""CT"""
7617,7617,280507,,CT,19.09,17.79,2,2,,,,0.23,,,177,,,0.23,,280507,0,0.3,UNSUPPORTED_UNIT,"unit nao suportada: ""CT"""
7618,7618,280508,,CT,17.39,55.59,2,2,,,,0.21,,,555,,,0.21,,280508,0,0.27,UNSUPPORTED_UNIT,"unit nao suportada: ""CT"""
7619,7619,280509,,CT,21.34,43.15,2,2,,,,0.26,,,431,,,0.26,,280509,0,0.34,UNSUPPORTED_UNIT,"unit nao suportada: ""CT"""
7620,7620,280510,,CT,20.58,8.8,2,2,,,,0.25,,,88,,,0.25,,280510,0,0.33,UNSUPPORTED_UNIT,"unit nao suportada: ""CT"""
7621,7621,280511,,CT,23.67,20.51,2,2,,,,0.28,,,205,,,0.28,,280511,0,0.36,UNSUPPORTED_UNIT,"unit nao suportada: ""CT"""
7622,7622,280512,,CT,24.24,23.12,2,2,,,,0.29,,,231,,,0.29,,280512,0,0.38,UNSUPPORTED_UNIT,"unit nao suportada: ""CT"""
7623,7623,280513,,CT,28.47,15.04,2,2,,,,0.34,,,150,,,0.34,,280513,0,0.44,UNSUPPORTED_UNIT,"unit nao suportada: ""CT"""
7624,7624,280514,,CT,36.9,14.15,2,2,,,,0.44,,,141,,,0.44,,280514,0,0.57,UNSUPPORTED_UNIT,"unit nao suportada: ""CT"""
7625,7625,280515,,CT,18.51,22.64,2,2,,,,0.22,,,226,,,0.22,,280515,0,0.29,UNSUPPORTED_UNIT,"unit nao suportada: ""CT"""
7626,7626,280516,,CT,18.9,64.05,2,2,,,,0.23,,,640,,,0.23,,280516,0,0.3,UNSUPPORTED_UNIT,"unit nao suportada: ""CT"""
7627,7627,280517,,CT,20.71,55.37,2,2,,,,0.25,,,553,,,0.25,,280517,0,0.33,UNSUPPORTED_UNIT,"unit nao suportada: ""CT"""
7628,7628,280518,,CT,22.8,53.67,2,2,,,,0.27,,,536,,,0.27,,280518,0,0.35,UNSUPPORTED_UNIT,"unit nao suportada: ""CT"""
7629,7629,280519,,CT,24.91,27.36,2,2,,,,0.3,,,273,,,0.3,,280519,0,0.39,UNSUPPORTED_UNIT,"unit nao suportada: ""CT"""
7630,7630,280520,,CT,21.93,6.72,2,2,,,,0.26,,,67,,,0.26,,280520,0,0.34,UNSUPPORTED_UNIT,"unit nao suportada: ""CT"""
7631,7631,280521,,CT,29.49,9.8,2,2,,,,0.35,,,98,,,0.35,,280521,0,0.46,UNSUPPORTED_UNIT,"unit nao suportada: ""CT"""
7632,7632,280522,,CT,38.16,11.68,2,2,,,,0.46,,,116,,,0.46,,280522,0,0.6,UNSUPPORTED_UNIT,"unit nao suportada: ""CT"""
7633,7633,280523,,CT,45.19,88.01,2,2,,,,0.54,,,880,,,0.54,,280523,0,0.7,UNSUPPORTED_UNIT,"unit nao suportada: ""CT"""
7634,7634,280524,,CT,47.88,28.9,2,2,,,,0.57,,,289,,,0.57,,280524,0,0.74,UNSUPPORTED_UNIT,"unit nao suportada: ""CT"""
7635,7635,280525,,CT,27.04,58.66,2,2,,,,0.32,,,586,,,0.32,,280525,0,0.42,UNSUPPORTED_UNIT,"unit nao suportada: ""CT"""
7636,7636,280526,,CT,27.11,31.69,2,2,,,,0.33,,,316,,,0.33,,280526,0,0.43,UNSUPPORTED_UNIT,"unit nao suportada: ""CT"""
7637,7637,280527,,CT,28.81,29.1,2,2,,,,0.35,,,291,,,0.35,,280527,0,0.46,UNSUPPORTED_UNIT,"unit nao suportada: ""CT"""
7638,7638,280528,,CT,37.02,21.97,2,2,,,,0.44,,,219,,,0.44,,280528,0,0.57,UNSUPPORTED_UNIT,"unit nao suportada: ""CT"""
7639,7639,280529,,CT,31.4,29.67,2,2,,,,0.38,,,296,,,0.38,,280529,0,0.49,UNSUPPORTED_UNIT,"unit nao suportada: ""CT"""
7640,7640,280530,,CT,38.45,30.36,2,2,,,,0.46,,,303,,,0.46,,280530,0,0.6,UNSUPPORTED_UNIT,"unit nao suportada: ""CT"""
7641,7641,280531,,CT,49.09,67.83,2,2,,,,0.59,,,678,,,0.59,,280531,0,0.77,UNSUPPORTED_UNIT,"unit nao suportada: ""CT"""
7642,7642,280532,,CT,56.65,17.59,2,2,,,,0.68,,,175,,,0.68,,280532,0,0.88,UNSUPPORTED_UNIT,"unit nao suportada: ""CT"""
7643,7643,280533,,CT,54.76,45.42,2,2,,,,0.66,,,454,,,0.66,,280533,0,0.86,UNSUPPORTED_UNIT,"unit nao suportada: ""CT"""
7644,7644,280534,,CT,74.88,5,2,2,,,,0.9,,,50,,,0.9,,280534,0,1.17,UNSUPPORTED_UNIT,"unit nao suportada: ""CT"""
7645,7645,280535,,CT,82.7,2.62,2,2,,,,0.99,,,26,,,0.99,,280535,0,1.29,UNSUPPORTED_UNIT,"unit nao suportada: ""CT"""
7646,7646,280536,,CT,104.18,2.55,2,2,,,,1.25,,,25,,,1.25,,280536,0,1.63,UNSUPPORTED_UNIT,"unit nao suportada: ""CT"""
7647,7647,280537,,CT,107.47,8.63,2,2,,,,1.29,,,86,,,1.29,,280537,0,1.68,UNSUPPORTED_UNIT,"unit nao suportada: ""CT"""
7648,7648,280538,,CT,42.16,36.69,2,2,,,,0.51,,,366,,,0.51,,280538,0,0.66,UNSUPPORTED_UNIT,"unit nao suportada: ""CT"""
7649,7649,280539,,CT,43.01,14.65,2,2,,,,0.52,,,146,,,0.52,,280539,0,0.68,UNSUPPORTED_UNIT,"unit nao suportada: ""CT"""
7650,7650,280540,,CT,52.12,13.66,2,2,,,,0.63,,,136,,,0.63,,280540,0,0.82,UNSUPPORTED_UNIT,"unit nao suportada: ""CT"""
7651,7651,280541,,CT,57.11,18.16,2,2,,,,0.69,,,181,,,0.69,,280541,0,0.9,UNSUPPORTED_UNIT,"unit nao suportada: ""CT"""
7652,7652,280542,,CT,74.85,20.69,2,2,,,,0.9,,,206,,,0.9,,280542,0,1.17,UNSUPPORTED_UNIT,"unit nao suportada: ""CT"""
7653,7653,280543,,CT,75,5.72,2,2,,,,0.9,,,57,,,0.9,,280543,0,1.17,UNSUPPORTED_UNIT,"unit nao suportada: ""CT"""
7654,7654,280544,,CT,74.25,32.45,2,2,,,,0.89,,,324,,,0.89,,280544,0,1.16,UNSUPPORTED_UNIT,"unit nao suportada: ""CT"""
7655,7655,281429,,CT,82.15,7.85,2,2,,,,0.99,,,78,,,0.99,,281429,0,1.29,UNSUPPORTED_UNIT,"unit nao suportada: ""CT"""
7656,7656,281430,,CT,146.44,0.32,2,2,,,,1.76,,,3,,,1.76,,281430,0,2.29,UNSUPPORTED_UNIT,"unit nao suportada: ""CT"""
7657,7657,281431,,CT,131.4,2.81,2,2,,,,1.58,,,28,,,1.58,,281431,0,2.05,UNSUPPORTED_UNIT,"unit nao suportada: ""CT"""
7658,7658,281432,,CT,146.46,2.7,2,2,,,,1.76,,,27,,,1.76,,281432,0,2.29,UNSUPPORTED_UNIT,"unit nao suportada: ""CT"""
7659,7659,281433,,CT,163.95,1.63,2,2,,,,1.97,,,16,,,1.97,,281433,0,2.56,UNSUPPORTED_UNIT,"unit nao suportada: ""CT"""
7660,7660,281434,,CT,46.63,2.28,2,2,,,,0.56,,,22,,,0.56,,281434,0,0.73,UNSUPPORTED_UNIT,"unit nao suportada: ""CT"""
7661,7661,281435,,CT,80.31,18.76,2,2,,,,0.96,,,187,,,0.96,,281435,0,1.25,UNSUPPORTED_UNIT,"unit nao suportada: ""CT"""
7662,7662,281436,,CT,91.48,9.27,2,2,,,,1.1,,,92,,,1.1,,281436,0,1.43,UNSUPPORTED_UNIT,"unit nao suportada: ""CT"""
7663,7663,281437,,CT,101.34,6.24,2,2,,,,1.22,,,62,,,1.22,,281437,0,1.59,UNSUPPORTED_UNIT,"unit nao suportada: ""CT"""
7664,7664,281438,,CT,130.06,7.83,2,2,,,,1.56,,,78,,,1.56,,281438,0,2.03,UNSUPPORTED_UNIT,"unit nao suportada: ""CT"""
7665,7665,281439,,CT,128.75,3.09,2,2,,,,1.55,,,30,,,1.55,,281439,0,2.02,UNSUPPORTED_UNIT,"unit nao suportada: ""CT"""
7666,7666,281440,,CT,136.02,1.53,2,2,,,,1.63,,,15,,,1.63,,281440,0,2.12,UNSUPPORTED_UNIT,"unit nao suportada: ""CT"""
7667,7667,281441,,CT,158.36,2.36,2,2,,,,1.9,,,23,,,1.9,,281441,0,2.47,UNSUPPORTED_UNIT,"unit nao suportada: ""CT"""
7668,7668,281442,,CT,59.49,10.35,2,2,,,,0.71,,,103,,,0.71,,281442,0,0.92,UNSUPPORTED_UNIT,"unit nao suportada: ""CT"""
7669,7669,281443,,CT,53.48,5.58,2,2,,,,0.64,,,55,,,0.64,,281443,0,0.83,UNSUPPORTED_UNIT,"unit nao suportada: ""CT"""
7670,7670,281444,,CT,5.84,21.1,2,2,,,,0.07,,,211,,,0.07,,281444,0,0.09,UNSUPPORTED_UNIT,"unit nao suportada: ""CT"""
7671,7671,281445,,CT,6.98,10.91,2,2,,,,0.08,,,109,,,0.08,,281445,0,0.1,UNSUPPORTED_UNIT,"unit nao suportada: ""CT"""
7672,7672,281446,,CT,6.6,43.59,2,2,,,,0.08,,,435,,,0.08,,281446,0,0.1,UNSUPPORTED_UNIT,"unit nao suportada: ""CT"""
7673,7673,281447,,CT,6.91,6.01,2,2,,,,0.08,,,60,,,0.08,,281447,0,0.1,UNSUPPORTED_UNIT,"unit nao suportada: ""CT"""
7674,7674,281448,,CT,10.24,0.73,2,2,,,,0.12,,,7,,,0.12,,281448,0,0.16,UNSUPPORTED_UNIT,"unit nao suportada: ""CT"""
7675,7675,281449,,CT,8.02,8.51,2,2,,,,0.1,,,85,,,0.1,,281449,0,0.13,UNSUPPORTED_UNIT,"unit nao suportada: ""CT"""
7676,7676,281450,,CT,8.4,14.08,2,2,,,,0.1,,,140,,,0.1,,281450,0,0.13,UNSUPPORTED_UNIT,"unit nao suportada: ""CT"""
7677,7677,281451,,CT,7.76,15.28,2,2,,,,0.09,,,152,,,0.09,,281451,0,0.12,UNSUPPORTED_UNIT,"unit nao suportada: ""CT"""
7678,7678,281452,,CT,8.65,9.24,2,2,,,,0.1,,,92,,,0.1,,281452,0,0.13,UNSUPPORTED_UNIT,"unit nao suportada: ""CT"""
7679,7679,281453,,CT,9.2,55.83,2,2,,,,0.11,,,558,,,0.11,,281453,0,0.14,UNSUPPORTED_UNIT,"unit nao suportada: ""CT"""
7680,7680,281454,,CT,11.87,15.93,2,2,,,,0.14,,,159,,,0.14,,281454,0,0.18,UNSUPPORTED_UNIT,"unit nao suportada: ""CT"""
7681,7681,281455,,CT,12.08,7.39,2,2,,,,0.14,,,73,,,0.14,,281455,0,0.18,UNSUPPORTED_UNIT,"unit nao suportada: ""CT"""
7682,7682,281456,,CT,12.98,2.96,2,2,,,,0.16,,,29,,,0.16,,281456,0,0.21,UNSUPPORTED_UNIT,"unit nao suportada: ""CT"""
7683,7683,281457,,CT,17.71,1.75,2,2,,,,0.21,,,17,,,0.21,,281457,0,0.27,UNSUPPORTED_UNIT,"unit nao suportada: ""CT"""
7684,7684,281458,,CT,11.07,15.1,2,2,,,,0.13,,,151,,,0.13,,281458,0,0.17,UNSUPPORTED_UNIT,"unit nao suportada: ""CT"""
7685,7685,281459,,CT,9.69,15.59,2,2,,,,0.12,,,155,,,0.12,,281459,0,0.16,UNSUPPORTED_UNIT,"unit nao suportada: ""CT"""
7686,7686,281460,,CT,12.26,5.38,2,2,,,,0.15,,,53,,,0.15,,281460,0,0.2,UNSUPPORTED_UNIT,"unit nao suportada: ""CT"""
7687,7687,281461,,CT,13.21,46.73,2,2,,,,0.16,,,467,,,0.16,,281461,0,0.21,UNSUPPORTED_UNIT,"unit nao suportada: ""CT"""
7688,7688,281462,,CT,14.95,3.11,2,2,,,,0.18,,,31,,,0.18,,281462,0,0.23,UNSUPPORTED_UNIT,"unit nao suportada: ""CT"""
7689,7689,281463,,CT,15.37,13.95,2,2,,,,0.18,,,139,,,0.18,,281463,0,0.23,UNSUPPORTED_UNIT,"unit nao suportada: ""CT"""
7690,7690,281464,,CT,20.63,6.02,2,2,,,,0.25,,,60,,,0.25,,281464,0,0.33,UNSUPPORTED_UNIT,"unit nao suportada: ""CT"""
7691,7691,281465,,CT,13.27,61.6,2,2,,,,0.16,,,616,,,0.16,,281465,0,0.21,UNSUPPORTED_UNIT,"unit nao suportada: ""CT"""
7692,7692,281466,,CT,13.63,209.77,2,2,,,,0.16,,,2097,,,0.16,,281466,0,0.21,UNSUPPORTED_UNIT,"unit nao suportada: ""CT"""
7693,7693,281467,,CT,15.6,113.76,2,2,,,,0.19,,,1137,,,0.19,,281467,0,0.25,UNSUPPORTED_UNIT,"unit nao suportada: ""CT"""
7694,7694,281468,,CT,18.11,45.31,2,2,,,,0.22,,,453,,,0.22,,281468,0,0.29,UNSUPPORTED_UNIT,"unit nao suportada: ""CT"""
7695,7695,281469,,CT,19.49,22.81,2,2,,,,0.23,,,228,,,0.23,,281469,0,0.3,UNSUPPORTED_UNIT,"unit nao suportada: ""CT"""
7696,7696,281470,,CT,21.73,13.09,2,2,,,,0.26,,,130,,,0.26,,281470,0,0.34,UNSUPPORTED_UNIT,"unit nao suportada: ""CT"""
7697,7697,281471,,CT,23.19,23.51,2,2,,,,0.28,,,235,,,0.28,,281471,0,0.36,UNSUPPORTED_UNIT,"unit nao suportada: ""CT"""
7698,7698,281472,,CT,29.58,4.91,2,2,,,,0.35,,,49,,,0.35,,281472,0,0.46,UNSUPPORTED_UNIT,"unit nao suportada: ""CT"""
7699,7699,281473,,CT,32.36,42.83,2,2,,,,0.39,,,428,,,0.39,,281473,0,0.51,UNSUPPORTED_UNIT,"unit nao suportada: ""CT"""
7708,7708,281474,,CT,47.17,104.27,2,2,,,,0.57,,,1042,,,0.57,,281474,0,0.74,UNSUPPORTED_UNIT,"unit nao suportada: ""CT"""
7710,7710,281475,,CT,27.5,80.32,2,2,,,,0.33,,,803,,,0.33,,281475,0,0.43,UNSUPPORTED_UNIT,"unit nao suportada: ""CT"""
7711,7711,281476,,CT,30.56,10.44,2,2,,,,0.37,,,104,,,0.37,,281476,0,0.48,UNSUPPORTED_UNIT,"unit nao suportada: ""CT"""
7712,7712,281477,,CT,33.52,3.718,2,2,,,,0.4,,,37,,,0.4,,281477,0,0.52,UNSUPPORTED_UNIT,"unit nao suportada: ""CT"""
7713,7713,281478,,CT,35.07,9.93,2,2,,,,0.42,,,99,,,0.42,,281478,0,0.55,UNSUPPORTED_UNIT,"unit nao suportada: ""CT"""
7714,7714,281479,,CT,55.03,2.39,2,2,,,,0.66,,,23,,,0.66,,281479,0,0.86,UNSUPPORTED_UNIT,"unit nao suportada: ""CT"""
7715,7715,281480,,CT,71.19,1.36,2,2,,,,0.85,,,13,,,0.85,,281480,0,1.11,UNSUPPORTED_UNIT,"unit nao suportada: ""CT"""
7716,7716,281481,,CT,52.55,7.11,2,2,,,,0.63,,,71,,,0.63,,281481,0,0.82,UNSUPPORTED_UNIT,"unit nao suportada: ""CT"""
7717,7717,281482,,CT,55.25,6.94,2,2,,,,0.66,,,69,,,0.66,,281482,0,0.86,UNSUPPORTED_UNIT,"unit nao suportada: ""CT"""
7718,7718,281483,,CT,34.55,9.82,2,2,,,,0.41,,,98,,,0.41,,281483,0,0.53,UNSUPPORTED_UNIT,"unit nao suportada: ""CT"""
7719,7719,281484,,CT,45.67,-0.07,2,2,,,,0.55,,,0,,,0.55,,281484,0,0.72,UNSUPPORTED_UNIT,"unit nao suportada: ""CT"""
7720,7720,281485,,CT,50.64,29.95,2,2,,,,0.61,,,299,,,0.61,,281485,0,0.79,UNSUPPORTED_UNIT,"unit nao suportada: ""CT"""
7721,7721,281486,,CT,47.26,3.74,2,2,,,,0.57,,,37,,,0.57,,281486,0,0.74,UNSUPPORTED_UNIT,"unit nao suportada: ""CT"""
7722,7722,281487,,CT,60.26,3.61,2,2,,,,0.72,,,36,,,0.72,,281487,0,0.94,UNSUPPORTED_UNIT,"unit nao suportada: ""CT"""
7723,7723,281488,,CT,63.76,4.95,2,2,,,,0.77,,,49,,,0.77,,281488,0,1,UNSUPPORTED_UNIT,"unit nao suportada: ""CT"""
7724,7724,281489,,CT,79.01,9.91,2,2,,,,0.95,,,99,,,0.95,,281489,0,1.24,UNSUPPORTED_UNIT,"unit nao suportada: ""CT"""
7725,7725,281490,,CT,53.63,1.63,2,2,,,,0.64,,,16,,,0.64,,281490,0,0.83,UNSUPPORTED_UNIT,"unit nao suportada: ""CT"""
7726,7726,281491,,CT,51.48,14.56,2,2,,,,0.62,,,145,,,0.62,,281491,0,0.81,UNSUPPORTED_UNIT,"unit nao suportada: ""CT"""
7727,7727,281492,,CT,59.12,33.06,2,2,,,,0.71,,,330,,,0.71,,281492,0,0.92,UNSUPPORTED_UNIT,"unit nao suportada: ""CT"""
7728,7728,281493,,CT,6.18,20.35,2,2,,,,0.07,,,203,,,0.07,,281493,0,0.09,UNSUPPORTED_UNIT,"unit nao suportada: ""CT"""
7729,7729,281494,,CT,6.13,14.43,2,2,,,,0.07,,,144,,,0.07,,281494,0,0.09,UNSUPPORTED_UNIT,"unit nao suportada: ""CT"""
7730,7730,281495,,CT,6.46,31.37,2,2,,,,0.08,,,313,,,0.08,,281495,0,0.1,UNSUPPORTED_UNIT,"unit nao suportada: ""CT"""
7731,7731,281496,,CT,7.05,25.53,2,2,,,,0.08,,,255,,,0.08,,281496,0,0.1,UNSUPPORTED_UNIT,"unit nao suportada: ""CT"""
7732,7732,281497,,CT,14.43,14.83,2,2,,,,0.17,,,148,,,0.17,,281497,0,0.22,UNSUPPORTED_UNIT,"unit nao suportada: ""CT"""
7733,7733,281498,,CT,6.83,39.02,2,2,,,,0.08,,,390,,,0.08,,281498,0,0.1,UNSUPPORTED_UNIT,"unit nao suportada: ""CT"""
7734,7734,281499,,CT,7.18,25.11,2,2,,,,0.09,,,251,,,0.09,,281499,0,0.12,UNSUPPORTED_UNIT,"unit nao suportada: ""CT"""
7735,7735,281500,,CT,8.61,13.49,2,2,,,,0.1,,,134,,,0.1,,281500,0,0.13,UNSUPPORTED_UNIT,"unit nao suportada: ""CT"""
7736,7736,281501,,CT,9.7,52.86,2,2,,,,0.12,,,528,,,0.12,,281501,0,0.16,UNSUPPORTED_UNIT,"unit nao suportada: ""CT"""
7737,7737,281502,,CT,11.82,38.14,2,2,,,,0.14,,,381,,,0.14,,281502,0,0.18,UNSUPPORTED_UNIT,"unit nao suportada: ""CT"""
7738,7738,281503,,CT,13.26,50.47,2,2,,,,0.16,,,504,,,0.16,,281503,0,0.21,UNSUPPORTED_UNIT,"unit nao suportada: ""CT"""
7739,7739,281504,,CT,14.23,29.95,2,2,,,,0.17,,,299,,,0.17,,281504,0,0.22,UNSUPPORTED_UNIT,"unit nao suportada: ""CT"""
7740,7740,281505,,CT,20.28,15.81,2,2,,,,0.24,,,158,,,0.24,,281505,0,0.31,UNSUPPORTED_UNIT,"unit nao suportada: ""CT"""
7741,7741,281506,,CT,10.15,3.28,2,2,,,,0.12,,,32,,,0.12,,281506,0,0.16,UNSUPPORTED_UNIT,"unit nao suportada: ""CT"""
7742,7742,281507,,CT,7.99,5.21,2,2,,,,0.1,,,52,,,0.1,,281507,0,0.13,UNSUPPORTED_UNIT,"unit nao suportada: ""CT"""
7743,7743,281508,,CT,10.47,9.16,2,2,,,,0.13,,,91,,,0.13,,281508,0,0.17,UNSUPPORTED_UNIT,"unit nao suportada: ""CT"""
7744,7744,281509,,CT,14.81,20.6,2,2,,,,0.18,,,206,,,0.18,,281509,0,0.23,UNSUPPORTED_UNIT,"unit nao suportada: ""CT"""
7745,7745,281510,,CT,14.39,76,2,2,,,,0.17,,,760,,,0.17,,281510,0,0.22,UNSUPPORTED_UNIT,"unit nao suportada: ""CT"""
7746,7746,281511,,CT,15.65,4.03,2,2,,,,0.19,,,40,,,0.19,,281511,0,0.25,UNSUPPORTED_UNIT,"unit nao suportada: ""CT"""
7747,7747,281512,,CT,17.16,6.33,2,2,,,,0.21,,,63,,,0.21,,281512,0,0.27,UNSUPPORTED_UNIT,"unit nao suportada: ""CT"""
7748,7748,281513,,CT,20.88,14.83,2,2,,,,0.25,,,148,,,0.25,,281513,0,0.33,UNSUPPORTED_UNIT,"unit nao suportada: ""CT"""
7749,7749,281514,,CT,9.45,3.43,2,2,,,,0.11,,,34,,,0.11,,281514,0,0.14,UNSUPPORTED_UNIT,"unit nao suportada: ""CT"""
7750,7750,281515,,CT,9.79,43.45,2,2,,,,0.12,,,434,,,0.12,,281515,0,0.16,UNSUPPORTED_UNIT,"unit nao suportada: ""CT"""
7751,7751,281516,,CT,12.38,68.288,2,2,,,,0.15,,,682,,,0.15,,281516,0,0.2,UNSUPPORTED_UNIT,"unit nao suportada: ""CT"""
7752,7752,281517,,CT,12.69,23.55,2,2,,,,0.15,,,235,,,0.15,,281517,0,0.2,UNSUPPORTED_UNIT,"unit nao suportada: ""CT"""
7753,7753,281518,,CT,14.01,73.31,2,2,,,,0.17,,,733,,,0.17,,281518,0,0.22,UNSUPPORTED_UNIT,"unit nao suportada: ""CT"""
7754,7754,281519,,CT,15.88,64.49,2,2,,,,0.19,,,644,,,0.19,,281519,0,0.25,UNSUPPORTED_UNIT,"unit nao suportada: ""CT"""
7755,7755,281520,,CT,19.74,60.03,2,2,,,,0.24,,,600,,,0.24,,281520,0,0.31,UNSUPPORTED_UNIT,"unit nao suportada: ""CT"""
7756,7756,281521,,CT,23.09,32.71,2,2,,,,0.28,,,327,,,0.28,,281521,0,0.36,UNSUPPORTED_UNIT,"unit nao suportada: ""CT"""
7757,7757,281522,,CT,33.49,21.48,2,2,,,,0.4,,,214,,,0.4,,281522,0,0.52,UNSUPPORTED_UNIT,"unit nao suportada: ""CT"""
7758,7758,281523,,CT,31.31,9.44,2,2,,,,0.38,,,94,,,0.38,,281523,0,0.49,UNSUPPORTED_UNIT,"unit nao suportada: ""CT"""
7759,7759,281524,,CT,16.86,2.62,2,2,,,,0.2,,,26,,,0.2,,281524,0,0.26,UNSUPPORTED_UNIT,"unit nao suportada: ""CT"""
7760,7760,281525,,CT,18.51,9.48,2,2,,,,0.22,,,94,,,0.22,,281525,0,0.29,UNSUPPORTED_UNIT,"unit nao suportada: ""CT"""
7761,7761,281526,,CT,18.5,5.27,2,2,,,,0.22,,,52,,,0.22,,281526,0,0.29,UNSUPPORTED_UNIT,"unit nao suportada: ""CT"""
7762,7762,281527,,CT,21.81,5.33,2,2,,,,0.26,,,53,,,0.26,,281527,0,0.34,UNSUPPORTED_UNIT,"unit nao suportada: ""CT"""
7763,7763,281528,,CT,22.15,21.2,2,2,,,,0.27,,,212,,,0.27,,281528,0,0.35,UNSUPPORTED_UNIT,"unit nao suportada: ""CT"""
7764,7764,281529,,CT,28.16,20.11,2,2,,,,0.34,,,201,,,0.34,,281529,0,0.44,UNSUPPORTED_UNIT,"unit nao suportada: ""CT"""
7765,7765,281530,,CT,37.97,27.56,2,2,,,,0.46,,,275,,,0.46,,281530,0,0.6,UNSUPPORTED_UNIT,"unit nao suportada: ""CT"""
7766,7766,281531,,CT,37.25,95.61,2,2,,,,0.45,,,956,,,0.45,,281531,0,0.59,UNSUPPORTED_UNIT,"unit nao suportada: ""CT"""
7767,7767,281532,,CT,43.5,18.32,2,2,,,,0.52,,,183,,,0.52,,281532,0,0.68,UNSUPPORTED_UNIT,"unit nao suportada: ""CT"""
7768,7768,281533,,CT,31.68,24.22,2,2,,,,0.38,,,242,,,0.38,,281533,0,0.49,UNSUPPORTED_UNIT,"unit nao suportada: ""CT"""
7769,7769,281534,,CT,51.25,83.88,2,2,,,,0.62,,,838,,,0.62,,281534,0,0.81,UNSUPPORTED_UNIT,"unit nao suportada: ""CT"""
7770,7770,281535,,CT,48.7,68.01,2,2,,,,0.58,,,680,,,0.58,,281535,0,0.75,UNSUPPORTED_UNIT,"unit nao suportada: ""CT"""
7771,7771,281536,,CT,46.28,3.86,2,2,,,,0.56,,,38,,,0.56,,281536,0,0.73,UNSUPPORTED_UNIT,"unit nao suportada: ""CT"""
7772,7772,281537,,CT,68.53,0,2,2,,,,0.82,,,0,,,0.82,,281537,0,1.07,UNSUPPORTED_UNIT,"unit nao suportada: ""CT"""
7773,7773,281538,,CT,55.11,0.99,2,2,,,,0.66,,,9,,,0.66,,281538,0,0.86,UNSUPPORTED_UNIT,"unit nao suportada: ""CT"""
7774,7774,281539,,CT,57.96,7.24,2,2,,,,0.7,,,72,,,0.7,,281539,0,0.91,UNSUPPORTED_UNIT,"unit nao suportada: ""CT"""
7775,7775,281540,,CT,74.69,18.96,2,2,,,,0.9,,,189,,,0.9,,281540,0,1.17,UNSUPPORTED_UNIT,"unit nao suportada: ""CT"""
7776,7776,281541,,CT,26.99,5.13,2,2,,,,0.32,,,51,,,0.32,,281541,0,0.42,UNSUPPORTED_UNIT,"unit nao suportada: ""CT"""
7777,7777,280902,,CT,63.34,10.3,2,2,,,,0.76,,,103,,,0.76,,280902,0,0.99,UNSUPPORTED_UNIT,"unit nao suportada: ""CT"""
7778,7778,280903,,CT,24.23,1.7,2,2,,,,0.29,,,17,,,0.29,,280903,0,0.38,UNSUPPORTED_UNIT,"unit nao suportada: ""CT"""
7779,7779,280904,,CT,43.38,0.95,2,2,,,,0.52,,,9,,,0.52,,280904,0,0.68,UNSUPPORTED_UNIT,"unit nao suportada: ""CT"""
7780,7780,280905,,CT,43.83,-0.58,2,2,,,,0.53,,,0,,,0.53,,280905,0,0.69,UNSUPPORTED_UNIT,"unit nao suportada: ""CT"""
7781,7781,280906,,CT,27.4,68.5,2,2,,,,0.33,,,685,,,0.33,,280906,0,0.43,UNSUPPORTED_UNIT,"unit nao suportada: ""CT"""
7782,7782,280907,,CT,19.29,20.34,2,2,,,,0.23,,,203,,,0.23,,280907,0,0.3,UNSUPPORTED_UNIT,"unit nao suportada: ""CT"""
7783,7783,280908,,CT,70.96,2.22,2,2,,,,0.85,,,22,,,0.85,,280908,0,1.11,UNSUPPORTED_UNIT,"unit nao suportada: ""CT"""
7784,7784,280909,,CT,5.49,26.58,2,2,,,,0.07,,,265,,,0.07,,280909,0,0.09,UNSUPPORTED_UNIT,"unit nao suportada: ""CT"""
7785,7785,280910,,CT,55.97,5.61,2,2,,,,0.67,,,56,,,0.67,,280910,0,0.87,UNSUPPORTED_UNIT,"unit nao suportada: ""CT"""
8028,8028,280933,,CT,3.23,17.07,2,2,,,,0.04,,,170,,,0.04,,280933,0,0.05,UNSUPPORTED_UNIT,"unit nao suportada: ""CT"""
20077,20077,280999,,CT,1.63,115.74,2,2,,,,0.02,,,1157,,,0.02,,280999,0,0.03,UNSUPPORTED_UNIT,"unit nao suportada: ""CT"""
20079,20079,281000,,CT,5.16,9.18,2,2,,,,0.06,,,91,,,0.06,,281000,0,0.08,UNSUPPORTED_UNIT,"unit nao suportada: ""CT"""
20264,20264,281001,,CT,5.76,72.82,2,2,,,,0.07,,,728,,,0.07,,281001,0,0.09,UNSUPPORTED_UNIT,"unit nao suportada: ""CT"""
25237,25237,281021,,CT,62.02,2.46,2,2,,,,0.74,,,24,,,0.74,,281021,0,0.96,UNSUPPORTED_UNIT,"unit nao suportada: ""CT"""
25239,25239,281022,,CT,85.66,-0.57,2,2,,,,1.03,,,0,,,1.03,,281022,0,1.34,UNSUPPORTED_UNIT,"unit nao suportada: ""CT"""
25241,25241,281023,,CT,135.22,3.11,2,2,,,,1.62,,,31,,,1.62,,281023,0,2.11,UNSUPPORTED_UNIT,"unit nao suportada: ""CT"""
25452,25452,281024,,CT,4.01,3.74,2,2,,,,0.05,,,37,,,0.05,,281024,0,0.07,UNSUPPORTED_UNIT,"unit nao suportada: ""CT"""
28521,28521,281047,,CT,115.62,1.96,2,2,,,,1.39,,,19,,,1.39,,281047,0,1.81,UNSUPPORTED_UNIT,"unit nao suportada: ""CT"""
355,355,278142,PC,PC,2.91,-2,2,2,,2.91,,0.03,false,0,0,true,2.91,0.03,false,278142,0,0.04,PRICE_MISMATCH,
304,304,278400,,CT,17.07,16.51,2,2,,,,0.2,,,165,,,0.2,,278400,0,0.26,UNSUPPORTED_UNIT,"unit nao suportada: ""CT"""
309,309,278413,,CT,605.39,-0.35,2,2,,,,7.26,,,0,,,7.26,,278413,0,9.44,UNSUPPORTED_UNIT,"unit nao suportada: ""CT"""
310,310,278405,,CT,49.75,41.12,2,2,,,,0.6,,,411,,,0.6,,278405,0,0.78,UNSUPPORTED_UNIT,"unit nao suportada: ""CT"""
312,312,278402,,CT,31.06,103.58,2,2,,,,0.37,,,1035,,,0.37,,278402,0,0.48,UNSUPPORTED_UNIT,"unit nao suportada: ""CT"""
313,313,278407,,CT,55.33,16.19,2,2,,,,0.66,,,161,,,0.66,,278407,0,0.86,UNSUPPORTED_UNIT,"unit nao suportada: ""CT"""
315,315,278410,,CT,97.07,5.42,2,2,,,,1.16,,,54,,,1.16,,278410,0,1.51,UNSUPPORTED_UNIT,"unit nao suportada: ""CT"""
5490,5490,278409,,CT,97.12,49.12,2,2,,,,1.17,,,491,,,1.17,,278409,0,1.52,UNSUPPORTED_UNIT,"unit nao suportada: ""CT"""
23732,23732,279248,,CT,15.04,30.448,2,2,,,,0.18,,,304,,,0.18,,279248,0,0.23,UNSUPPORTED_UNIT,"unit nao suportada: ""CT"""
305,305,278399,,CT,17.4,339.68,2,2,,,,0.21,,,3396,,,0.21,,278399,0,0.27,UNSUPPORTED_UNIT,"unit nao suportada: ""CT"""
5486,5486,278411,,CT,155.33,129.63,2,2,,,,1.86,,,1296,,,1.86,,278411,0,2.42,UNSUPPORTED_UNIT,"unit nao suportada: ""CT"""
5487,5487,278412,,CT,276.2,2.9,2,2,,,,3.31,,,29,,,3.31,,278412,0,4.3,UNSUPPORTED_UNIT,"unit nao suportada: ""CT"""
5488,5488,278404,,CT,35.19,78.25,2,2,,,,0.42,,,782,,,0.42,,278404,0,0.55,UNSUPPORTED_UNIT,"unit nao suportada: ""CT"""
5489,5489,278406,,CT,54.82,66.474,2,2,,,,0.66,,,664,,,0.66,,278406,0,0.86,UNSUPPORTED_UNIT,"unit nao suportada: ""CT"""
503,503,279133,PC,PC,6.42,42,2,2,,6.42,,0.08,false,42,420,false,6.42,0.08,false,279133,0,0.1,PRICE_AND_STOCK_MISMATCH,
251,251,278136,,CT,32.06,29.96,2,2,,,,0.38,,,299,,,0.38,,278136,0,0.49,UNSUPPORTED_UNIT,"unit nao suportada: ""CT"""
12852,12852,279385,KG,KG,28.33,2008.038,2,2,,,,0.34,,,20080,,,0.34,,279385,0,0.44,CONFIGURATION_REQUIRED,UNIT=KG sem kg_por_caixa cadastrado (nao inventar valor)
17894,17894,279386,PC,PC,2.72,242,2,2,,2.72,,0.03,false,242,2420,false,2.72,0.03,false,279386,0,0.04,PRICE_AND_STOCK_MISMATCH,
12983,12983,278233,PC,PC,3.96,194,2,2,,3.96,,0.05,false,194,1940,false,3.96,0.05,false,278233,0,0.07,PRICE_AND_STOCK_MISMATCH,
24339,24339,278261,PC,PC,21.51,9,2,2,,21.51,,0.26,false,9,90,false,21.51,0.26,false,278261,0,0.34,PRICE_AND_STOCK_MISMATCH,
936,936,278267,,CT,140.04,16.25,2,2,,,,1.68,,,162,,,1.68,,278267,0,2.18,UNSUPPORTED_UNIT,"unit nao suportada: ""CT"""
13064,13064,278285,PC,PC,23.95,283,2,2,,23.95,,0.29,false,283,2830,false,23.95,0.29,false,278285,0,0.38,PRICE_AND_STOCK_MISMATCH,
5691,5691,281340,,CT,1.59,19.21,2,2,,,,0.02,,,192,,,0.02,,281340,0,0.03,UNSUPPORTED_UNIT,"unit nao suportada: ""CT"""
5692,5692,281341,,CT,2.29,287.37,2,2,,,,0.03,,,2873,,,0.03,,281341,0,0.04,UNSUPPORTED_UNIT,"unit nao suportada: ""CT"""
5693,5693,281342,,CT,3.84,26.68,2,2,,,,0.05,,,266,,,0.05,,281342,0,0.07,UNSUPPORTED_UNIT,"unit nao suportada: ""CT"""
5694,5694,281343,,CT,3.46,29.4,2,2,,,,0.04,,,294,,,0.04,,281343,0,0.05,UNSUPPORTED_UNIT,"unit nao suportada: ""CT"""
5695,5695,281344,,CT,5.53,2.36,2,2,,,,0.07,,,23,,,0.07,,281344,0,0.09,UNSUPPORTED_UNIT,"unit nao suportada: ""CT"""
5696,5696,281345,,CT,3.56,6.66,2,2,,,,0.04,,,66,,,0.04,,281345,0,0.05,UNSUPPORTED_UNIT,"unit nao suportada: ""CT"""
5697,5697,281346,,CT,4.51,180.49,2,2,,,,0.05,,,1804,,,0.05,,281346,0,0.07,UNSUPPORTED_UNIT,"unit nao suportada: ""CT"""
5698,5698,281347,,CT,5.13,52.09,2,2,,,,0.06,,,520,,,0.06,,281347,0,0.08,UNSUPPORTED_UNIT,"unit nao suportada: ""CT"""
5699,5699,281348,,CT,6.46,14.68,2,2,,,,0.08,,,146,,,0.08,,281348,0,0.1,UNSUPPORTED_UNIT,"unit nao suportada: ""CT"""
5700,5700,281349,,CT,15.92,820.83,2,2,,,,0.19,,,8208,,,0.19,,281349,0,0.25,UNSUPPORTED_UNIT,"unit nao suportada: ""CT"""
5701,5701,281350,,CT,15.65,249.96,2,2,,,,0.19,,,2499,,,0.19,,281350,0,0.25,UNSUPPORTED_UNIT,"unit nao suportada: ""CT"""
5702,5702,281351,,CT,8.96,30.33,2,2,,,,0.11,,,303,,,0.11,,281351,0,0.14,UNSUPPORTED_UNIT,"unit nao suportada: ""CT"""
5703,5703,281352,,CT,10.25,74.36,2,2,,,,0.12,,,743,,,0.12,,281352,0,0.16,UNSUPPORTED_UNIT,"unit nao suportada: ""CT"""
5704,5704,281353,,CT,9.42,250.6,2,2,,,,0.11,,,2506,,,0.11,,281353,0,0.14,UNSUPPORTED_UNIT,"unit nao suportada: ""CT"""
5705,5705,281354,,CT,10.51,83.37,2,2,,,,0.13,,,833,,,0.13,,281354,0,0.17,UNSUPPORTED_UNIT,"unit nao suportada: ""CT"""
5706,5706,281355,,CT,5.85,402.01,2,2,,,,0.07,,,4020,,,0.07,,281355,0,0.09,UNSUPPORTED_UNIT,"unit nao suportada: ""CT"""
5707,5707,281356,,CT,6.09,212.95,2,2,,,,0.07,,,2129,,,0.07,,281356,0,0.09,UNSUPPORTED_UNIT,"unit nao suportada: ""CT"""
5708,5708,281357,,CT,8.39,331.49,2,2,,,,0.1,,,3314,,,0.1,,281357,0,0.13,UNSUPPORTED_UNIT,"unit nao suportada: ""CT"""
5709,5709,281358,,CT,7.37,18.82,2,2,,,,0.09,,,188,,,0.09,,281358,0,0.12,UNSUPPORTED_UNIT,"unit nao suportada: ""CT"""
5710,5710,281359,,CT,7.9,-0.04,2,2,,,,0.09,,,0,,,0.09,,281359,0,0.12,UNSUPPORTED_UNIT,"unit nao suportada: ""CT"""
5711,5711,281360,,CT,11.7,149.5,2,2,,,,0.14,,,1495,,,0.14,,281360,0,0.18,UNSUPPORTED_UNIT,"unit nao suportada: ""CT"""
5712,5712,281361,,CT,13.92,212.41,2,2,,,,0.17,,,2124,,,0.17,,281361,0,0.22,UNSUPPORTED_UNIT,"unit nao suportada: ""CT"""
5713,5713,281362,,CT,8.84,27.74,2,2,,,,0.11,,,277,,,0.11,,281362,0,0.14,UNSUPPORTED_UNIT,"unit nao suportada: ""CT"""
5714,5714,281363,,CT,6.02,47.05,2,2,,,,0.07,,,470,,,0.07,,281363,0,0.09,UNSUPPORTED_UNIT,"unit nao suportada: ""CT"""
5715,5715,281364,,CT,4.86,71.14,2,2,,,,0.06,,,711,,,0.06,,281364,0,0.08,UNSUPPORTED_UNIT,"unit nao suportada: ""CT"""
5716,5716,281365,,CT,12.02,137.68,2,2,,,,0.14,,,1376,,,0.14,,281365,0,0.18,UNSUPPORTED_UNIT,"unit nao suportada: ""CT"""
5717,5717,281366,,CT,15.21,45.2,2,2,,,,0.18,,,452,,,0.18,,281366,0,0.23,UNSUPPORTED_UNIT,"unit nao suportada: ""CT"""
5718,5718,281367,,CT,2.84,31.7,2,2,,,,0.03,,,317,,,0.03,,281367,0,0.04,UNSUPPORTED_UNIT,"unit nao suportada: ""CT"""
5719,5719,281368,,CT,5.13,40.76,2,2,,,,0.06,,,407,,,0.06,,281368,0,0.08,UNSUPPORTED_UNIT,"unit nao suportada: ""CT"""
5720,5720,281369,,CT,12.64,52.4,2,2,,,,0.15,,,524,,,0.15,,281369,0,0.2,UNSUPPORTED_UNIT,"unit nao suportada: ""CT"""
5721,5721,281370,,CT,7.72,169.61,2,2,,,,0.09,,,1696,,,0.09,,281370,0,0.12,UNSUPPORTED_UNIT,"unit nao suportada: ""CT"""
5722,5722,281371,,CT,9.68,112.02,2,2,,,,0.12,,,1120,,,0.12,,281371,0,0.16,UNSUPPORTED_UNIT,"unit nao suportada: ""CT"""
5723,5723,281372,,CT,6.66,136.1,2,2,,,,0.08,,,1361,,,0.08,,281372,0,0.1,UNSUPPORTED_UNIT,"unit nao suportada: ""CT"""
5724,5724,281373,,CT,24.52,33.56,2,2,,,,0.29,,,335,,,0.29,,281373,0,0.38,UNSUPPORTED_UNIT,"unit nao suportada: ""CT"""
5725,5725,281374,,CT,28.81,31.66,2,2,,,,0.35,,,316,,,0.35,,281374,0,0.46,UNSUPPORTED_UNIT,"unit nao suportada: ""CT"""
5726,5726,281375,,CT,33.58,128.75,2,2,,,,0.4,,,1287,,,0.4,,281375,0,0.52,UNSUPPORTED_UNIT,"unit nao suportada: ""CT"""
5727,5727,281376,,CT,16.37,10.75,2,2,,,,0.2,,,107,,,0.2,,281376,0,0.26,UNSUPPORTED_UNIT,"unit nao suportada: ""CT"""
5729,5729,281377,,CT,3.07,57.06,2,2,,,,0.04,,,570,,,0.04,,281377,0,0.05,UNSUPPORTED_UNIT,"unit nao suportada: ""CT"""
5733,5733,281378,,CT,4.56,11.22,2,2,,,,0.05,,,112,,,0.05,,281378,0,0.07,UNSUPPORTED_UNIT,"unit nao suportada: ""CT"""
5734,5734,281379,,CT,16.69,51.16,2,2,,,,0.2,,,511,,,0.2,,281379,0,0.26,UNSUPPORTED_UNIT,"unit nao suportada: ""CT"""
5735,5735,281380,,CT,5.32,246.37,2,2,,,,0.06,,,2463,,,0.06,,281380,0,0.08,UNSUPPORTED_UNIT,"unit nao suportada: ""CT"""
5736,5736,281381,,CT,23.28,48.61,2,2,,,,0.28,,,486,,,0.28,,281381,0,0.36,UNSUPPORTED_UNIT,"unit nao suportada: ""CT"""
5737,5737,281382,,CT,27.48,34.94,2,2,,,,0.33,,,349,,,0.33,,281382,0,0.43,UNSUPPORTED_UNIT,"unit nao suportada: ""CT"""
5738,5738,281383,,CT,41.76,50.06,2,2,,,,0.5,,,500,,,0.5,,281383,0,0.65,UNSUPPORTED_UNIT,"unit nao suportada: ""CT"""
5739,5739,281384,,CT,4.21,0.65,2,2,,,,0.05,,,6,,,0.05,,281384,0,0.07,UNSUPPORTED_UNIT,"unit nao suportada: ""CT"""
5741,5741,281385,,CT,3.55,39.4,2,2,,,,0.04,,,394,,,0.04,,281385,0,0.05,UNSUPPORTED_UNIT,"unit nao suportada: ""CT"""
5744,5744,281386,,CT,2.46,33.5,2,2,,,,0.03,,,335,,,0.03,,281386,0,0.04,UNSUPPORTED_UNIT,"unit nao suportada: ""CT"""
5745,5745,281387,,CT,4.52,33.46,2,2,,,,0.05,,,334,,,0.05,,281387,0,0.07,UNSUPPORTED_UNIT,"unit nao suportada: ""CT"""
5746,5746,281388,,CT,4.33,127.59,2,2,,,,0.05,,,1275,,,0.05,,281388,0,0.07,UNSUPPORTED_UNIT,"unit nao suportada: ""CT"""
5747,5747,281389,,CT,5.69,11.82,2,2,,,,0.07,,,118,,,0.07,,281389,0,0.09,UNSUPPORTED_UNIT,"unit nao suportada: ""CT"""
5748,5748,281390,,CT,6.04,19.69,2,2,,,,0.07,,,196,,,0.07,,281390,0,0.09,UNSUPPORTED_UNIT,"unit nao suportada: ""CT"""
5749,5749,281391,,CT,7.87,10.4,2,2,,,,0.09,,,104,,,0.09,,281391,0,0.12,UNSUPPORTED_UNIT,"unit nao suportada: ""CT"""
5750,5750,281392,,CT,7.15,9.4,2,2,,,,0.09,,,94,,,0.09,,281392,0,0.12,UNSUPPORTED_UNIT,"unit nao suportada: ""CT"""
5751,5751,281393,,CT,10.03,96.91,2,2,,,,0.12,,,969,,,0.12,,281393,0,0.16,UNSUPPORTED_UNIT,"unit nao suportada: ""CT"""
5752,5752,281394,,CT,9.16,13.63,2,2,,,,0.11,,,136,,,0.11,,281394,0,0.14,UNSUPPORTED_UNIT,"unit nao suportada: ""CT"""
5753,5753,281395,,CT,11.34,3.83,2,2,,,,0.14,,,38,,,0.14,,281395,0,0.18,UNSUPPORTED_UNIT,"unit nao suportada: ""CT"""
5754,5754,281396,,CT,16.13,6.47,2,2,,,,0.19,,,64,,,0.19,,281396,0,0.25,UNSUPPORTED_UNIT,"unit nao suportada: ""CT"""
5755,5755,281397,,CT,14.63,183.23,2,2,,,,0.18,,,1832,,,0.18,,281397,0,0.23,UNSUPPORTED_UNIT,"unit nao suportada: ""CT"""
5756,5756,281398,,CT,12.42,20.32,2,2,,,,0.15,,,203,,,0.15,,281398,0,0.2,UNSUPPORTED_UNIT,"unit nao suportada: ""CT"""
5757,5757,281399,,CT,9.89,16.72,2,2,,,,0.12,,,167,,,0.12,,281399,0,0.16,UNSUPPORTED_UNIT,"unit nao suportada: ""CT"""
5758,5758,281400,,CT,14.65,8.16,2,2,,,,0.18,,,81,,,0.18,,281400,0,0.23,UNSUPPORTED_UNIT,"unit nao suportada: ""CT"""
5759,5759,281401,,CT,8.06,22.79,2,2,,,,0.1,,,227,,,0.1,,281401,0,0.13,UNSUPPORTED_UNIT,"unit nao suportada: ""CT"""
5761,5761,281402,,CT,6.49,24.95,2,2,,,,0.08,,,249,,,0.08,,281402,0,0.1,UNSUPPORTED_UNIT,"unit nao suportada: ""CT"""
5762,5762,281403,,CT,10.38,11.57,2,2,,,,0.12,,,115,,,0.12,,281403,0,0.16,UNSUPPORTED_UNIT,"unit nao suportada: ""CT"""
5764,5764,281404,,CT,7.31,327.67,2,2,,,,0.09,,,3276,,,0.09,,281404,0,0.12,UNSUPPORTED_UNIT,"unit nao suportada: ""CT"""
5765,5765,281405,,CT,4.66,49.4,2,2,,,,0.06,,,494,,,0.06,,281405,0,0.08,UNSUPPORTED_UNIT,"unit nao suportada: ""CT"""
5766,5766,281406,,CT,8.72,50.31,2,2,,,,0.1,,,503,,,0.1,,281406,0,0.13,UNSUPPORTED_UNIT,"unit nao suportada: ""CT"""
5767,5767,281407,,CT,11.06,24.51,2,2,,,,0.13,,,245,,,0.13,,281407,0,0.17,UNSUPPORTED_UNIT,"unit nao suportada: ""CT"""
5768,5768,281408,,CT,7.03,12.26,2,2,,,,0.08,,,122,,,0.08,,281408,0,0.1,UNSUPPORTED_UNIT,"unit nao suportada: ""CT"""
5769,5769,281409,,CT,9.59,28.97,2,2,,,,0.12,,,289,,,0.12,,281409,0,0.16,UNSUPPORTED_UNIT,"unit nao suportada: ""CT"""
5770,5770,281410,,CT,12.4,20.68,2,2,,,,0.15,,,206,,,0.15,,281410,0,0.2,UNSUPPORTED_UNIT,"unit nao suportada: ""CT"""
5771,5771,281411,,CT,12.77,338.23,2,2,,,,0.15,,,3382,,,0.15,,281411,0,0.2,UNSUPPORTED_UNIT,"unit nao suportada: ""CT"""
5772,5772,281412,,CT,9.24,82.48,2,2,,,,0.11,,,824,,,0.11,,281412,0,0.14,UNSUPPORTED_UNIT,"unit nao suportada: ""CT"""
5779,5779,281413,,CT,4.68,64.74,2,2,,,,0.06,,,647,,,0.06,,281413,0,0.08,UNSUPPORTED_UNIT,"unit nao suportada: ""CT"""
1490,1490,280292,,CT,230.08,10.71,2,2,,,,2.76,,,107,,,2.76,,280292,0,3.59,UNSUPPORTED_UNIT,"unit nao suportada: ""CT"""
1615,1615,280885,,CT,10.99,47.5,2,2,,,,0.13,,,475,,,0.13,,280885,0,0.17,UNSUPPORTED_UNIT,"unit nao suportada: ""CT"""
1810,1810,281102,,CT,29.63,9.72,2,2,,,,0.36,,,97,,,0.36,,281102,0,0.47,UNSUPPORTED_UNIT,"unit nao suportada: ""CT"""
1812,1812,281103,,CT,11.93,11.01,2,2,,,,0.14,,,110,,,0.14,,281103,0,0.18,UNSUPPORTED_UNIT,"unit nao suportada: ""CT"""
1941,1941,281104,,CT,56.2,55.04,2,2,,,,0.67,,,550,,,0.67,,281104,0,0.87,UNSUPPORTED_UNIT,"unit nao suportada: ""CT"""
1943,1943,281105,,CT,15.73,244.07,2,2,,,,0.19,,,2440,,,0.19,,281105,0,0.25,UNSUPPORTED_UNIT,"unit nao suportada: ""CT"""
1944,1944,281106,,CT,14.27,25.95,2,2,,,,0.17,,,259,,,0.17,,281106,0,0.22,UNSUPPORTED_UNIT,"unit nao suportada: ""CT"""
1948,1948,281107,,CT,11.68,48.5,2,2,,,,0.14,,,485,,,0.14,,281107,0,0.18,UNSUPPORTED_UNIT,"unit nao suportada: ""CT"""
1953,1953,281108,,CT,534.98,0,2,2,,,,6.42,,,0,,,6.42,,281108,0,8.35,UNSUPPORTED_UNIT,"unit nao suportada: ""CT"""
1960,1960,281109,,CT,61.5,9.81,2,2,,,,0.74,,,98,,,0.74,,281109,0,0.96,UNSUPPORTED_UNIT,"unit nao suportada: ""CT"""
1965,1965,281110,,CT,57.63,0.45,2,2,,,,0.69,,,4,,,0.69,,281110,0,0.9,UNSUPPORTED_UNIT,"unit nao suportada: ""CT"""
2037,2037,281111,,CT,56.87,22.48,2,2,,,,0.68,,,224,,,0.68,,281111,0,0.88,UNSUPPORTED_UNIT,"unit nao suportada: ""CT"""
2446,2446,280200,,CT,14.24,20.39,2,2,,,,0.17,,,203,,,0.17,,280200,0,0.22,UNSUPPORTED_UNIT,"unit nao suportada: ""CT"""
2447,2447,280199,,CT,17.14,5.43,2,2,,,,0.21,,,54,,,0.21,,280199,0,0.27,UNSUPPORTED_UNIT,"unit nao suportada: ""CT"""
2448,2448,280198,,CT,18,69.32,2,2,,,,0.22,,,693,,,0.22,,280198,0,0.29,UNSUPPORTED_UNIT,"unit nao suportada: ""CT"""
2449,2449,280197,,CT,19.21,26.53,2,2,,,,0.23,,,265,,,0.23,,280197,0,0.3,UNSUPPORTED_UNIT,"unit nao suportada: ""CT"""
2450,2450,280196,,CT,19.32,8.08,2,2,,,,0.23,,,80,,,0.23,,280196,0,0.3,UNSUPPORTED_UNIT,"unit nao suportada: ""CT"""
2451,2451,278829,,CT,21.48,10.11,2,2,,,,0.26,,,101,,,0.26,,278829,0,0.34,UNSUPPORTED_UNIT,"unit nao suportada: ""CT"""
2453,2453,279926,,CT,25.36,71.71,2,2,,,,0.3,,,717,,,0.3,,279926,0,0.39,UNSUPPORTED_UNIT,"unit nao suportada: ""CT"""
2454,2454,279366,,CT,25.84,31.28,2,2,,,,0.31,,,312,,,0.31,,279366,0,0.4,UNSUPPORTED_UNIT,"unit nao suportada: ""CT"""
2455,2455,278828,,CT,24.72,3.7,2,2,,,,0.3,,,37,,,0.3,,278828,0,0.39,UNSUPPORTED_UNIT,"unit nao suportada: ""CT"""
2456,2456,278827,,CT,26.85,13.38,2,2,,,,0.32,,,133,,,0.32,,278827,0,0.42,UNSUPPORTED_UNIT,"unit nao suportada: ""CT"""
2457,2457,278826,,CT,35.03,359.24,2,2,,,,0.42,,,3592,,,0.42,,278826,0,0.55,UNSUPPORTED_UNIT,"unit nao suportada: ""CT"""
2458,2458,278825,,CT,37.3,11.95,2,2,,,,0.45,,,119,,,0.45,,278825,0,0.59,UNSUPPORTED_UNIT,"unit nao suportada: ""CT"""
2459,2459,278824,,CT,42.89,10.38,2,2,,,,0.51,,,103,,,0.51,,278824,0,0.66,UNSUPPORTED_UNIT,"unit nao suportada: ""CT"""
2460,2460,279925,,CT,37.05,7.36,2,2,,,,0.44,,,73,,,0.44,,279925,0,0.57,UNSUPPORTED_UNIT,"unit nao suportada: ""CT"""
2461,2461,278823,,CT,45.15,10.7,2,2,,,,0.54,,,107,,,0.54,,278823,0,0.7,UNSUPPORTED_UNIT,"unit nao suportada: ""CT"""
2462,2462,278822,,CT,39.33,10.25,2,2,,,,0.47,,,102,,,0.47,,278822,0,0.61,UNSUPPORTED_UNIT,"unit nao suportada: ""CT"""
2463,2463,278821,,CT,44.12,12.09,2,2,,,,0.53,,,120,,,0.53,,278821,0,0.69,UNSUPPORTED_UNIT,"unit nao suportada: ""CT"""
2464,2464,278820,,CT,47.97,21.56,2,2,,,,0.58,,,215,,,0.58,,278820,0,0.75,UNSUPPORTED_UNIT,"unit nao suportada: ""CT"""
2465,2465,280195,,CT,49.21,0.2,2,2,,,,0.59,,,2,,,0.59,,280195,0,0.77,UNSUPPORTED_UNIT,"unit nao suportada: ""CT"""
2466,2466,281112,,CT,58.35,5.46,2,2,,,,0.7,,,54,,,0.7,,281112,0,0.91,UNSUPPORTED_UNIT,"unit nao suportada: ""CT"""
2467,2467,280194,,CT,36.06,17.19,2,2,,,,0.43,,,171,,,0.43,,280194,0,0.56,UNSUPPORTED_UNIT,"unit nao suportada: ""CT"""
2468,2468,280193,,CT,47.47,15.56,2,2,,,,0.57,,,155,,,0.57,,280193,0,0.74,UNSUPPORTED_UNIT,"unit nao suportada: ""CT"""
2469,2469,279442,,CT,42.49,4.2,2,2,,,,0.51,,,42,,,0.51,,279442,0,0.66,UNSUPPORTED_UNIT,"unit nao suportada: ""CT"""
2470,2470,279441,,CT,54.84,21.5,2,2,,,,0.66,,,215,,,0.66,,279441,0,0.86,UNSUPPORTED_UNIT,"unit nao suportada: ""CT"""
2471,2471,279440,,CT,49.9,10.6,2,2,,,,0.6,,,106,,,0.6,,279440,0,0.78,UNSUPPORTED_UNIT,"unit nao suportada: ""CT"""
2472,2472,279439,,CT,53.74,7.63,2,2,,,,0.64,,,76,,,0.64,,279439,0,0.83,UNSUPPORTED_UNIT,"unit nao suportada: ""CT"""
2473,2473,279438,,CT,56.61,33.95,2,2,,,,0.68,,,339,,,0.68,,279438,0,0.88,UNSUPPORTED_UNIT,"unit nao suportada: ""CT"""
2474,2474,279437,,CT,77.85,4.59,2,2,,,,0.93,,,45,,,0.93,,279437,0,1.21,UNSUPPORTED_UNIT,"unit nao suportada: ""CT"""
2475,2475,279436,,CT,63.33,8.77,2,2,,,,0.76,,,87,,,0.76,,279436,0,0.99,UNSUPPORTED_UNIT,"unit nao suportada: ""CT"""
2476,2476,279435,,CT,72.92,13.2,2,2,,,,0.88,,,132,,,0.88,,279435,0,1.14,UNSUPPORTED_UNIT,"unit nao suportada: ""CT"""
2477,2477,279434,,CT,78.69,16.06,2,2,,,,0.94,,,160,,,0.94,,279434,0,1.22,UNSUPPORTED_UNIT,"unit nao suportada: ""CT"""
2478,2478,279433,,CT,87.8,3.6,2,2,,,,1.05,,,36,,,1.05,,279433,0,1.37,UNSUPPORTED_UNIT,"unit nao suportada: ""CT"""
2479,2479,279432,,CT,92.1,14.02,2,2,,,,1.11,,,140,,,1.11,,279432,0,1.44,UNSUPPORTED_UNIT,"unit nao suportada: ""CT"""
2480,2480,279431,,CT,120.43,5.96,2,2,,,,1.45,,,59,,,1.45,,279431,0,1.89,UNSUPPORTED_UNIT,"unit nao suportada: ""CT"""
2481,2481,279430,,CT,107.46,23.66,2,2,,,,1.29,,,236,,,1.29,,279430,0,1.68,UNSUPPORTED_UNIT,"unit nao suportada: ""CT"""
2482,2482,279429,,CT,133.59,3.97,2,2,,,,1.6,,,39,,,1.6,,279429,0,2.08,UNSUPPORTED_UNIT,"unit nao suportada: ""CT"""
2483,2483,279428,,CT,154.95,9.53,2,2,,,,1.86,,,95,,,1.86,,279428,0,2.42,UNSUPPORTED_UNIT,"unit nao suportada: ""CT"""
2484,2484,279427,,CT,138,10.99,2,2,,,,1.66,,,109,,,1.66,,279427,0,2.16,UNSUPPORTED_UNIT,"unit nao suportada: ""CT"""
2485,2485,279426,,CT,139.29,5.992,2,2,,,,1.67,,,59,,,1.67,,279426,0,2.17,UNSUPPORTED_UNIT,"unit nao suportada: ""CT"""
2486,2486,278819,,CT,180.65,11.47,2,2,,,,2.17,,,114,,,2.17,,278819,0,2.82,UNSUPPORTED_UNIT,"unit nao suportada: ""CT"""
2487,2487,279283,,CT,169.49,1.35,2,2,,,,2.03,,,13,,,2.03,,279283,0,2.64,UNSUPPORTED_UNIT,"unit nao suportada: ""CT"""
2488,2488,278818,,CT,213.54,23.44,2,2,,,,2.56,,,234,,,2.56,,278818,0,3.33,UNSUPPORTED_UNIT,"unit nao suportada: ""CT"""
2489,2489,278817,,CT,177.35,3.19,2,2,,,,2.13,,,31,,,2.13,,278817,0,2.77,UNSUPPORTED_UNIT,"unit nao suportada: ""CT"""
2490,2490,278816,,CT,63.03,19.55,2,2,,,,0.76,,,195,,,0.76,,278816,0,0.99,UNSUPPORTED_UNIT,"unit nao suportada: ""CT"""
2491,2491,279272,,CT,71.78,28.97,2,2,,,,0.86,,,289,,,0.86,,279272,0,1.12,UNSUPPORTED_UNIT,"unit nao suportada: ""CT"""
2492,2492,278815,,CT,68.49,2.24,2,2,,,,0.82,,,22,,,0.82,,278815,0,1.07,UNSUPPORTED_UNIT,"unit nao suportada: ""CT"""
2493,2493,279269,,CT,76.79,3.6,2,2,,,,0.92,,,36,,,0.92,,279269,0,1.2,UNSUPPORTED_UNIT,"unit nao suportada: ""CT"""
2494,2494,279924,,CT,75.82,4.434,2,2,,,,0.91,,,44,,,0.91,,279924,0,1.18,UNSUPPORTED_UNIT,"unit nao suportada: ""CT"""
2495,2495,278797,,CT,99.58,3.08,2,2,,,,1.19,,,30,,,1.19,,278797,0,1.55,UNSUPPORTED_UNIT,"unit nao suportada: ""CT"""
2496,2496,279368,,CT,90.49,3.19,2,2,,,,1.09,,,31,,,1.09,,279368,0,1.42,UNSUPPORTED_UNIT,"unit nao suportada: ""CT"""
2497,2497,279288,,CT,111.18,6.06,2,2,,,,1.33,,,60,,,1.33,,279288,0,1.73,UNSUPPORTED_UNIT,"unit nao suportada: ""CT"""
2498,2498,278814,,CT,115.81,0.4,2,2,,,,1.39,,,4,,,1.39,,278814,0,1.81,UNSUPPORTED_UNIT,"unit nao suportada: ""CT"""
2499,2499,278813,,CT,105.55,13.59,2,2,,,,1.27,,,135,,,1.27,,278813,0,1.65,UNSUPPORTED_UNIT,"unit nao suportada: ""CT"""
2500,2500,279923,,CT,113.22,22.9,2,2,,,,1.36,,,229,,,1.36,,279923,0,1.77,UNSUPPORTED_UNIT,"unit nao suportada: ""CT"""
2501,2501,278812,,CT,126.65,26.5,2,2,,,,1.52,,,265,,,1.52,,278812,0,1.98,UNSUPPORTED_UNIT,"unit nao suportada: ""CT"""
2502,2502,279922,,CT,133.95,11.85,2,2,,,,1.61,,,118,,,1.61,,279922,0,2.09,UNSUPPORTED_UNIT,"unit nao suportada: ""CT"""
2503,2503,278811,,CT,145.47,5.25,2,2,,,,1.75,,,52,,,1.75,,278811,0,2.28,UNSUPPORTED_UNIT,"unit nao suportada: ""CT"""
2504,2504,278810,,CT,163.22,2.22,2,2,,,,1.96,,,22,,,1.96,,278810,0,2.55,UNSUPPORTED_UNIT,"unit nao suportada: ""CT"""
2505,2505,278809,,CT,180.79,5.46,2,2,,,,2.17,,,54,,,2.17,,278809,0,2.82,UNSUPPORTED_UNIT,"unit nao suportada: ""CT"""
2506,2506,278808,,CT,183.17,2.49,2,2,,,,2.2,,,24,,,2.2,,278808,0,2.86,UNSUPPORTED_UNIT,"unit nao suportada: ""CT"""
2507,2507,278807,,CT,237.02,12.77,2,2,,,,2.84,,,127,,,2.84,,278807,0,3.69,UNSUPPORTED_UNIT,"unit nao suportada: ""CT"""
2508,2508,278806,,CT,249.77,67.79,2,2,,,,3,,,677,,,3,,278806,0,3.9,UNSUPPORTED_UNIT,"unit nao suportada: ""CT"""
2509,2509,278805,,CT,266.74,4.32,2,2,,,,3.2,,,43,,,3.2,,278805,0,4.16,UNSUPPORTED_UNIT,"unit nao suportada: ""CT"""
2510,2510,278804,,CT,237.9,8.09,2,2,,,,2.85,,,80,,,2.85,,278804,0,3.71,UNSUPPORTED_UNIT,"unit nao suportada: ""CT"""
2511,2511,278803,,CT,260.09,1.14,2,2,,,,3.12,,,11,,,3.12,,278803,0,4.06,UNSUPPORTED_UNIT,"unit nao suportada: ""CT"""
2512,2512,278802,,CT,268.22,5.54,2,2,,,,3.22,,,55,,,3.22,,278802,0,4.19,UNSUPPORTED_UNIT,"unit nao suportada: ""CT"""
2513,2513,279355,,CT,320.68,-1.19,2,2,,,,3.85,,,0,,,3.85,,279355,0,5.01,UNSUPPORTED_UNIT,"unit nao suportada: ""CT"""
2514,2514,278801,,CT,275.39,-0.17,2,2,,,,3.3,,,0,,,3.3,,278801,0,4.29,UNSUPPORTED_UNIT,"unit nao suportada: ""CT"""
2515,2515,278800,,CT,965.62,-0.37,2,2,,,,11.59,,,0,,,11.59,,278800,0,15.07,UNSUPPORTED_UNIT,"unit nao suportada: ""CT"""
2516,2516,279980,,CT,345.23,1.75,2,2,,,,4.14,,,17,,,4.14,,279980,0,5.38,UNSUPPORTED_UNIT,"unit nao suportada: ""CT"""
2517,2517,278799,,CT,736.34,1.27,2,2,,,,8.84,,,12,,,8.84,,278799,0,11.49,UNSUPPORTED_UNIT,"unit nao suportada: ""CT"""
2518,2518,278798,,CT,1182.19,0.53,2,2,,,,14.19,,,5,,,14.19,,278798,0,18.45,UNSUPPORTED_UNIT,"unit nao suportada: ""CT"""
2519,2519,279921,,CT,93.32,1.66,2,2,,,,1.12,,,16,,,1.12,,279921,0,1.46,UNSUPPORTED_UNIT,"unit nao suportada: ""CT"""
2520,2520,279457,,CT,187.52,3.14,2,2,,,,2.25,,,31,,,2.25,,279457,0,2.93,UNSUPPORTED_UNIT,"unit nao suportada: ""CT"""
2521,2521,279458,,CT,198.52,0.86,2,2,,,,2.38,,,8,,,2.38,,279458,0,3.09,UNSUPPORTED_UNIT,"unit nao suportada: ""CT"""
2522,2522,279920,,CT,125.79,2.52,2,2,,,,1.51,,,25,,,1.51,,279920,0,1.96,UNSUPPORTED_UNIT,"unit nao suportada: ""CT"""
2523,2523,279919,,CT,169.27,2.44,2,2,,,,2.03,,,24,,,2.03,,279919,0,2.64,UNSUPPORTED_UNIT,"unit nao suportada: ""CT"""
2524,2524,280192,,CT,207.92,0.42,2,2,,,,2.5,,,4,,,2.5,,280192,0,3.25,UNSUPPORTED_UNIT,"unit nao suportada: ""CT"""
2525,2525,280191,,CT,185.42,5.9,2,2,,,,2.23,,,59,,,2.23,,280191,0,2.9,UNSUPPORTED_UNIT,"unit nao suportada: ""CT"""
2526,2526,280190,,CT,220.12,4.19,2,2,,,,2.64,,,41,,,2.64,,280190,0,3.43,UNSUPPORTED_UNIT,"unit nao suportada: ""CT"""
2527,2527,280189,,CT,200,4.23,2,2,,,,2.4,,,42,,,2.4,,280189,0,3.12,UNSUPPORTED_UNIT,"unit nao suportada: ""CT"""
2528,2528,280188,,CT,263.08,1.67,2,2,,,,3.16,,,16,,,3.16,,280188,0,4.11,UNSUPPORTED_UNIT,"unit nao suportada: ""CT"""
2529,2529,280187,,CT,237.1,3.17,2,2,,,,2.85,,,31,,,2.85,,280187,0,3.71,UNSUPPORTED_UNIT,"unit nao suportada: ""CT"""
2530,2530,280186,,CT,252.31,5.29,2,2,,,,3.03,,,52,,,3.03,,280186,0,3.94,UNSUPPORTED_UNIT,"unit nao suportada: ""CT"""
2531,2531,280185,,CT,324.57,0,2,2,,,,3.89,,,0,,,3.89,,280185,0,5.06,UNSUPPORTED_UNIT,"unit nao suportada: ""CT"""
2532,2532,280184,,CT,300.93,1.3,2,2,,,,3.61,,,13,,,3.61,,280184,0,4.69,UNSUPPORTED_UNIT,"unit nao suportada: ""CT"""
2533,2533,280183,,CT,403.47,2.95,2,2,,,,4.84,,,29,,,4.84,,280183,0,6.29,UNSUPPORTED_UNIT,"unit nao suportada: ""CT"""
2534,2534,280182,,CT,427.74,5.74,2,2,,,,5.13,,,57,,,5.13,,280182,0,6.67,UNSUPPORTED_UNIT,"unit nao suportada: ""CT"""
2535,2535,280181,,CT,426.98,1.07,2,2,,,,5.12,,,10,,,5.12,,280181,0,6.66,UNSUPPORTED_UNIT,"unit nao suportada: ""CT"""
2536,2536,280180,,CT,399.6,42.46,2,2,,,,4.8,,,424,,,4.8,,280180,0,6.24,UNSUPPORTED_UNIT,"unit nao suportada: ""CT"""
2537,2537,280179,,CT,463.32,1.4,2,2,,,,5.56,,,14,,,5.56,,280179,0,7.23,UNSUPPORTED_UNIT,"unit nao suportada: ""CT"""
2538,2538,280178,,CT,413.79,27.27,2,2,,,,4.97,,,272,,,4.97,,280178,0,6.46,UNSUPPORTED_UNIT,"unit nao suportada: ""CT"""
2539,2539,280177,,CT,433.48,0.62,2,2,,,,5.2,,,6,,,5.2,,280177,0,6.76,UNSUPPORTED_UNIT,"unit nao suportada: ""CT"""
2540,2540,280176,,CT,573.62,0,2,2,,,,6.88,,,0,,,6.88,,280176,0,8.94,UNSUPPORTED_UNIT,"unit nao suportada: ""CT"""
2541,2541,280175,,CT,612.66,0.7,2,2,,,,7.35,,,7,,,7.35,,280175,0,9.56,UNSUPPORTED_UNIT,"unit nao suportada: ""CT"""
2542,2542,280174,,CT,653.65,0.61,2,2,,,,7.84,,,6,,,7.84,,280174,0,10.19,UNSUPPORTED_UNIT,"unit nao suportada: ""CT"""
2543,2543,280173,,CT,1852.53,1.14,2,2,,,,22.23,,,11,,,22.23,,280173,0,28.9,UNSUPPORTED_UNIT,"unit nao suportada: ""CT"""
2544,2544,280172,,CT,2267.27,6.23,2,2,,,,27.21,,,62,,,27.21,,280172,0,35.37,UNSUPPORTED_UNIT,"unit nao suportada: ""CT"""
2545,2545,280171,,CT,2151.64,6.07,2,2,,,,25.82,,,60,,,25.82,,280171,0,33.57,UNSUPPORTED_UNIT,"unit nao suportada: ""CT"""
2546,2546,280170,,CT,254.12,1.94,2,2,,,,3.05,,,19,,,3.05,,280170,0,3.97,UNSUPPORTED_UNIT,"unit nao suportada: ""CT"""
2547,2547,280169,,CT,280.92,-0.09,2,2,,,,3.37,,,0,,,3.37,,280169,0,4.38,UNSUPPORTED_UNIT,"unit nao suportada: ""CT"""
2548,2548,280168,,CT,375.06,0.81,2,2,,,,4.5,,,8,,,4.5,,280168,0,5.85,UNSUPPORTED_UNIT,"unit nao suportada: ""CT"""
2549,2549,280167,,CT,320.79,-1.16,2,2,,,,3.85,,,0,,,3.85,,280167,0,5.01,UNSUPPORTED_UNIT,"unit nao suportada: ""CT"""
2550,2550,280166,,CT,366.93,-0.16,2,2,,,,4.4,,,0,,,4.4,,280166,0,5.72,UNSUPPORTED_UNIT,"unit nao suportada: ""CT"""
2551,2551,280165,,CT,478.3,-0.51,2,2,,,,5.74,,,0,,,5.74,,280165,0,7.46,UNSUPPORTED_UNIT,"unit nao suportada: ""CT"""
2552,2552,280164,,CT,447.83,-3.57,2,2,,,,5.37,,,0,,,5.37,,280164,0,6.98,UNSUPPORTED_UNIT,"unit nao suportada: ""CT"""
2553,2553,280163,,CT,433.81,-1.93,2,2,,,,5.21,,,0,,,5.21,,280163,0,6.77,UNSUPPORTED_UNIT,"unit nao suportada: ""CT"""
2554,2554,278969,,CT,550.78,-0.14,2,2,,,,6.61,,,0,,,6.61,,278969,0,8.59,UNSUPPORTED_UNIT,"unit nao suportada: ""CT"""
2575,2575,280162,,CT,24.49,0,2,2,,,,0.29,,,0,,,0.29,,280162,0,0.38,UNSUPPORTED_UNIT,"unit nao suportada: ""CT"""
2576,2576,280161,,CT,26.8,10.78,2,2,,,,0.32,,,107,,,0.32,,280161,0,0.42,UNSUPPORTED_UNIT,"unit nao suportada: ""CT"""
2577,2577,280160,,CT,26.94,13.52,2,2,,,,0.32,,,135,,,0.32,,280160,0,0.42,UNSUPPORTED_UNIT,"unit nao suportada: ""CT"""
2578,2578,280159,,CT,34.11,6.33,2,2,,,,0.41,,,63,,,0.41,,280159,0,0.53,UNSUPPORTED_UNIT,"unit nao suportada: ""CT"""
2579,2579,281113,,CT,38.12,0.85,2,2,,,,0.46,,,8,,,0.46,,281113,0,0.6,UNSUPPORTED_UNIT,"unit nao suportada: ""CT"""
2580,2580,281114,,CT,41.66,32,2,2,,,,0.5,,,320,,,0.5,,281114,0,0.65,UNSUPPORTED_UNIT,"unit nao suportada: ""CT"""
2581,2581,280158,,CT,36.67,6.52,2,2,,,,0.44,,,65,,,0.44,,280158,0,0.57,UNSUPPORTED_UNIT,"unit nao suportada: ""CT"""
2582,2582,280157,,CT,46.31,11.19,2,2,,,,0.56,,,111,,,0.56,,280157,0,0.73,UNSUPPORTED_UNIT,"unit nao suportada: ""CT"""
2583,2583,280156,,CT,46.7,-5.65,2,2,,,,0.56,,,0,,,0.56,,280156,0,0.73,UNSUPPORTED_UNIT,"unit nao suportada: ""CT"""
2584,2584,280155,,CT,49.83,19.11,2,2,,,,0.6,,,191,,,0.6,,280155,0,0.78,UNSUPPORTED_UNIT,"unit nao suportada: ""CT"""
2585,2585,280154,,CT,61.06,34.76,2,2,,,,0.73,,,347,,,0.73,,280154,0,0.95,UNSUPPORTED_UNIT,"unit nao suportada: ""CT"""
2586,2586,280153,,CT,55.33,-1.36,2,2,,,,0.66,,,0,,,0.66,,280153,0,0.86,UNSUPPORTED_UNIT,"unit nao suportada: ""CT"""
2587,2587,280152,,CT,61.1,6.38,2,2,,,,0.73,,,63,,,0.73,,280152,0,0.95,UNSUPPORTED_UNIT,"unit nao suportada: ""CT"""
2588,2588,280151,,CT,66.33,11.21,2,2,,,,0.8,,,112,,,0.8,,280151,0,1.04,UNSUPPORTED_UNIT,"unit nao suportada: ""CT"""
2589,2589,280150,,CT,71.19,13.4,2,2,,,,0.85,,,134,,,0.85,,280150,0,1.11,UNSUPPORTED_UNIT,"unit nao suportada: ""CT"""
2590,2590,280149,,CT,81.5,10.78,2,2,,,,0.98,,,107,,,0.98,,280149,0,1.27,UNSUPPORTED_UNIT,"unit nao suportada: ""CT"""
2591,2591,280148,,CT,84.29,65.29,2,2,,,,1.01,,,652,,,1.01,,280148,0,1.31,UNSUPPORTED_UNIT,"unit nao suportada: ""CT"""
2592,2592,280147,,CT,91.12,42.6,2,2,,,,1.09,,,426,,,1.09,,280147,0,1.42,UNSUPPORTED_UNIT,"unit nao suportada: ""CT"""
2593,2593,279325,,CT,99.66,42.97,2,2,,,,1.2,,,429,,,1.2,,279325,0,1.56,UNSUPPORTED_UNIT,"unit nao suportada: ""CT"""
2594,2594,280146,,CT,102.75,65.96,2,2,,,,1.23,,,659,,,1.23,,280146,0,1.6,UNSUPPORTED_UNIT,"unit nao suportada: ""CT"""
2595,2595,280144,,CT,117.44,13.216,2,2,,,,1.41,,,132,,,1.41,,280144,0,1.83,UNSUPPORTED_UNIT,"unit nao suportada: ""CT"""
2596,2596,280145,,CT,137.07,0.62,2,2,,,,1.64,,,6,,,1.64,,280145,0,2.13,UNSUPPORTED_UNIT,"unit nao suportada: ""CT"""
2597,2597,280143,,CT,25.8,9.13,2,2,,,,0.31,,,91,,,0.31,,280143,0,0.4,UNSUPPORTED_UNIT,"unit nao suportada: ""CT"""
2603,2603,280142,,CT,134.89,17.89,2,2,,,,1.62,,,178,,,1.62,,280142,0,2.11,UNSUPPORTED_UNIT,"unit nao suportada: ""CT"""
2604,2604,280141,,CT,148.66,18.47,2,2,,,,1.78,,,184,,,1.78,,280141,0,2.31,UNSUPPORTED_UNIT,"unit nao suportada: ""CT"""
2605,2605,280140,,CT,165.18,9.92,2,2,,,,1.98,,,99,,,1.98,,280140,0,2.57,UNSUPPORTED_UNIT,"unit nao suportada: ""CT"""
2606,2606,280139,,CT,187.2,2.56,2,2,,,,2.25,,,25,,,2.25,,280139,0,2.93,UNSUPPORTED_UNIT,"unit nao suportada: ""CT"""
2607,2607,280138,,CT,216.11,6.23,2,2,,,,2.59,,,62,,,2.59,,280138,0,3.37,UNSUPPORTED_UNIT,"unit nao suportada: ""CT"""
2608,2608,280137,,CT,231.25,4.72,2,2,,,,2.78,,,47,,,2.78,,280137,0,3.61,UNSUPPORTED_UNIT,"unit nao suportada: ""CT"""
2645,2645,280136,,CT,73.02,4.7,2,2,,,,0.88,,,47,,,0.88,,280136,0,1.14,UNSUPPORTED_UNIT,"unit nao suportada: ""CT"""
2646,2646,280135,,CT,130.99,3.93,2,2,,,,1.57,,,39,,,1.57,,280135,0,2.04,UNSUPPORTED_UNIT,"unit nao suportada: ""CT"""
2654,2654,280134,,CT,133.57,-1.07,2,2,,,,1.6,,,0,,,1.6,,280134,0,2.08,UNSUPPORTED_UNIT,"unit nao suportada: ""CT"""
2655,2655,280133,,CT,241.63,1.35,2,2,,,,2.9,,,13,,,2.9,,280133,0,3.77,UNSUPPORTED_UNIT,"unit nao suportada: ""CT"""
2656,2656,280132,,CT,40.11,2.58,2,2,,,,0.48,,,25,,,0.48,,280132,0,0.62,UNSUPPORTED_UNIT,"unit nao suportada: ""CT"""
6701,6701,281425,,CT,140.31,0.35,2,2,,,,1.68,,,3,,,1.68,,281425,0,2.18,UNSUPPORTED_UNIT,"unit nao suportada: ""CT"""
6708,6708,281426,,CT,77.07,36.93,2,2,,,,0.92,,,369,,,0.92,,281426,0,1.2,UNSUPPORTED_UNIT,"unit nao suportada: ""CT"""
6719,6719,281427,,CT,311.47,6.43,2,2,,,,3.74,,,64,,,3.74,,281427,0,4.86,UNSUPPORTED_UNIT,"unit nao suportada: ""CT"""
7408,7408,281428,,CT,96.78,9.46,2,2,,,,1.16,,,94,,,1.16,,281428,0,1.51,UNSUPPORTED_UNIT,"unit nao suportada: ""CT"""
7786,7786,280911,,CT,56.46,1.54,2,2,,,,0.68,,,15,,,0.68,,280911,0,0.88,UNSUPPORTED_UNIT,"unit nao suportada: ""CT"""
7787,7787,280912,,CT,106.79,1.42,2,2,,,,1.28,,,14,,,1.28,,280912,0,1.66,UNSUPPORTED_UNIT,"unit nao suportada: ""CT"""
7788,7788,280913,,CT,87.78,8.91,2,2,,,,1.05,,,89,,,1.05,,280913,0,1.37,UNSUPPORTED_UNIT,"unit nao suportada: ""CT"""
7789,7789,280914,,CT,95.23,2.5,2,2,,,,1.14,,,25,,,1.14,,280914,0,1.48,UNSUPPORTED_UNIT,"unit nao suportada: ""CT"""
7790,7790,280915,,CT,49.14,1.43,2,2,,,,0.59,,,14,,,0.59,,280915,0,0.77,UNSUPPORTED_UNIT,"unit nao suportada: ""CT"""
7791,7791,280916,,CT,47.49,2.06,2,2,,,,0.57,,,20,,,0.57,,280916,0,0.74,UNSUPPORTED_UNIT,"unit nao suportada: ""CT"""
7792,7792,280917,,CT,56.7,4.02,2,2,,,,0.68,,,40,,,0.68,,280917,0,0.88,UNSUPPORTED_UNIT,"unit nao suportada: ""CT"""
7793,7793,280918,,CT,73.62,37.12,2,2,,,,0.88,,,371,,,0.88,,280918,0,1.14,UNSUPPORTED_UNIT,"unit nao suportada: ""CT"""
7794,7794,280919,,CT,85.11,84.61,2,2,,,,1.02,,,846,,,1.02,,280919,0,1.33,UNSUPPORTED_UNIT,"unit nao suportada: ""CT"""
7795,7795,280920,,CT,179.69,0.74,2,2,,,,2.16,,,7,,,2.16,,280920,0,2.81,UNSUPPORTED_UNIT,"unit nao suportada: ""CT"""
7796,7796,280921,,CT,132.04,0.99,2,2,,,,1.58,,,9,,,1.58,,280921,0,2.05,UNSUPPORTED_UNIT,"unit nao suportada: ""CT"""
7797,7797,280922,,CT,152.02,1.96,2,2,,,,1.82,,,19,,,1.82,,280922,0,2.37,UNSUPPORTED_UNIT,"unit nao suportada: ""CT"""
7798,7798,280923,,CT,167.7,20.73,2,2,,,,2.01,,,207,,,2.01,,280923,0,2.61,UNSUPPORTED_UNIT,"unit nao suportada: ""CT"""
7799,7799,280924,,CT,222.62,2.38,2,2,,,,2.67,,,23,,,2.67,,280924,0,3.47,UNSUPPORTED_UNIT,"unit nao suportada: ""CT"""
7800,7800,280925,,CT,259.27,1.51,2,2,,,,3.11,,,15,,,3.11,,280925,0,4.04,UNSUPPORTED_UNIT,"unit nao suportada: ""CT"""
7801,7801,280926,,CT,266.01,0.97,2,2,,,,3.19,,,9,,,3.19,,280926,0,4.15,UNSUPPORTED_UNIT,"unit nao suportada: ""CT"""
7802,7802,280927,,CT,332.27,1.64,2,2,,,,3.99,,,16,,,3.99,,280927,0,5.19,UNSUPPORTED_UNIT,"unit nao suportada: ""CT"""
7803,7803,280928,,CT,512.95,1.5,2,2,,,,6.16,,,15,,,6.16,,280928,0,8.01,UNSUPPORTED_UNIT,"unit nao suportada: ""CT"""
7804,7804,280929,,CT,752.64,5.47,2,2,,,,9.03,,,54,,,9.03,,280929,0,11.74,UNSUPPORTED_UNIT,"unit nao suportada: ""CT"""
7805,7805,280930,,CT,188.39,5.47,2,2,,,,2.26,,,54,,,2.26,,280930,0,2.94,UNSUPPORTED_UNIT,"unit nao suportada: ""CT"""
7806,7806,280931,,CT,106.4,5,2,2,,,,1.28,,,50,,,1.28,,280931,0,1.66,UNSUPPORTED_UNIT,"unit nao suportada: ""CT"""
7807,7807,280932,,CT,138.42,16.63,2,2,,,,1.66,,,166,,,1.66,,280932,0,2.16,UNSUPPORTED_UNIT,"unit nao suportada: ""CT"""
7808,7808,279482,,CT,74.05,4.65,2,2,,,,0.89,,,46,,,0.89,,279482,0,1.16,UNSUPPORTED_UNIT,"unit nao suportada: ""CT"""
7809,7809,279481,,CT,79.36,13.34,2,2,,,,0.95,,,133,,,0.95,,279481,0,1.24,UNSUPPORTED_UNIT,"unit nao suportada: ""CT"""
7810,7810,279480,,CT,95.83,11.7,2,2,,,,1.15,,,117,,,1.15,,279480,0,1.5,UNSUPPORTED_UNIT,"unit nao suportada: ""CT"""
7811,7811,279478,,CT,109.84,5.99,2,2,,,,1.32,,,59,,,1.32,,279478,0,1.72,UNSUPPORTED_UNIT,"unit nao suportada: ""CT"""
7812,7812,279477,,CT,125.28,1.8,2,2,,,,1.5,,,18,,,1.5,,279477,0,1.95,UNSUPPORTED_UNIT,"unit nao suportada: ""CT"""
7813,7813,279475,,CT,158.14,1.68,2,2,,,,1.9,,,16,,,1.9,,279475,0,2.47,UNSUPPORTED_UNIT,"unit nao suportada: ""CT"""
7814,7814,279445,,CT,112.69,5.13,2,2,,,,1.35,,,51,,,1.35,,279445,0,1.76,UNSUPPORTED_UNIT,"unit nao suportada: ""CT"""
7815,7815,279444,,CT,117.69,1.24,2,2,,,,1.41,,,12,,,1.41,,279444,0,1.83,UNSUPPORTED_UNIT,"unit nao suportada: ""CT"""
7816,7816,279474,,CT,195.46,36.82,2,2,,,,2.35,,,368,,,2.35,,279474,0,3.06,UNSUPPORTED_UNIT,"unit nao suportada: ""CT"""
7817,7817,279473,,CT,203.63,0.84,2,2,,,,2.44,,,8,,,2.44,,279473,0,3.17,UNSUPPORTED_UNIT,"unit nao suportada: ""CT"""
7818,7818,279471,,CT,207.27,1.16,2,2,,,,2.49,,,11,,,2.49,,279471,0,3.24,UNSUPPORTED_UNIT,"unit nao suportada: ""CT"""
7819,7819,279470,,CT,258.35,1.23,2,2,,,,3.1,,,12,,,3.1,,279470,0,4.03,UNSUPPORTED_UNIT,"unit nao suportada: ""CT"""
7820,7820,279469,,CT,342.4,0.64,2,2,,,,4.11,,,6,,,4.11,,279469,0,5.34,UNSUPPORTED_UNIT,"unit nao suportada: ""CT"""
7821,7821,279467,,CT,721.5,1.99,2,2,,,,8.66,,,19,,,8.66,,279467,0,11.26,UNSUPPORTED_UNIT,"unit nao suportada: ""CT"""
22738,22738,281012,,CT,647.83,0.24,2,2,,,,7.77,,,2,,,7.77,,281012,0,10.1,UNSUPPORTED_UNIT,"unit nao suportada: ""CT"""
27359,27359,279114,,CT,56.53,3.19,2,2,,,,0.68,,,31,,,0.68,,279114,0,0.88,UNSUPPORTED_UNIT,"unit nao suportada: ""CT"""
27361,27361,279113,,CT,69.43,3.41,2,2,,,,0.83,,,34,,,0.83,,279113,0,1.08,UNSUPPORTED_UNIT,"unit nao suportada: ""CT"""
27363,27363,279112,,CT,71.7,2.96,2,2,,,,0.86,,,29,,,0.86,,279112,0,1.12,UNSUPPORTED_UNIT,"unit nao suportada: ""CT"""
27365,27365,280207,,CT,141.79,1.44,2,2,,,,1.7,,,14,,,1.7,,280207,0,2.21,UNSUPPORTED_UNIT,"unit nao suportada: ""CT"""
27367,27367,280206,,CT,156.91,1.68,2,2,,,,1.88,,,16,,,1.88,,280206,0,2.44,UNSUPPORTED_UNIT,"unit nao suportada: ""CT"""
27369,27369,280205,,CT,160.13,1.79,2,2,,,,1.92,,,17,,,1.92,,280205,0,2.5,UNSUPPORTED_UNIT,"unit nao suportada: ""CT"""
27371,27371,280204,,CT,212.18,0.09,2,2,,,,2.55,,,0,,,2.55,,280204,0,3.32,UNSUPPORTED_UNIT,"unit nao suportada: ""CT"""
27373,27373,280203,,CT,102.63,1.68,2,2,,,,1.23,,,16,,,1.23,,280203,0,1.6,UNSUPPORTED_UNIT,"unit nao suportada: ""CT"""
27375,27375,280202,,CT,163.62,26.41,2,2,,,,1.96,,,264,,,1.96,,280202,0,2.55,UNSUPPORTED_UNIT,"unit nao suportada: ""CT"""
27377,27377,280201,,CT,165.92,2.2,2,2,,,,1.99,,,22,,,1.99,,280201,0,2.59,UNSUPPORTED_UNIT,"unit nao suportada: ""CT"""
27379,27379,279111,,CT,135.32,1.5,2,2,,,,1.62,,,15,,,1.62,,279111,0,2.11,UNSUPPORTED_UNIT,"unit nao suportada: ""CT"""
27381,27381,279110,,CT,200.87,2.09,2,2,,,,2.41,,,20,,,2.41,,279110,0,3.13,UNSUPPORTED_UNIT,"unit nao suportada: ""CT"""
27383,27383,281033,,CT,299.21,3.63,2,2,,,,3.59,,,36,,,3.59,,281033,0,4.67,UNSUPPORTED_UNIT,"unit nao suportada: ""CT"""
27385,27385,281034,,CT,225.39,0,2,2,,,,2.7,,,0,,,2.7,,281034,0,3.51,UNSUPPORTED_UNIT,"unit nao suportada: ""CT"""
27387,27387,281035,,CT,231.29,2,2,2,,,,2.78,,,20,,,2.78,,281035,0,3.61,UNSUPPORTED_UNIT,"unit nao suportada: ""CT"""
27389,27389,281036,,CT,452.22,0,2,2,,,,5.43,,,0,,,5.43,,281036,0,7.06,UNSUPPORTED_UNIT,"unit nao suportada: ""CT"""
27391,27391,281037,,CT,357.34,0.23,2,2,,,,4.29,,,2,,,4.29,,281037,0,5.58,UNSUPPORTED_UNIT,"unit nao suportada: ""CT"""
27393,27393,281038,,CT,258.25,1.8,2,2,,,,3.1,,,18,,,3.1,,281038,0,4.03,UNSUPPORTED_UNIT,"unit nao suportada: ""CT"""
27395,27395,281039,,CT,840.17,1,2,2,,,,10.08,,,10,,,10.08,,281039,0,13.1,UNSUPPORTED_UNIT,"unit nao suportada: ""CT"""
27397,27397,281040,,CT,930.47,0.78,2,2,,,,11.17,,,7,,,11.17,,281040,0,14.52,UNSUPPORTED_UNIT,"unit nao suportada: ""CT"""
28981,28981,281050,,CT,56.18,7.01,2,2,,,,0.67,,,70,,,0.67,,281050,0,0.87,UNSUPPORTED_UNIT,"unit nao suportada: ""CT"""
5612,5612,281336,,CT,55.29,197.33,2,2,,,,0.66,,,1973,,,0.66,,281336,0,0.86,UNSUPPORTED_UNIT,"unit nao suportada: ""CT"""
5614,5614,281337,,CT,38.03,22.84,2,2,,,,0.46,,,228,,,0.46,,281337,0,0.6,UNSUPPORTED_UNIT,"unit nao suportada: ""CT"""
5615,5615,281338,,CT,22.08,24.94,2,2,,,,0.26,,,249,,,0.26,,281338,0,0.34,UNSUPPORTED_UNIT,"unit nao suportada: ""CT"""
5616,5616,281339,,CT,49.64,211.14,2,2,,,,0.6,,,2111,,,0.6,,281339,0,0.78,UNSUPPORTED_UNIT,"unit nao suportada: ""CT"""
6387,6387,281417,,CT,13.69,25.45,2,2,,,,0.16,,,254,,,0.16,,281417,0,0.21,UNSUPPORTED_UNIT,"unit nao suportada: ""CT"""
359,359,280884,PC,PC,12.53,147,2,2,,12.53,,0.15,false,147,1470,false,12.53,0.15,false,280884,0,0.2,PRICE_AND_STOCK_MISMATCH,
3461,3461,281236,,CT,33.36,25.12,2,2,,,,0.4,,,251,,,0.4,,281236,0,0.52,UNSUPPORTED_UNIT,"unit nao suportada: ""CT"""
3462,3462,281237,,CT,47.92,7.1,2,2,,,,0.58,,,71,,,0.58,,281237,0,0.75,UNSUPPORTED_UNIT,"unit nao suportada: ""CT"""
3463,3463,281238,,CT,32.12,5.884,2,2,,,,0.39,,,58,,,0.39,,281238,0,0.51,UNSUPPORTED_UNIT,"unit nao suportada: ""CT"""
3464,3464,281239,,CT,46.96,2.18,2,2,,,,0.56,,,21,,,0.56,,281239,0,0.73,UNSUPPORTED_UNIT,"unit nao suportada: ""CT"""
3465,3465,281240,,CT,38.29,0,2,2,,,,0.46,,,0,,,0.46,,281240,0,0.6,UNSUPPORTED_UNIT,"unit nao suportada: ""CT"""
3466,3466,281241,,CT,32.1,35.11,2,2,,,,0.39,,,351,,,0.39,,281241,0,0.51,UNSUPPORTED_UNIT,"unit nao suportada: ""CT"""
3467,3467,281242,,CT,75.81,3.04,2,2,,,,0.91,,,30,,,0.91,,281242,0,1.18,UNSUPPORTED_UNIT,"unit nao suportada: ""CT"""
3471,3471,281243,,CT,37,12.14,2,2,,,,0.44,,,121,,,0.44,,281243,0,0.57,UNSUPPORTED_UNIT,"unit nao suportada: ""CT"""
3472,3472,281244,,CT,9.34,14.22,2,2,,,,0.11,,,142,,,0.11,,281244,0,0.14,UNSUPPORTED_UNIT,"unit nao suportada: ""CT"""
3473,3473,281245,,CT,6.8,0,2,2,,,,0.08,,,0,,,0.08,,281245,0,0.1,UNSUPPORTED_UNIT,"unit nao suportada: ""CT"""
3474,3474,281246,,CT,17.47,0.46,2,2,,,,0.21,,,4,,,0.21,,281246,0,0.27,UNSUPPORTED_UNIT,"unit nao suportada: ""CT"""
3475,3475,281247,,CT,9.33,72,2,2,,,,0.11,,,720,,,0.11,,281247,0,0.14,UNSUPPORTED_UNIT,"unit nao suportada: ""CT"""
3476,3476,281248,,CT,8.69,15.84,2,2,,,,0.1,,,158,,,0.1,,281248,0,0.13,UNSUPPORTED_UNIT,"unit nao suportada: ""CT"""
3477,3477,281249,,CT,9.77,23.61,2,2,,,,0.12,,,236,,,0.12,,281249,0,0.16,UNSUPPORTED_UNIT,"unit nao suportada: ""CT"""
3478,3478,281250,,CT,20.64,-3,2,2,,,,0.25,,,0,,,0.25,,281250,0,0.33,UNSUPPORTED_UNIT,"unit nao suportada: ""CT"""
3479,3479,281251,,CT,13.29,13.38,2,2,,,,0.16,,,133,,,0.16,,281251,0,0.21,UNSUPPORTED_UNIT,"unit nao suportada: ""CT"""
3480,3480,281252,,CT,69.62,1,2,2,,,,0.84,,,10,,,0.84,,281252,0,1.09,UNSUPPORTED_UNIT,"unit nao suportada: ""CT"""
3481,3481,281253,,CT,20.07,7.99,2,2,,,,0.24,,,79,,,0.24,,281253,0,0.31,UNSUPPORTED_UNIT,"unit nao suportada: ""CT"""
3482,3482,281254,,CT,20.56,3.62,2,2,,,,0.25,,,36,,,0.25,,281254,0,0.33,UNSUPPORTED_UNIT,"unit nao suportada: ""CT"""
3483,3483,281255,,CT,7.83,17.39,2,2,,,,0.09,,,173,,,0.09,,281255,0,0.12,UNSUPPORTED_UNIT,"unit nao suportada: ""CT"""
3484,3484,281256,,CT,8.53,60.75,2,2,,,,0.1,,,607,,,0.1,,281256,0,0.13,UNSUPPORTED_UNIT,"unit nao suportada: ""CT"""
3485,3485,281257,,CT,10.53,2.01,2,2,,,,0.13,,,20,,,0.13,,281257,0,0.17,UNSUPPORTED_UNIT,"unit nao suportada: ""CT"""
3486,3486,281258,,CT,7.48,60.93,2,2,,,,0.09,,,609,,,0.09,,281258,0,0.12,UNSUPPORTED_UNIT,"unit nao suportada: ""CT"""
3487,3487,281259,,CT,3.61,17.84,2,2,,,,0.04,,,178,,,0.04,,281259,0,0.05,UNSUPPORTED_UNIT,"unit nao suportada: ""CT"""
3488,3488,281260,,CT,5.68,20.69,2,2,,,,0.07,,,206,,,0.07,,281260,0,0.09,UNSUPPORTED_UNIT,"unit nao suportada: ""CT"""
3489,3489,281261,,CT,5.66,13.78,2,2,,,,0.07,,,137,,,0.07,,281261,0,0.09,UNSUPPORTED_UNIT,"unit nao suportada: ""CT"""
3490,3490,281262,,CT,3.97,8.26,2,2,,,,0.05,,,82,,,0.05,,281262,0,0.07,UNSUPPORTED_UNIT,"unit nao suportada: ""CT"""
3491,3491,281263,,CT,4.26,5.98,2,2,,,,0.05,,,59,,,0.05,,281263,0,0.07,UNSUPPORTED_UNIT,"unit nao suportada: ""CT"""
3492,3492,281264,,CT,8.64,2.98,2,2,,,,0.1,,,29,,,0.1,,281264,0,0.13,UNSUPPORTED_UNIT,"unit nao suportada: ""CT"""
3493,3493,281265,,CT,15.11,19.79,2,2,,,,0.18,,,197,,,0.18,,281265,0,0.23,UNSUPPORTED_UNIT,"unit nao suportada: ""CT"""
3494,3494,281266,,CT,16.81,29.42,2,2,,,,0.2,,,294,,,0.2,,281266,0,0.26,UNSUPPORTED_UNIT,"unit nao suportada: ""CT"""
3495,3495,281267,,CT,6.62,28.89,2,2,,,,0.08,,,288,,,0.08,,281267,0,0.1,UNSUPPORTED_UNIT,"unit nao suportada: ""CT"""
3496,3496,281268,,CT,9.12,68.21,2,2,,,,0.11,,,682,,,0.11,,281268,0,0.14,UNSUPPORTED_UNIT,"unit nao suportada: ""CT"""
3497,3497,281269,,CT,8.9,31.88,2,2,,,,0.11,,,318,,,0.11,,281269,0,0.14,UNSUPPORTED_UNIT,"unit nao suportada: ""CT"""
3498,3498,281270,,CT,10.66,5.84,2,2,,,,0.13,,,58,,,0.13,,281270,0,0.17,UNSUPPORTED_UNIT,"unit nao suportada: ""CT"""
3499,3499,281271,,CT,13.34,4.34,2,2,,,,0.16,,,43,,,0.16,,281271,0,0.21,UNSUPPORTED_UNIT,"unit nao suportada: ""CT"""
3501,3501,281272,,CT,27.33,19.06,2,2,,,,0.33,,,190,,,0.33,,281272,0,0.43,UNSUPPORTED_UNIT,"unit nao suportada: ""CT"""
3511,3511,281278,,CT,11.75,12.07,2,2,,,,0.14,,,120,,,0.14,,281278,0,0.18,UNSUPPORTED_UNIT,"unit nao suportada: ""CT"""
3558,3558,281302,,CT,15.05,29.24,2,2,,,,0.18,,,292,,,0.18,,281302,0,0.23,UNSUPPORTED_UNIT,"unit nao suportada: ""CT"""
3560,3560,281303,,CT,4.85,26.32,2,2,,,,0.06,,,263,,,0.06,,281303,0,0.08,UNSUPPORTED_UNIT,"unit nao suportada: ""CT"""
3561,3561,281304,,CT,9.35,77.59,2,2,,,,0.11,,,775,,,0.11,,281304,0,0.14,UNSUPPORTED_UNIT,"unit nao suportada: ""CT"""
3562,3562,281305,,CT,36.27,3.44,2,2,,,,0.44,,,34,,,0.44,,281305,0,0.57,UNSUPPORTED_UNIT,"unit nao suportada: ""CT"""
3563,3563,281306,,CT,6.33,43.76,2,2,,,,0.08,,,437,,,0.08,,281306,0,0.1,UNSUPPORTED_UNIT,"unit nao suportada: ""CT"""
3564,3564,281307,,CT,10.08,1.96,2,2,,,,0.12,,,19,,,0.12,,281307,0,0.16,UNSUPPORTED_UNIT,"unit nao suportada: ""CT"""
3565,3565,281308,,CT,11.97,13.64,2,2,,,,0.14,,,136,,,0.14,,281308,0,0.18,UNSUPPORTED_UNIT,"unit nao suportada: ""CT"""
3567,3567,281309,,CT,13,71.64,2,2,,,,0.16,,,716,,,0.16,,281309,0,0.21,UNSUPPORTED_UNIT,"unit nao suportada: ""CT"""
3568,3568,281310,,CT,20.63,10.59,2,2,,,,0.25,,,105,,,0.25,,281310,0,0.33,UNSUPPORTED_UNIT,"unit nao suportada: ""CT"""
3569,3569,281311,,CT,11.23,22.63,2,2,,,,0.13,,,226,,,0.13,,281311,0,0.17,UNSUPPORTED_UNIT,"unit nao suportada: ""CT"""
3570,3570,281312,,CT,8.62,69.43,2,2,,,,0.1,,,694,,,0.1,,281312,0,0.13,UNSUPPORTED_UNIT,"unit nao suportada: ""CT"""
3571,3571,281313,,CT,11.72,12.89,2,2,,,,0.14,,,128,,,0.14,,281313,0,0.18,UNSUPPORTED_UNIT,"unit nao suportada: ""CT"""
3572,3572,281314,,CT,14.53,4.88,2,2,,,,0.17,,,48,,,0.17,,281314,0,0.22,UNSUPPORTED_UNIT,"unit nao suportada: ""CT"""
3573,3573,281315,,CT,17.14,3.67,2,2,,,,0.21,,,36,,,0.21,,281315,0,0.27,UNSUPPORTED_UNIT,"unit nao suportada: ""CT"""
3574,3574,281316,,CT,20.16,58.5,2,2,,,,0.24,,,585,,,0.24,,281316,0,0.31,UNSUPPORTED_UNIT,"unit nao suportada: ""CT"""
3575,3575,281317,,CT,14.91,68.99,2,2,,,,0.18,,,689,,,0.18,,281317,0,0.23,UNSUPPORTED_UNIT,"unit nao suportada: ""CT"""
3577,3577,281318,,CT,9.37,29.68,2,2,,,,0.11,,,296,,,0.11,,281318,0,0.14,UNSUPPORTED_UNIT,"unit nao suportada: ""CT"""
3578,3578,281319,,CT,10.94,61.78,2,2,,,,0.13,,,617,,,0.13,,281319,0,0.17,UNSUPPORTED_UNIT,"unit nao suportada: ""CT"""
3579,3579,281320,,CT,13.03,8.43,2,2,,,,0.16,,,84,,,0.16,,281320,0,0.21,UNSUPPORTED_UNIT,"unit nao suportada: ""CT"""
3581,3581,281321,,CT,61.35,8.32,2,2,,,,0.74,,,83,,,0.74,,281321,0,0.96,UNSUPPORTED_UNIT,"unit nao suportada: ""CT"""
3582,3582,281322,,CT,18.92,33.01,2,2,,,,0.23,,,330,,,0.23,,281322,0,0.3,UNSUPPORTED_UNIT,"unit nao suportada: ""CT"""
3583,3583,281323,,CT,18.9,34.5,2,2,,,,0.23,,,345,,,0.23,,281323,0,0.3,UNSUPPORTED_UNIT,"unit nao suportada: ""CT"""
3584,3584,281324,,CT,6.89,72.46,2,2,,,,0.08,,,724,,,0.08,,281324,0,0.1,UNSUPPORTED_UNIT,"unit nao suportada: ""CT"""
3585,3585,281325,,CT,7.65,39.35,2,2,,,,0.09,,,393,,,0.09,,281325,0,0.12,UNSUPPORTED_UNIT,"unit nao suportada: ""CT"""
3586,3586,281326,,CT,16.15,25,2,2,,,,0.19,,,250,,,0.19,,281326,0,0.25,UNSUPPORTED_UNIT,"unit nao suportada: ""CT"""
3587,3587,281327,,CT,25.09,4.02,2,2,,,,0.3,,,40,,,0.3,,281327,0,0.39,UNSUPPORTED_UNIT,"unit nao suportada: ""CT"""
3588,3588,281328,,CT,7.3,10.68,2,2,,,,0.09,,,106,,,0.09,,281328,0,0.12,UNSUPPORTED_UNIT,"unit nao suportada: ""CT"""
3589,3589,281329,,CT,7.92,58.44,2,2,,,,0.1,,,584,,,0.1,,281329,0,0.13,UNSUPPORTED_UNIT,"unit nao suportada: ""CT"""
3590,3590,281330,,CT,101.65,13.48,2,2,,,,1.22,,,134,,,1.22,,281330,0,1.59,UNSUPPORTED_UNIT,"unit nao suportada: ""CT"""
3592,3592,281331,,CT,129.97,2.82,2,2,,,,1.56,,,28,,,1.56,,281331,0,2.03,UNSUPPORTED_UNIT,"unit nao suportada: ""CT"""
3593,3593,281332,,CT,5.81,33.53,2,2,,,,0.07,,,335,,,0.07,,281332,0,0.09,UNSUPPORTED_UNIT,"unit nao suportada: ""CT"""
3594,3594,281333,,CT,2.85,35.86,2,2,,,,0.03,,,358,,,0.03,,281333,0,0.04,UNSUPPORTED_UNIT,"unit nao suportada: ""CT"""
3595,3595,281334,,CT,2.81,15.12,2,2,,,,0.03,,,151,,,0.03,,281334,0,0.04,UNSUPPORTED_UNIT,"unit nao suportada: ""CT"""
3596,3596,281335,,CT,5.41,70.01,2,2,,,,0.06,,,700,,,0.06,,281335,0,0.08,UNSUPPORTED_UNIT,"unit nao suportada: ""CT"""
7516,7516,280406,,CT,65.84,3.53,2,2,,,,0.79,,,35,,,0.79,,280406,0,1.03,UNSUPPORTED_UNIT,"unit nao suportada: ""CT"""
7517,7517,280407,,CT,63.51,4.37,2,2,,,,0.76,,,43,,,0.76,,280407,0,0.99,UNSUPPORTED_UNIT,"unit nao suportada: ""CT"""
7518,7518,280408,,CT,23.85,3.93,2,2,,,,0.29,,,39,,,0.29,,280408,0,0.38,UNSUPPORTED_UNIT,"unit nao suportada: ""CT"""
7519,7519,280409,,CT,24.05,11.98,2,2,,,,0.29,,,119,,,0.29,,280409,0,0.38,UNSUPPORTED_UNIT,"unit nao suportada: ""CT"""
7520,7520,280410,,CT,24.46,3.76,2,2,,,,0.29,,,37,,,0.29,,280410,0,0.38,UNSUPPORTED_UNIT,"unit nao suportada: ""CT"""
7521,7521,280411,,CT,31.48,1.85,2,2,,,,0.38,,,18,,,0.38,,280411,0,0.49,UNSUPPORTED_UNIT,"unit nao suportada: ""CT"""
7522,7522,280412,,CT,35.98,4.92,2,2,,,,0.43,,,49,,,0.43,,280412,0,0.56,UNSUPPORTED_UNIT,"unit nao suportada: ""CT"""
7523,7523,280413,,CT,53.75,4.84,2,2,,,,0.65,,,48,,,0.65,,280413,0,0.85,UNSUPPORTED_UNIT,"unit nao suportada: ""CT"""
7524,7524,280414,,CT,50.58,1.83,2,2,,,,0.61,,,18,,,0.61,,280414,0,0.79,UNSUPPORTED_UNIT,"unit nao suportada: ""CT"""
7525,7525,280415,,CT,55.99,10.53,2,2,,,,0.67,,,105,,,0.67,,280415,0,0.87,UNSUPPORTED_UNIT,"unit nao suportada: ""CT"""
7526,7526,280416,,CT,76.27,1.03,2,2,,,,0.92,,,10,,,0.92,,280416,0,1.2,UNSUPPORTED_UNIT,"unit nao suportada: ""CT"""
7527,7527,280417,,CT,67.21,3.66,2,2,,,,0.81,,,36,,,0.81,,280417,0,1.05,UNSUPPORTED_UNIT,"unit nao suportada: ""CT"""
7528,7528,280418,,CT,98.75,0.88,2,2,,,,1.19,,,8,,,1.19,,280418,0,1.55,UNSUPPORTED_UNIT,"unit nao suportada: ""CT"""
7529,7529,280419,,CT,83.4,4.26,2,2,,,,1,,,42,,,1,,280419,0,1.3,UNSUPPORTED_UNIT,"unit nao suportada: ""CT"""
7530,7530,280420,,CT,117.69,20.63,2,2,,,,1.41,,,206,,,1.41,,280420,0,1.83,UNSUPPORTED_UNIT,"unit nao suportada: ""CT"""
7531,7531,280421,,CT,12.38,7.83,2,2,,,,0.15,,,78,,,0.15,,280421,0,0.2,UNSUPPORTED_UNIT,"unit nao suportada: ""CT"""
7532,7532,280422,,CT,66.73,2.05,2,2,,,,0.8,,,20,,,0.8,,280422,0,1.04,UNSUPPORTED_UNIT,"unit nao suportada: ""CT"""
7533,7533,280423,,CT,25.37,4.97,2,2,,,,0.3,,,49,,,0.3,,280423,0,0.39,UNSUPPORTED_UNIT,"unit nao suportada: ""CT"""
7534,7534,280424,,CT,178.17,1.57,2,2,,,,2.14,,,15,,,2.14,,280424,0,2.78,UNSUPPORTED_UNIT,"unit nao suportada: ""CT"""
7535,7535,280425,,CT,129.99,1.84,2,2,,,,1.56,,,18,,,1.56,,280425,0,2.03,UNSUPPORTED_UNIT,"unit nao suportada: ""CT"""
7536,7536,280426,,CT,106.77,10.99,2,2,,,,1.28,,,109,,,1.28,,280426,0,1.66,UNSUPPORTED_UNIT,"unit nao suportada: ""CT"""
23318,23318,281014,,CT,4.57,14.75,2,2,,,,0.05,,,147,,,0.05,,281014,0,0.07,UNSUPPORTED_UNIT,"unit nao suportada: ""CT"""
26897,26897,281028,,CT,66.26,22.58,2,2,,,,0.8,,,225,,,0.8,,281028,0,1.04,UNSUPPORTED_UNIT,"unit nao suportada: ""CT"""
987,987,278616,,CT,6.4,12.44,2,2,,,,0.08,,,124,,,0.08,,278616,0,0.1,UNSUPPORTED_UNIT,"unit nao suportada: ""CT"""
988,988,279918,,CT,10.89,91.63,2,2,,,,0.13,,,916,,,0.13,,279918,0,0.17,UNSUPPORTED_UNIT,"unit nao suportada: ""CT"""
989,989,279917,,CT,8.49,30.84,2,2,,,,0.1,,,308,,,0.1,,279917,0,0.13,UNSUPPORTED_UNIT,"unit nao suportada: ""CT"""
990,990,278615,,CT,9.45,25.13,2,2,,,,0.11,,,251,,,0.11,,278615,0,0.14,UNSUPPORTED_UNIT,"unit nao suportada: ""CT"""
991,991,279365,,CT,10.29,16.89,2,2,,,,0.12,,,168,,,0.12,,279365,0,0.16,UNSUPPORTED_UNIT,"unit nao suportada: ""CT"""
993,993,279456,,CT,22.06,6.26,2,2,,,,0.26,,,62,,,0.26,,279456,0,0.34,UNSUPPORTED_UNIT,"unit nao suportada: ""CT"""
994,994,279356,,CT,16.6,13.67,2,2,,,,0.2,,,136,,,0.2,,279356,0,0.26,UNSUPPORTED_UNIT,"unit nao suportada: ""CT"""
995,995,278612,,CT,11.73,33.7,2,2,,,,0.14,,,337,,,0.14,,278612,0,0.18,UNSUPPORTED_UNIT,"unit nao suportada: ""CT"""
996,996,278611,,CT,14.89,59.7,2,2,,,,0.18,,,597,,,0.18,,278611,0,0.23,UNSUPPORTED_UNIT,"unit nao suportada: ""CT"""
997,997,278610,,CT,16.41,210.04,2,2,,,,0.2,,,2100,,,0.2,,278610,0,0.26,UNSUPPORTED_UNIT,"unit nao suportada: ""CT"""
998,998,278609,,CT,17.21,238,2,2,,,,0.21,,,2380,,,0.21,,278609,0,0.27,UNSUPPORTED_UNIT,"unit nao suportada: ""CT"""
999,999,279916,,CT,16.03,43.56,2,2,,,,0.19,,,435,,,0.19,,279916,0,0.25,UNSUPPORTED_UNIT,"unit nao suportada: ""CT"""
1000,1000,278608,,CT,20.37,-3.93,2,2,,,,0.24,,,0,,,0.24,,278608,0,0.31,UNSUPPORTED_UNIT,"unit nao suportada: ""CT"""
1001,1001,279915,,CT,25.36,44.25,2,2,,,,0.3,,,442,,,0.3,,279915,0,0.39,UNSUPPORTED_UNIT,"unit nao suportada: ""CT"""
1002,1002,278607,,CT,22.03,0,2,2,,,,0.26,,,0,,,0.26,,278607,0,0.34,UNSUPPORTED_UNIT,"unit nao suportada: ""CT"""
1003,1003,278606,,CT,27.85,9.54,2,2,,,,0.33,,,95,,,0.33,,278606,0,0.43,UNSUPPORTED_UNIT,"unit nao suportada: ""CT"""
1004,1004,278956,,CT,38.64,9.69,2,2,,,,0.46,,,96,,,0.46,,278956,0,0.6,UNSUPPORTED_UNIT,"unit nao suportada: ""CT"""
1005,1005,279897,,CT,35.89,12.93,2,2,,,,0.43,,,129,,,0.43,,279897,0,0.56,UNSUPPORTED_UNIT,"unit nao suportada: ""CT"""
1006,1006,279896,,CT,46.33,18.67,2,2,,,,0.56,,,186,,,0.56,,279896,0,0.73,UNSUPPORTED_UNIT,"unit nao suportada: ""CT"""
1007,1007,278955,,CT,50.75,13.53,2,2,,,,0.61,,,135,,,0.61,,278955,0,0.79,UNSUPPORTED_UNIT,"unit nao suportada: ""CT"""
1008,1008,279895,,CT,57.43,28.4,2,2,,,,0.69,,,284,,,0.69,,279895,0,0.9,UNSUPPORTED_UNIT,"unit nao suportada: ""CT"""
1009,1009,279360,,CT,59.67,3.56,2,2,,,,0.72,,,35,,,0.72,,279360,0,0.94,UNSUPPORTED_UNIT,"unit nao suportada: ""CT"""
1010,1010,279972,,CT,84.15,69.83,2,2,,,,1.01,,,698,,,1.01,,279972,0,1.31,UNSUPPORTED_UNIT,"unit nao suportada: ""CT"""
1011,1011,279971,,CT,92.5,0.81,2,2,,,,1.11,,,8,,,1.11,,279971,0,1.44,UNSUPPORTED_UNIT,"unit nao suportada: ""CT"""
1012,1012,279914,,CT,23.33,11.66,2,2,,,,0.28,,,116,,,0.28,,279914,0,0.36,UNSUPPORTED_UNIT,"unit nao suportada: ""CT"""
1013,1013,278605,,CT,21.67,68.83,2,2,,,,0.26,,,688,,,0.26,,278605,0,0.34,UNSUPPORTED_UNIT,"unit nao suportada: ""CT"""
1014,1014,278604,,CT,22.51,6.96,2,2,,,,0.27,,,69,,,0.27,,278604,0,0.35,UNSUPPORTED_UNIT,"unit nao suportada: ""CT"""
1015,1015,278603,,CT,26.12,9.14,2,2,,,,0.31,,,91,,,0.31,,278603,0,0.4,UNSUPPORTED_UNIT,"unit nao suportada: ""CT"""
1016,1016,278602,,CT,26.36,18.11,2,2,,,,0.32,,,181,,,0.32,,278602,0,0.42,UNSUPPORTED_UNIT,"unit nao suportada: ""CT"""
1017,1017,278601,,CT,35.38,541.37,2,2,,,,0.42,,,5413,,,0.42,,278601,0,0.55,UNSUPPORTED_UNIT,"unit nao suportada: ""CT"""
1018,1018,278600,,CT,33.75,14.55,2,2,,,,0.41,,,145,,,0.41,,278600,0,0.53,UNSUPPORTED_UNIT,"unit nao suportada: ""CT"""
1019,1019,279913,,CT,37.97,74.7,2,2,,,,0.46,,,747,,,0.46,,279913,0,0.6,UNSUPPORTED_UNIT,"unit nao suportada: ""CT"""
1020,1020,279912,,CT,44.61,14.68,2,2,,,,0.54,,,146,,,0.54,,279912,0,0.7,UNSUPPORTED_UNIT,"unit nao suportada: ""CT"""
1021,1021,279894,,CT,61.68,6.12,2,2,,,,0.74,,,61,,,0.74,,279894,0,0.96,UNSUPPORTED_UNIT,"unit nao suportada: ""CT"""
1022,1022,279364,,CT,64.78,27.75,2,2,,,,0.78,,,277,,,0.78,,279364,0,1.01,UNSUPPORTED_UNIT,"unit nao suportada: ""CT"""
1023,1023,278954,,CT,71.31,3.29,2,2,,,,0.86,,,32,,,0.86,,278954,0,1.12,UNSUPPORTED_UNIT,"unit nao suportada: ""CT"""
1024,1024,278953,,CT,67.59,9.88,2,2,,,,0.81,,,98,,,0.81,,278953,0,1.05,UNSUPPORTED_UNIT,"unit nao suportada: ""CT"""
1025,1025,278952,,CT,84.82,5,2,2,,,,1.02,,,50,,,1.02,,278952,0,1.33,UNSUPPORTED_UNIT,"unit nao suportada: ""CT"""
1026,1026,278951,,CT,84.65,5.05,2,2,,,,1.02,,,50,,,1.02,,278951,0,1.33,UNSUPPORTED_UNIT,"unit nao suportada: ""CT"""
1027,1027,279358,,CT,113.12,20.93,2,2,,,,1.36,,,209,,,1.36,,279358,0,1.77,UNSUPPORTED_UNIT,"unit nao suportada: ""CT"""
1028,1028,278950,,CT,122.96,22.71,2,2,,,,1.48,,,227,,,1.48,,278950,0,1.92,UNSUPPORTED_UNIT,"unit nao suportada: ""CT"""
1029,1029,278949,,CT,132.8,1.56,2,2,,,,1.59,,,15,,,1.59,,278949,0,2.07,UNSUPPORTED_UNIT,"unit nao suportada: ""CT"""
1030,1030,279893,,CT,151.05,11.07,2,2,,,,1.81,,,110,,,1.81,,279893,0,2.35,UNSUPPORTED_UNIT,"unit nao suportada: ""CT"""
1031,1031,279911,,CT,35.25,21.57,2,2,,,,0.42,,,215,,,0.42,,279911,0,0.55,UNSUPPORTED_UNIT,"unit nao suportada: ""CT"""
1032,1032,279910,,CT,39.31,17.55,2,2,,,,0.47,,,175,,,0.47,,279910,0,0.61,UNSUPPORTED_UNIT,"unit nao suportada: ""CT"""
1033,1033,279909,,CT,39.16,27.59,2,2,,,,0.47,,,275,,,0.47,,279909,0,0.61,UNSUPPORTED_UNIT,"unit nao suportada: ""CT"""
1034,1034,278599,,CT,43.49,10.22,2,2,,,,0.52,,,102,,,0.52,,278599,0,0.68,UNSUPPORTED_UNIT,"unit nao suportada: ""CT"""
1035,1035,278598,,CT,39.02,574.74,2,2,,,,0.47,,,5747,,,0.47,,278598,0,0.61,UNSUPPORTED_UNIT,"unit nao suportada: ""CT"""
1036,1036,279908,,CT,45.34,13.13,2,2,,,,0.54,,,131,,,0.54,,279908,0,0.7,UNSUPPORTED_UNIT,"unit nao suportada: ""CT"""
1037,1037,278597,,CT,50.62,124.12,2,2,,,,0.61,,,1241,,,0.61,,278597,0,0.79,UNSUPPORTED_UNIT,"unit nao suportada: ""CT"""
1038,1038,278596,,CT,63.52,8.18,2,2,,,,0.76,,,81,,,0.76,,278596,0,0.99,UNSUPPORTED_UNIT,"unit nao suportada: ""CT"""
1039,1039,278595,,CT,62.22,144.81,2,2,,,,0.75,,,1448,,,0.75,,278595,0,0.98,UNSUPPORTED_UNIT,"unit nao suportada: ""CT"""
1040,1040,278594,,CT,80.05,2.12,2,2,,,,0.96,,,21,,,0.96,,278594,0,1.25,UNSUPPORTED_UNIT,"unit nao suportada: ""CT"""
1041,1041,279892,,CT,85.3,30.45,2,2,,,,1.02,,,304,,,1.02,,279892,0,1.33,UNSUPPORTED_UNIT,"unit nao suportada: ""CT"""
1042,1042,279891,,CT,116.56,3,2,2,,,,1.4,,,30,,,1.4,,279891,0,1.82,UNSUPPORTED_UNIT,"unit nao suportada: ""CT"""
1043,1043,278593,,CT,86.48,26.89,2,2,,,,1.04,,,268,,,1.04,,278593,0,1.35,UNSUPPORTED_UNIT,"unit nao suportada: ""CT"""
1044,1044,279367,,CT,124.65,17.54,2,2,,,,1.5,,,175,,,1.5,,279367,0,1.95,UNSUPPORTED_UNIT,"unit nao suportada: ""CT"""
1045,1045,279890,,CT,141.77,16.92,2,2,,,,1.7,,,169,,,1.7,,279890,0,2.21,UNSUPPORTED_UNIT,"unit nao suportada: ""CT"""
1046,1046,279889,,CT,139.04,4.479,2,2,,,,1.67,,,44,,,1.67,,279889,0,2.17,UNSUPPORTED_UNIT,"unit nao suportada: ""CT"""
1047,1047,278948,,CT,157.49,0.17,2,2,,,,1.89,,,1,,,1.89,,278948,0,2.46,UNSUPPORTED_UNIT,"unit nao suportada: ""CT"""
1048,1048,278947,,CT,196.75,3.65,2,2,,,,2.36,,,36,,,2.36,,278947,0,3.07,UNSUPPORTED_UNIT,"unit nao suportada: ""CT"""
1049,1049,279362,,CT,180.31,15.03,2,2,,,,2.16,,,150,,,2.16,,279362,0,2.81,UNSUPPORTED_UNIT,"unit nao suportada: ""CT"""
1050,1050,279907,,CT,63.66,9.13,2,2,,,,0.76,,,91,,,0.76,,279907,0,0.99,UNSUPPORTED_UNIT,"unit nao suportada: ""CT"""
1051,1051,278592,,CT,69.99,169.24,2,2,,,,0.84,,,1692,,,0.84,,278592,0,1.09,UNSUPPORTED_UNIT,"unit nao suportada: ""CT"""
1052,1052,278591,,CT,66.29,8.1,2,2,,,,0.8,,,81,,,0.8,,278591,0,1.04,UNSUPPORTED_UNIT,"unit nao suportada: ""CT"""
1053,1053,278590,,CT,73.65,-5.61,2,2,,,,0.88,,,0,,,0.88,,278590,0,1.14,UNSUPPORTED_UNIT,"unit nao suportada: ""CT"""
1054,1054,279906,,CT,86.07,1.64,2,2,,,,1.03,,,16,,,1.03,,279906,0,1.34,UNSUPPORTED_UNIT,"unit nao suportada: ""CT"""
1055,1055,278589,,CT,92.41,3.75,2,2,,,,1.11,,,37,,,1.11,,278589,0,1.44,UNSUPPORTED_UNIT,"unit nao suportada: ""CT"""
1056,1056,278588,,CT,104.43,0.22,2,2,,,,1.25,,,2,,,1.25,,278588,0,1.63,UNSUPPORTED_UNIT,"unit nao suportada: ""CT"""
1057,1057,279197,,CT,139.14,3.28,2,2,,,,1.67,,,32,,,1.67,,279197,0,2.17,UNSUPPORTED_UNIT,"unit nao suportada: ""CT"""
1058,1058,278946,,CT,122.14,1.97,2,2,,,,1.47,,,19,,,1.47,,278946,0,1.91,UNSUPPORTED_UNIT,"unit nao suportada: ""CT"""
1059,1059,279109,,CT,171.71,5.39,2,2,,,,2.06,,,53,,,2.06,,279109,0,2.68,UNSUPPORTED_UNIT,"unit nao suportada: ""CT"""
1060,1060,279359,,CT,157.71,14.47,2,2,,,,1.89,,,144,,,1.89,,279359,0,2.46,UNSUPPORTED_UNIT,"unit nao suportada: ""CT"""
1061,1061,279354,,CT,172.01,-0.15,2,2,,,,2.06,,,0,,,2.06,,279354,0,2.68,UNSUPPORTED_UNIT,"unit nao suportada: ""CT"""
1062,1062,278945,,CT,202.09,0.56,2,2,,,,2.43,,,5,,,2.43,,278945,0,3.16,UNSUPPORTED_UNIT,"unit nao suportada: ""CT"""
1063,1063,279292,,CT,223.88,1.55,2,2,,,,2.69,,,15,,,2.69,,279292,0,3.5,UNSUPPORTED_UNIT,"unit nao suportada: ""CT"""
1064,1064,278944,,CT,243.3,0,2,2,,,,2.92,,,0,,,2.92,,278944,0,3.8,UNSUPPORTED_UNIT,"unit nao suportada: ""CT"""
1065,1065,278943,,CT,296.83,1.31,2,2,,,,3.56,,,13,,,3.56,,278943,0,4.63,UNSUPPORTED_UNIT,"unit nao suportada: ""CT"""
1066,1066,278942,,CT,301.34,1.95,2,2,,,,3.62,,,19,,,3.62,,278942,0,4.71,UNSUPPORTED_UNIT,"unit nao suportada: ""CT"""
1067,1067,278587,,CT,91.89,36.45,2,2,,,,1.1,,,364,,,1.1,,278587,0,1.43,UNSUPPORTED_UNIT,"unit nao suportada: ""CT"""
1068,1068,278586,,CT,103.97,199.11,2,2,,,,1.25,,,1991,,,1.25,,278586,0,1.63,UNSUPPORTED_UNIT,"unit nao suportada: ""CT"""
1069,1069,279369,,CT,112.78,195.1,2,2,,,,1.35,,,1951,,,1.35,,279369,0,1.76,UNSUPPORTED_UNIT,"unit nao suportada: ""CT"""
1070,1070,278585,,CT,121.84,1.88,2,2,,,,1.46,,,18,,,1.46,,278585,0,1.9,UNSUPPORTED_UNIT,"unit nao suportada: ""CT"""
1071,1071,278584,,CT,138.75,46.22,2,2,,,,1.67,,,462,,,1.67,,278584,0,2.17,UNSUPPORTED_UNIT,"unit nao suportada: ""CT"""
1072,1072,278941,,CT,138.64,8.96,2,2,,,,1.66,,,89,,,1.66,,278941,0,2.16,UNSUPPORTED_UNIT,"unit nao suportada: ""CT"""
1073,1073,279888,,CT,159.45,19.67,2,2,,,,1.91,,,196,,,1.91,,279888,0,2.48,UNSUPPORTED_UNIT,"unit nao suportada: ""CT"""
1074,1074,279202,,CT,194.27,4.38,2,2,,,,2.33,,,43,,,2.33,,279202,0,3.03,UNSUPPORTED_UNIT,"unit nao suportada: ""CT"""
1075,1075,278940,,CT,164.64,15.25,2,2,,,,1.98,,,152,,,1.98,,278940,0,2.57,UNSUPPORTED_UNIT,"unit nao suportada: ""CT"""
1076,1076,278939,,CT,204.14,16.47,2,2,,,,2.45,,,164,,,2.45,,278939,0,3.19,UNSUPPORTED_UNIT,"unit nao suportada: ""CT"""
1077,1077,278938,,CT,231.04,13.54,2,2,,,,2.77,,,135,,,2.77,,278938,0,3.6,UNSUPPORTED_UNIT,"unit nao suportada: ""CT"""
1078,1078,278937,,CT,252.04,20.24,2,2,,,,3.02,,,202,,,3.02,,278937,0,3.93,UNSUPPORTED_UNIT,"unit nao suportada: ""CT"""
1079,1079,279887,,CT,281.45,25.68,2,2,,,,3.38,,,256,,,3.38,,279887,0,4.39,UNSUPPORTED_UNIT,"unit nao suportada: ""CT"""
1080,1080,278936,,CT,302.46,9.35,2,2,,,,3.63,,,93,,,3.63,,278936,0,4.72,UNSUPPORTED_UNIT,"unit nao suportada: ""CT"""
1081,1081,279886,,CT,389.54,14.85,2,2,,,,4.67,,,148,,,4.67,,279886,0,6.07,UNSUPPORTED_UNIT,"unit nao suportada: ""CT"""
1082,1082,279885,,CT,455.25,12.07,2,2,,,,5.46,,,120,,,5.46,,279885,0,7.1,UNSUPPORTED_UNIT,"unit nao suportada: ""CT"""
1083,1083,278935,,CT,461.04,6.03,2,2,,,,5.53,,,60,,,5.53,,278935,0,7.19,UNSUPPORTED_UNIT,"unit nao suportada: ""CT"""
1084,1084,278934,,CT,566.61,4.34,2,2,,,,6.8,,,43,,,6.8,,278934,0,8.84,UNSUPPORTED_UNIT,"unit nao suportada: ""CT"""
1085,1085,279357,,CT,584.15,14.36,2,2,,,,7.01,,,143,,,7.01,,279357,0,9.11,UNSUPPORTED_UNIT,"unit nao suportada: ""CT"""
1086,1086,279290,,CT,634.19,1.88,2,2,,,,7.61,,,18,,,7.61,,279290,0,9.89,UNSUPPORTED_UNIT,"unit nao suportada: ""CT"""
1087,1087,279291,,CT,685.83,1.45,2,2,,,,8.23,,,14,,,8.23,,279291,0,10.7,UNSUPPORTED_UNIT,"unit nao suportada: ""CT"""
1088,1088,278580,,CT,129.81,2.47,2,2,,,,1.56,,,24,,,1.56,,278580,0,2.03,UNSUPPORTED_UNIT,"unit nao suportada: ""CT"""
1089,1089,278579,,CT,146.76,4.98,2,2,,,,1.76,,,49,,,1.76,,278579,0,2.29,UNSUPPORTED_UNIT,"unit nao suportada: ""CT"""
1090,1090,278578,,CT,154.87,2.27,2,2,,,,1.86,,,22,,,1.86,,278578,0,2.42,UNSUPPORTED_UNIT,"unit nao suportada: ""CT"""
1091,1091,279201,,CT,153.01,2.8,2,2,,,,1.84,,,28,,,1.84,,279201,0,2.39,UNSUPPORTED_UNIT,"unit nao suportada: ""CT"""
1092,1092,278577,,CT,183.37,3.38,2,2,,,,2.2,,,33,,,2.2,,278577,0,2.86,UNSUPPORTED_UNIT,"unit nao suportada: ""CT"""
1093,1093,278927,,CT,228.11,2.5,2,2,,,,2.74,,,25,,,2.74,,278927,0,3.56,UNSUPPORTED_UNIT,"unit nao suportada: ""CT"""
1094,1094,279352,,CT,238.06,7.12,2,2,,,,2.86,,,71,,,2.86,,279352,0,3.72,UNSUPPORTED_UNIT,"unit nao suportada: ""CT"""
1095,1095,279205,,CT,280.35,0,2,2,,,,3.36,,,0,,,3.36,,279205,0,4.37,UNSUPPORTED_UNIT,"unit nao suportada: ""CT"""
1096,1096,279351,,CT,288.6,3.21,2,2,,,,3.46,,,32,,,3.46,,279351,0,4.5,UNSUPPORTED_UNIT,"unit nao suportada: ""CT"""
1097,1097,278926,,CT,298.08,6.3,2,2,,,,3.58,,,63,,,3.58,,278926,0,4.65,UNSUPPORTED_UNIT,"unit nao suportada: ""CT"""
1098,1098,278925,,CT,367.33,4.32,2,2,,,,4.41,,,43,,,4.41,,278925,0,5.73,UNSUPPORTED_UNIT,"unit nao suportada: ""CT"""
1099,1099,279280,,CT,366.74,25.99,2,2,,,,4.4,,,259,,,4.4,,279280,0,5.72,UNSUPPORTED_UNIT,"unit nao suportada: ""CT"""
1100,1100,279883,,CT,452.3,1.47,2,2,,,,5.43,,,14,,,5.43,,279883,0,7.06,UNSUPPORTED_UNIT,"unit nao suportada: ""CT"""
1101,1101,279210,,CT,450.66,0.5,2,2,,,,5.41,,,5,,,5.41,,279210,0,7.03,UNSUPPORTED_UNIT,"unit nao suportada: ""CT"""
1102,1102,278924,,CT,560.68,1.16,2,2,,,,6.73,,,11,,,6.73,,278924,0,8.75,UNSUPPORTED_UNIT,"unit nao suportada: ""CT"""
1103,1103,278576,,CT,129.77,11.95,2,2,,,,1.56,,,119,,,1.56,,278576,0,2.03,UNSUPPORTED_UNIT,"unit nao suportada: ""CT"""
1104,1104,278575,,CT,174.27,4.78,2,2,,,,2.09,,,47,,,2.09,,278575,0,2.72,UNSUPPORTED_UNIT,"unit nao suportada: ""CT"""
1105,1105,278574,,CT,169.26,27.1,2,2,,,,2.03,,,271,,,2.03,,278574,0,2.64,UNSUPPORTED_UNIT,"unit nao suportada: ""CT"""
1106,1106,278573,,CT,212.79,0,2,2,,,,2.55,,,0,,,2.55,,278573,0,3.32,UNSUPPORTED_UNIT,"unit nao suportada: ""CT"""
1108,1108,278572,,CT,261.17,1.09,2,2,,,,3.13,,,10,,,3.13,,278572,0,4.07,UNSUPPORTED_UNIT,"unit nao suportada: ""CT"""
1109,1109,278923,,CT,273.34,15.64,2,2,,,,3.28,,,156,,,3.28,,278923,0,4.26,UNSUPPORTED_UNIT,"unit nao suportada: ""CT"""
1110,1110,278922,,CT,328.8,1.35,2,2,,,,3.95,,,13,,,3.95,,278922,0,5.14,UNSUPPORTED_UNIT,"unit nao suportada: ""CT"""
1111,1111,278571,,CT,258.55,12.58,2,2,,,,3.1,,,125,,,3.1,,278571,0,4.03,UNSUPPORTED_UNIT,"unit nao suportada: ""CT"""
1112,1112,278921,,CT,335.03,20.74,2,2,,,,4.02,,,207,,,4.02,,278921,0,5.23,UNSUPPORTED_UNIT,"unit nao suportada: ""CT"""
1113,1113,278920,,CT,416.12,10.89,2,2,,,,4.99,,,108,,,4.99,,278920,0,6.49,UNSUPPORTED_UNIT,"unit nao suportada: ""CT"""
1114,1114,278919,,CT,409.59,7.92,2,2,,,,4.92,,,79,,,4.92,,278919,0,6.4,UNSUPPORTED_UNIT,"unit nao suportada: ""CT"""
1115,1115,278918,,CT,511.23,6.99,2,2,,,,6.13,,,69,,,6.13,,278918,0,7.97,UNSUPPORTED_UNIT,"unit nao suportada: ""CT"""
1116,1116,279271,,CT,535.3,6.7,2,2,,,,6.42,,,67,,,6.42,,279271,0,8.35,UNSUPPORTED_UNIT,"unit nao suportada: ""CT"""
1117,1117,278917,,CT,512.11,3.52,2,2,,,,6.15,,,35,,,6.15,,278917,0,8,UNSUPPORTED_UNIT,"unit nao suportada: ""CT"""
1118,1118,278916,,CT,632.85,0.36,2,2,,,,7.59,,,3,,,7.59,,278916,0,9.87,UNSUPPORTED_UNIT,"unit nao suportada: ""CT"""
1119,1119,278915,,CT,725.37,2.32,2,2,,,,8.7,,,23,,,8.7,,278915,0,11.31,UNSUPPORTED_UNIT,"unit nao suportada: ""CT"""
1120,1120,278914,,CT,849.38,6.38,2,2,,,,10.19,,,63,,,10.19,,278914,0,13.25,UNSUPPORTED_UNIT,"unit nao suportada: ""CT"""
1121,1121,278913,,CT,776.22,0.28,2,2,,,,9.31,,,2,,,9.31,,278913,0,12.1,UNSUPPORTED_UNIT,"unit nao suportada: ""CT"""
1122,1122,279286,,CT,1198.43,1.52,2,2,,,,14.38,,,15,,,14.38,,279286,0,18.69,UNSUPPORTED_UNIT,"unit nao suportada: ""CT"""
1123,1123,279278,,CT,1351.57,1.15,2,2,,,,16.22,,,11,,,16.22,,279278,0,21.09,UNSUPPORTED_UNIT,"unit nao suportada: ""CT"""
1124,1124,278570,,CT,260.91,1.54,2,2,,,,3.13,,,15,,,3.13,,278570,0,4.07,UNSUPPORTED_UNIT,"unit nao suportada: ""CT"""
1125,1125,278569,,CT,285.32,4.34,2,2,,,,3.42,,,43,,,3.42,,278569,0,4.45,UNSUPPORTED_UNIT,"unit nao suportada: ""CT"""
1126,1126,278568,,CT,326.03,3.77,2,2,,,,3.91,,,37,,,3.91,,278568,0,5.08,UNSUPPORTED_UNIT,"unit nao suportada: ""CT"""
1127,1127,279902,,CT,305.89,-1.14,2,2,,,,3.67,,,0,,,3.67,,279902,0,4.77,UNSUPPORTED_UNIT,"unit nao suportada: ""CT"""
1128,1128,279881,,CT,467.79,7.6,2,2,,,,5.61,,,76,,,5.61,,279881,0,7.29,UNSUPPORTED_UNIT,"unit nao suportada: ""CT"""
1130,1130,279880,,CT,481.96,20.04,2,2,,,,5.78,,,200,,,5.78,,279880,0,7.51,UNSUPPORTED_UNIT,"unit nao suportada: ""CT"""
1131,1131,278912,,CT,625.92,10.74,2,2,,,,7.51,,,107,,,7.51,,278912,0,9.76,UNSUPPORTED_UNIT,"unit nao suportada: ""CT"""
1133,1133,278911,,CT,676.65,22.91,2,2,,,,8.12,,,229,,,8.12,,278911,0,10.56,UNSUPPORTED_UNIT,"unit nao suportada: ""CT"""
1134,1134,279277,,CT,740.09,25.68,2,2,,,,8.88,,,256,,,8.88,,279277,0,11.54,UNSUPPORTED_UNIT,"unit nao suportada: ""CT"""
1135,1135,278910,,CT,803.52,14.06,2,2,,,,9.64,,,140,,,9.64,,278910,0,12.53,UNSUPPORTED_UNIT,"unit nao suportada: ""CT"""
1136,1136,278909,,CT,840.18,14.56,2,2,,,,10.08,,,145,,,10.08,,278909,0,13.1,UNSUPPORTED_UNIT,"unit nao suportada: ""CT"""
1137,1137,278908,,CT,979.49,1.23,2,2,,,,11.75,,,12,,,11.75,,278908,0,15.28,UNSUPPORTED_UNIT,"unit nao suportada: ""CT"""
1138,1138,279812,,CT,1207.31,2.81,2,2,,,,14.49,,,28,,,14.49,,279812,0,18.84,UNSUPPORTED_UNIT,"unit nao suportada: ""CT"""
1139,1139,279275,,CT,1029.21,1.47,2,2,,,,12.35,,,14,,,12.35,,279275,0,16.06,UNSUPPORTED_UNIT,"unit nao suportada: ""CT"""
1140,1140,278907,,CT,1318.98,1.14,2,2,,,,15.83,,,11,,,15.83,,278907,0,20.58,UNSUPPORTED_UNIT,"unit nao suportada: ""CT"""
1141,1141,279342,,CT,1341.14,2.42,2,2,,,,16.09,,,24,,,16.09,,279342,0,20.92,UNSUPPORTED_UNIT,"unit nao suportada: ""CT"""
1142,1142,279901,,CT,467.14,1.47,2,2,,,,5.61,,,14,,,5.61,,279901,0,7.29,UNSUPPORTED_UNIT,"unit nao suportada: ""CT"""
1143,1143,278905,,CT,635.23,-1.3,2,2,,,,7.62,,,0,,,7.62,,278905,0,9.91,UNSUPPORTED_UNIT,"unit nao suportada: ""CT"""
1144,1144,279879,,CT,640.92,3.37,2,2,,,,7.69,,,33,,,7.69,,279879,0,10,UNSUPPORTED_UNIT,"unit nao suportada: ""CT"""
1145,1145,278904,,CT,738.71,6.56,2,2,,,,8.86,,,65,,,8.86,,278904,0,11.52,UNSUPPORTED_UNIT,"unit nao suportada: ""CT"""
1146,1146,278903,,CT,803.89,-2.17,2,2,,,,9.65,,,0,,,9.65,,278903,0,12.55,UNSUPPORTED_UNIT,"unit nao suportada: ""CT"""
1147,1147,278902,,CT,869.08,1.6,2,2,,,,10.43,,,16,,,10.43,,278902,0,13.56,UNSUPPORTED_UNIT,"unit nao suportada: ""CT"""
1148,1148,278901,,CT,934.73,6.29,2,2,,,,11.22,,,62,,,11.22,,278901,0,14.59,UNSUPPORTED_UNIT,"unit nao suportada: ""CT"""
1149,1149,280013,,CT,1205.21,3.78,2,2,,,,14.46,,,37,,,14.46,,280013,0,18.8,UNSUPPORTED_UNIT,"unit nao suportada: ""CT"""
1150,1150,278900,,CT,1272.58,14.64,2,2,,,,15.27,,,146,,,15.27,,278900,0,19.85,UNSUPPORTED_UNIT,"unit nao suportada: ""CT"""
1151,1151,278899,,CT,1377.39,0.72,2,2,,,,16.53,,,7,,,16.53,,278899,0,21.49,UNSUPPORTED_UNIT,"unit nao suportada: ""CT"""
1152,1152,278898,,CT,1475.76,0.88,2,2,,,,17.71,,,8,,,17.71,,278898,0,23.02,UNSUPPORTED_UNIT,"unit nao suportada: ""CT"""
1153,1153,280011,,CT,1657.78,4.04,2,2,,,,19.89,,,40,,,19.89,,280011,0,25.86,UNSUPPORTED_UNIT,"unit nao suportada: ""CT"""
1154,1154,279274,,CT,1647.94,0.82,2,2,,,,19.78,,,8,,,19.78,,279274,0,25.71,UNSUPPORTED_UNIT,"unit nao suportada: ""CT"""
1155,1155,279878,,CT,1978.54,1.42,2,2,,,,23.74,,,14,,,23.74,,279878,0,30.86,UNSUPPORTED_UNIT,"unit nao suportada: ""CT"""
1156,1156,279225,,CT,1825.53,0.17,2,2,,,,21.91,,,1,,,21.91,,279225,0,28.48,UNSUPPORTED_UNIT,"unit nao suportada: ""CT"""
1157,1157,278566,,CT,749.7,0.71,2,2,,,,9,,,7,,,9,,278566,0,11.7,UNSUPPORTED_UNIT,"unit nao suportada: ""CT"""
1158,1158,278565,,CT,846.41,0.92,2,2,,,,10.16,,,9,,,10.16,,278565,0,13.21,UNSUPPORTED_UNIT,"unit nao suportada: ""CT"""
1159,1159,278564,,CT,862.5,1.51,2,2,,,,10.35,,,15,,,10.35,,278564,0,13.46,UNSUPPORTED_UNIT,"unit nao suportada: ""CT"""
1160,1160,279336,,CT,1045.46,8.91,2,2,,,,12.55,,,89,,,12.55,,279336,0,16.32,UNSUPPORTED_UNIT,"unit nao suportada: ""CT"""
1161,1161,278896,,CT,1188.92,4.98,2,2,,,,14.27,,,49,,,14.27,,278896,0,18.55,UNSUPPORTED_UNIT,"unit nao suportada: ""CT"""
1162,1162,278895,,CT,1141.85,4.3,2,2,,,,13.7,,,43,,,13.7,,278895,0,17.81,UNSUPPORTED_UNIT,"unit nao suportada: ""CT"""
1163,1163,279348,,CT,1387.77,0,2,2,,,,16.65,,,0,,,16.65,,279348,0,21.65,UNSUPPORTED_UNIT,"unit nao suportada: ""CT"""
1164,1164,278894,,CT,1521.84,3.21,2,2,,,,18.26,,,32,,,18.26,,278894,0,23.74,UNSUPPORTED_UNIT,"unit nao suportada: ""CT"""
1165,1165,278893,,CT,1664.51,5.12,2,2,,,,19.97,,,51,,,19.97,,278893,0,25.96,UNSUPPORTED_UNIT,"unit nao suportada: ""CT"""
1166,1166,279877,,CT,1893.5,3.06,2,2,,,,22.72,,,30,,,22.72,,279877,0,29.54,UNSUPPORTED_UNIT,"unit nao suportada: ""CT"""
1167,1167,278892,,CT,1902.3,2.16,2,2,,,,22.83,,,21,,,22.83,,278892,0,29.68,UNSUPPORTED_UNIT,"unit nao suportada: ""CT"""
1168,1168,279876,,CT,2092.34,0.57,2,2,,,,25.11,,,5,,,25.11,,279876,0,32.64,UNSUPPORTED_UNIT,"unit nao suportada: ""CT"""
1169,1169,278891,,CT,2140.08,0.35,2,2,,,,25.68,,,3,,,25.68,,278891,0,33.38,UNSUPPORTED_UNIT,"unit nao suportada: ""CT"""
1170,1170,278890,,CT,2134.5,0.12,2,2,,,,25.61,,,1,,,25.61,,278890,0,33.29,UNSUPPORTED_UNIT,"unit nao suportada: ""CT"""
1171,1171,279341,,CT,2673.33,1.08,2,2,,,,32.08,,,10,,,32.08,,279341,0,41.7,UNSUPPORTED_UNIT,"unit nao suportada: ""CT"""
1172,1172,278563,,CT,3467.85,1.17,2,2,,,,41.61,,,11,,,41.61,,278563,0,54.09,UNSUPPORTED_UNIT,"unit nao suportada: ""CT"""
1173,1173,278884,,CT,4228.28,11.89,2,2,,,,50.74,,,118,,,50.74,,278884,0,65.96,UNSUPPORTED_UNIT,"unit nao suportada: ""CT"""
1175,1175,278883,,CT,5801.58,0.13,2,2,,,,69.62,,,1,,,69.62,,278883,0,90.51,UNSUPPORTED_UNIT,"unit nao suportada: ""CT"""
1176,1176,279827,,CT,6581.21,0.62,2,2,,,,78.97,,,6,,,78.97,,279827,0,102.66,UNSUPPORTED_UNIT,"unit nao suportada: ""CT"""
1177,1177,279830,,CT,7271.8,0.14,2,2,,,,87.26,,,1,,,87.26,,279830,0,113.44,UNSUPPORTED_UNIT,"unit nao suportada: ""CT"""
1178,1178,278882,,CT,9878.24,2.07,2,2,,,,118.54,,,20,,,118.54,,278882,0,154.1,UNSUPPORTED_UNIT,"unit nao suportada: ""CT"""
1179,1179,278881,,CT,10527.8,1.54,2,2,,,,126.33,,,15,,,126.33,,278881,0,164.23,UNSUPPORTED_UNIT,"unit nao suportada: ""CT"""
1180,1180,279826,,CT,6222.16,0,2,2,,,,74.67,,,0,,,74.67,,279826,0,97.07,UNSUPPORTED_UNIT,"unit nao suportada: ""CT"""
1181,1181,279828,,CT,7077.76,1.93,2,2,,,,84.93,,,19,,,84.93,,279828,0,110.41,UNSUPPORTED_UNIT,"unit nao suportada: ""CT"""
1182,1182,279829,,CT,6105.19,1.43,2,2,,,,73.26,,,14,,,73.26,,279829,0,95.24,UNSUPPORTED_UNIT,"unit nao suportada: ""CT"""
1184,1184,279831,,CT,7465.41,1.3,2,2,,,,89.58,,,13,,,89.58,,279831,0,116.45,UNSUPPORTED_UNIT,"unit nao suportada: ""CT"""
1185,1185,279833,,CT,9796.66,0.15,2,2,,,,117.56,,,1,,,117.56,,279833,0,152.83,UNSUPPORTED_UNIT,"unit nao suportada: ""CT"""
1186,1186,279834,,CT,11122.23,0.77,2,2,,,,133.47,,,7,,,133.47,,279834,0,173.51,UNSUPPORTED_UNIT,"unit nao suportada: ""CT"""
1187,1187,279218,,CT,14385.86,0.17,2,2,,,,172.63,,,1,,,172.63,,279218,0,224.42,UNSUPPORTED_UNIT,"unit nao suportada: ""CT"""
1188,1188,278878,,CT,16030.69,0.95,2,2,,,,192.37,,,9,,,192.37,,278878,0,250.08,UNSUPPORTED_UNIT,"unit nao suportada: ""CT"""
1189,1189,278886,,CT,2615.93,0.97,2,2,,,,31.39,,,9,,,31.39,,278886,0,40.81,UNSUPPORTED_UNIT,"unit nao suportada: ""CT"""
1190,1190,279816,,CT,1695.91,1.58,2,2,,,,20.35,,,15,,,20.35,,279816,0,26.46,UNSUPPORTED_UNIT,"unit nao suportada: ""CT"""
1191,1191,278887,,CT,2191.08,1.94,2,2,,,,26.29,,,19,,,26.29,,278887,0,34.18,UNSUPPORTED_UNIT,"unit nao suportada: ""CT"""
1192,1192,279309,,CT,3038.01,8.04,2,2,,,,36.46,,,80,,,36.46,,279309,0,47.4,UNSUPPORTED_UNIT,"unit nao suportada: ""CT"""
1193,1193,279224,,CT,3394.59,0.53,2,2,,,,40.74,,,5,,,40.74,,279224,0,52.96,UNSUPPORTED_UNIT,"unit nao suportada: ""CT"""
1194,1194,279226,,CT,3982.27,1.03,2,2,,,,47.79,,,10,,,47.79,,279226,0,62.13,UNSUPPORTED_UNIT,"unit nao suportada: ""CT"""
1195,1195,279836,,CT,14342.46,0.93,2,2,,,,172.11,,,9,,,172.11,,279836,0,223.74,UNSUPPORTED_UNIT,"unit nao suportada: ""CT"""
1196,1196,278879,,CT,9215.22,0.62,2,2,,,,110.58,,,6,,,110.58,,278879,0,143.75,UNSUPPORTED_UNIT,"unit nao suportada: ""CT"""
1197,1197,279282,,CT,84.11,11.62,2,2,,,,1.01,,,116,,,1.01,,279282,0,1.31,UNSUPPORTED_UNIT,"unit nao suportada: ""CT"""
1198,1198,279192,,CT,91.56,1.47,2,2,,,,1.1,,,14,,,1.1,,279192,0,1.43,UNSUPPORTED_UNIT,"unit nao suportada: ""CT"""
1199,1199,279222,,CT,4560.24,1.23,2,2,,,,54.72,,,12,,,54.72,,279222,0,71.14,UNSUPPORTED_UNIT,"unit nao suportada: ""CT"""
1200,1200,278885,,CT,9072.96,0.88,2,2,,,,108.88,,,8,,,108.88,,278885,0,141.54,UNSUPPORTED_UNIT,"unit nao suportada: ""CT"""
1202,1202,279223,,CT,5257.08,2.12,2,2,,,,63.08,,,21,,,63.08,,279223,0,82,UNSUPPORTED_UNIT,"unit nao suportada: ""CT"""
1203,1203,279835,,CT,12625.09,0.7,2,2,,,,151.5,,,7,,,151.5,,279835,0,196.95,UNSUPPORTED_UNIT,"unit nao suportada: ""CT"""
1204,1204,279819,,CT,2475.56,2.88,2,2,,,,29.71,,,28,,,29.71,,279819,0,38.62,UNSUPPORTED_UNIT,"unit nao suportada: ""CT"""
1205,1205,279217,,CT,23.64,95.18,2,2,,,,0.28,,,951,,,0.28,,279217,0,0.36,UNSUPPORTED_UNIT,"unit nao suportada: ""CT"""
1206,1206,278550,,CT,30.3,776.77,2,2,,,,0.36,,,7767,,,0.36,,278550,0,0.47,UNSUPPORTED_UNIT,"unit nao suportada: ""CT"""
1207,1207,279215,,CT,39.16,108.54,2,2,,,,0.47,,,1085,,,0.47,,279215,0,0.61,UNSUPPORTED_UNIT,"unit nao suportada: ""CT"""
1208,1208,278549,,CT,47.31,160.47,2,2,,,,0.57,,,1604,,,0.57,,278549,0,0.74,UNSUPPORTED_UNIT,"unit nao suportada: ""CT"""
1209,1209,278543,,CT,111.06,150.919,2,2,,,,1.33,,,1509,,,1.33,,278543,0,1.73,UNSUPPORTED_UNIT,"unit nao suportada: ""CT"""
1210,1210,280016,,CT,64.32,15.6,2,2,,,,0.77,,,156,,,0.77,,280016,0,1,UNSUPPORTED_UNIT,"unit nao suportada: ""CT"""
1211,1211,278539,,CT,110.22,223.43,2,2,,,,1.32,,,2234,,,1.32,,278539,0,1.72,UNSUPPORTED_UNIT,"unit nao suportada: ""CT"""
1217,1217,279900,,CT,45.36,686.22,2,2,,,,0.54,,,6862,,,0.54,,279900,0,0.7,UNSUPPORTED_UNIT,"unit nao suportada: ""CT"""
1220,1220,279311,,CT,25.3,204.14,2,2,,,,0.3,,,2041,,,0.3,,279311,0,0.39,UNSUPPORTED_UNIT,"unit nao suportada: ""CT"""
1221,1221,278558,,CT,12.68,147.14,2,2,,,,0.15,,,1471,,,0.15,,278558,0,0.2,UNSUPPORTED_UNIT,"unit nao suportada: ""CT"""
1222,1222,278556,,CT,15.52,320.87,2,2,,,,0.19,,,3208,,,0.19,,278556,0,0.25,UNSUPPORTED_UNIT,"unit nao suportada: ""CT"""
1223,1223,278555,,CT,18.44,136.96,2,2,,,,0.22,,,1369,,,0.22,,278555,0,0.29,UNSUPPORTED_UNIT,"unit nao suportada: ""CT"""
1224,1224,278554,,CT,20.61,420.45,2,2,,,,0.25,,,4204,,,0.25,,278554,0,0.33,UNSUPPORTED_UNIT,"unit nao suportada: ""CT"""
1225,1225,278557,,CT,14.32,64.45,2,2,,,,0.17,,,644,,,0.17,,278557,0,0.22,UNSUPPORTED_UNIT,"unit nao suportada: ""CT"""
1226,1226,278871,,CT,55.29,235.18,2,2,,,,0.66,,,2351,,,0.66,,278871,0,0.86,UNSUPPORTED_UNIT,"unit nao suportada: ""CT"""
1227,1227,278546,,CT,41.94,26.89,2,2,,,,0.5,,,268,,,0.5,,278546,0,0.65,UNSUPPORTED_UNIT,"unit nao suportada: ""CT"""
1228,1228,278544,,CT,58.21,125.15,2,2,,,,0.7,,,1251,,,0.7,,278544,0,0.91,UNSUPPORTED_UNIT,"unit nao suportada: ""CT"""
1230,1230,278541,,CT,87.09,328.77,2,2,,,,1.05,,,3287,,,1.05,,278541,0,1.37,UNSUPPORTED_UNIT,"unit nao suportada: ""CT"""
1231,1231,279899,,CT,133.67,45.64,2,2,,,,1.6,,,456,,,1.6,,279899,0,2.08,UNSUPPORTED_UNIT,"unit nao suportada: ""CT"""
1232,1232,279353,,CT,34.04,92.51,2,2,,,,0.41,,,925,,,0.41,,279353,0,0.53,UNSUPPORTED_UNIT,"unit nao suportada: ""CT"""
1234,1234,279333,,CT,506.48,1.77,2,2,,,,6.08,,,17,,,6.08,,279333,0,7.9,UNSUPPORTED_UNIT,"unit nao suportada: ""CT"""
1235,1235,279370,,CT,16.88,115.67,2,2,,,,0.2,,,1156,,,0.2,,279370,0,0.26,UNSUPPORTED_UNIT,"unit nao suportada: ""CT"""
1236,1236,278545,,CT,49.76,199.08,2,2,,,,0.6,,,1990,,,0.6,,278545,0,0.78,UNSUPPORTED_UNIT,"unit nao suportada: ""CT"""
1237,1237,278567,,CT,343.4,1.39,2,2,,,,4.12,,,13,,,4.12,,278567,0,5.36,UNSUPPORTED_UNIT,"unit nao suportada: ""CT"""
1238,1238,278547,,CT,41.53,79.12,2,2,,,,0.5,,,791,,,0.5,,278547,0,0.65,UNSUPPORTED_UNIT,"unit nao suportada: ""CT"""
1239,1239,278512,,CT,129.92,-1.11,2,2,,,,1.56,,,0,,,1.56,,278512,0,2.03,UNSUPPORTED_UNIT,"unit nao suportada: ""CT"""
1240,1240,278530,,CT,196.9,73.22,2,2,,,,2.36,,,732,,,2.36,,278530,0,3.07,UNSUPPORTED_UNIT,"unit nao suportada: ""CT"""
1241,1241,278531,,CT,169.3,19.13,2,2,,,,2.03,,,191,,,2.03,,278531,0,2.64,UNSUPPORTED_UNIT,"unit nao suportada: ""CT"""
1242,1242,278529,,CT,234.52,67,2,2,,,,2.81,,,670,,,2.81,,278529,0,3.65,UNSUPPORTED_UNIT,"unit nao suportada: ""CT"""
1243,1243,278527,,CT,351.77,6.4,2,2,,,,4.22,,,64,,,4.22,,278527,0,5.49,UNSUPPORTED_UNIT,"unit nao suportada: ""CT"""
1244,1244,278548,,CT,65.93,22.32,2,2,,,,0.79,,,223,,,0.79,,278548,0,1.03,UNSUPPORTED_UNIT,"unit nao suportada: ""CT"""
1245,1245,279822,,CT,4333.19,0.81,2,2,,,,52,,,8,,,52,,279822,0,67.6,UNSUPPORTED_UNIT,"unit nao suportada: ""CT"""
1246,1246,278562,,CT,3510.38,5.63,2,2,,,,42.12,,,56,,,42.12,,278562,0,54.76,UNSUPPORTED_UNIT,"unit nao suportada: ""CT"""
1247,1247,278510,,CT,53.36,11.89,2,2,,,,0.64,,,118,,,0.64,,278510,0,0.83,UNSUPPORTED_UNIT,"unit nao suportada: ""CT"""
1248,1248,279287,,CT,147.41,17.78,2,2,,,,1.77,,,177,,,1.77,,279287,0,2.3,UNSUPPORTED_UNIT,"unit nao suportada: ""CT"""
1249,1249,278508,,CT,179.91,3.74,2,2,,,,2.16,,,37,,,2.16,,278508,0,2.81,UNSUPPORTED_UNIT,"unit nao suportada: ""CT"""
1250,1250,279981,,CT,242.74,3.3,2,2,,,,2.91,,,33,,,2.91,,279981,0,3.78,UNSUPPORTED_UNIT,"unit nao suportada: ""CT"""
1251,1251,279811,,CT,1019.51,21.65,2,2,,,,12.23,,,216,,,12.23,,279811,0,15.9,UNSUPPORTED_UNIT,"unit nao suportada: ""CT"""
1252,1252,278888,,CT,2041.08,2.69,2,2,,,,24.49,,,26,,,24.49,,278888,0,31.84,UNSUPPORTED_UNIT,"unit nao suportada: ""CT"""
1253,1253,279969,,CT,94.35,36.92,2,2,,,,1.13,,,369,,,1.13,,279969,0,1.47,UNSUPPORTED_UNIT,"unit nao suportada: ""CT"""
1254,1254,278540,,CT,98.34,34.35,2,2,,,,1.18,,,343,,,1.18,,278540,0,1.53,UNSUPPORTED_UNIT,"unit nao suportada: ""CT"""
1255,1255,278867,,CT,96.66,6.62,2,2,,,,1.16,,,66,,,1.16,,278867,0,1.51,UNSUPPORTED_UNIT,"unit nao suportada: ""CT"""
1257,1257,278874,,CT,51.39,135.17,2,2,,,,0.62,,,1351,,,0.62,,278874,0,0.81,UNSUPPORTED_UNIT,"unit nao suportada: ""CT"""
1258,1258,278538,,CT,121.94,4.88,2,2,,,,1.46,,,48,,,1.46,,278538,0,1.9,UNSUPPORTED_UNIT,"unit nao suportada: ""CT"""
1259,1259,278876,,CT,47.81,390.71,2,2,,,,0.57,,,3907,,,0.57,,278876,0,0.74,UNSUPPORTED_UNIT,"unit nao suportada: ""CT"""
1260,1260,278513,,CT,110.53,-11.98,2,2,,,,1.33,,,0,,,1.33,,278513,0,1.73,UNSUPPORTED_UNIT,"unit nao suportada: ""CT"""
1261,1261,279821,,CT,3752.9,1.84,2,2,,,,45.03,,,18,,,45.03,,279821,0,58.54,UNSUPPORTED_UNIT,"unit nao suportada: ""CT"""
1262,1262,279216,,CT,26.6,41.6,2,2,,,,0.32,,,416,,,0.32,,279216,0,0.42,UNSUPPORTED_UNIT,"unit nao suportada: ""CT"""
1263,1263,278875,,CT,49.73,46.92,2,2,,,,0.6,,,469,,,0.6,,278875,0,0.78,UNSUPPORTED_UNIT,"unit nao suportada: ""CT"""
1264,1264,278877,,CT,41.76,133.06,2,2,,,,0.5,,,1330,,,0.5,,278877,0,0.65,UNSUPPORTED_UNIT,"unit nao suportada: ""CT"""
1265,1265,279872,,CT,326.08,2.87,2,2,,,,3.91,,,28,,,3.91,,279872,0,5.08,UNSUPPORTED_UNIT,"unit nao suportada: ""CT"""
1266,1266,278533,,CT,171.83,16.31,2,2,,,,2.06,,,163,,,2.06,,278533,0,2.68,UNSUPPORTED_UNIT,"unit nao suportada: ""CT"""
1267,1267,278880,,CT,8897.35,1.4,2,2,,,,106.77,,,14,,,106.77,,278880,0,138.8,UNSUPPORTED_UNIT,"unit nao suportada: ""CT"""
1269,1269,279219,,CT,4279.92,5.31,2,2,,,,51.36,,,53,,,51.36,,279219,0,66.77,UNSUPPORTED_UNIT,"unit nao suportada: ""CT"""
1270,1270,279346,,CT,98.11,16.62,2,2,,,,1.18,,,166,,,1.18,,279346,0,1.53,UNSUPPORTED_UNIT,"unit nao suportada: ""CT"""
1271,1271,278906,,CT,2972.38,1.59,2,2,,,,35.67,,,15,,,35.67,,278906,0,46.37,UNSUPPORTED_UNIT,"unit nao suportada: ""CT"""
1272,1272,278861,,CT,289.86,10.14,2,2,,,,3.48,,,101,,,3.48,,278861,0,4.52,UNSUPPORTED_UNIT,"unit nao suportada: ""CT"""
1273,1273,279825,,,5776.02,,2,2,,,,69.31,,,0,,,69.31,,279825,0,90.1,CISS_MISSING,"CISS /products/stock sem registro (data:[]); producao trata como estoque 0"
1274,1274,278537,,CT,159.48,12.03,2,2,,,,1.91,,,120,,,1.91,,278537,0,2.48,UNSUPPORTED_UNIT,"unit nao suportada: ""CT"""
1275,1275,279832,,CT,8009.31,0.9,2,2,,,,96.11,,,9,,,96.11,,279832,0,124.94,UNSUPPORTED_UNIT,"unit nao suportada: ""CT"""
1276,1276,279349,,CT,36.65,2.75,2,2,,,,0.44,,,27,,,0.44,,279349,0,0.57,UNSUPPORTED_UNIT,"unit nao suportada: ""CT"""
1277,1277,280037,,CT,25.65,29.23,2,2,,,,0.31,,,292,,,0.31,,280037,0,0.4,UNSUPPORTED_UNIT,"unit nao suportada: ""CT"""
1279,1279,279289,,CT,83.27,21.3,2,2,,,,1,,,213,,,1,,279289,0,1.3,UNSUPPORTED_UNIT,"unit nao suportada: ""CT"""
1280,1280,280039,,CT,158.39,5.15,2,2,,,,1.9,,,51,,,1.9,,280039,0,2.47,UNSUPPORTED_UNIT,"unit nao suportada: ""CT"""
1281,1281,278868,,CT,86.66,13.96,2,2,,,,1.04,,,139,,,1.04,,278868,0,1.35,UNSUPPORTED_UNIT,"unit nao suportada: ""CT"""
1282,1282,279824,,CT,5489.59,0.75,2,2,,,,65.88,,,7,,,65.88,,279824,0,85.64,UNSUPPORTED_UNIT,"unit nao suportada: ""CT"""
1283,1283,280038,,CT,309.31,20.24,2,2,,,,3.71,,,202,,,3.71,,280038,0,4.82,UNSUPPORTED_UNIT,"unit nao suportada: ""CT"""
1284,1284,280031,,CT,189.04,7.34,2,2,,,,2.27,,,73,,,2.27,,280031,0,2.95,UNSUPPORTED_UNIT,"unit nao suportada: ""CT"""
1285,1285,279279,,CT,310.83,62.51,2,2,,,,3.73,,,625,,,3.73,,279279,0,4.85,UNSUPPORTED_UNIT,"unit nao suportada: ""CT"""
1286,1286,278511,,CT,207.73,17.21,2,2,,,,2.49,,,172,,,2.49,,278511,0,3.24,UNSUPPORTED_UNIT,"unit nao suportada: ""CT"""
1287,1287,279190,,CT,50.61,6.86,2,2,,,,0.61,,,68,,,0.61,,279190,0,0.79,UNSUPPORTED_UNIT,"unit nao suportada: ""CT"""
1288,1288,279191,,CT,65.42,18.05,2,2,,,,0.79,,,180,,,0.79,,279191,0,1.03,UNSUPPORTED_UNIT,"unit nao suportada: ""CT"""
1289,1289,279199,,CT,131.68,11,2,2,,,,1.58,,,110,,,1.58,,279199,0,2.05,UNSUPPORTED_UNIT,"unit nao suportada: ""CT"""
1290,1290,279820,,CT,2727.11,1.21,2,2,,,,32.73,,,12,,,32.73,,279820,0,42.55,UNSUPPORTED_UNIT,"unit nao suportada: ""CT"""
1291,1291,278897,,CT,2403.65,1,2,2,,,,28.84,,,10,,,28.84,,278897,0,37.49,UNSUPPORTED_UNIT,"unit nao suportada: ""CT"""
1292,1292,278614,,CT,16.83,28.28,2,2,,,,0.2,,,282,,,0.2,,278614,0,0.26,UNSUPPORTED_UNIT,"unit nao suportada: ""CT"""
1293,1293,278613,,CT,18.3,3.95,2,2,,,,0.22,,,39,,,0.22,,278613,0,0.29,UNSUPPORTED_UNIT,"unit nao suportada: ""CT"""
1294,1294,279189,,CT,39.79,0,2,2,,,,0.48,,,0,,,0.48,,279189,0,0.62,UNSUPPORTED_UNIT,"unit nao suportada: ""CT"""
1295,1295,280032,,CT,65.93,5.71,2,2,,,,0.79,,,57,,,0.79,,280032,0,1.03,UNSUPPORTED_UNIT,"unit nao suportada: ""CT"""
1297,1297,280035,,CT,109.41,59.02,2,2,,,,1.31,,,590,,,1.31,,280035,0,1.7,UNSUPPORTED_UNIT,"unit nao suportada: ""CT"""
1298,1298,279339,,CT,159.9,6.73,2,2,,,,1.92,,,67,,,1.92,,279339,0,2.5,UNSUPPORTED_UNIT,"unit nao suportada: ""CT"""
1299,1299,278553,,CT,21.48,197.25,2,2,,,,0.26,,,1972,,,0.26,,278553,0,0.34,UNSUPPORTED_UNIT,"unit nao suportada: ""CT"""
1300,1300,280012,,CT,5138.63,1.32,2,2,,,,61.66,,,13,,,61.66,,280012,0,80.16,UNSUPPORTED_UNIT,"unit nao suportada: ""CT"""
1301,1301,278889,,CT,5760.4,1.77,2,2,,,,69.12,,,17,,,69.12,,278889,0,89.86,UNSUPPORTED_UNIT,"unit nao suportada: ""CT"""
1302,1302,279823,,CT,3958.67,6.4,2,2,,,,47.5,,,64,,,47.5,,279823,0,61.75,UNSUPPORTED_UNIT,"unit nao suportada: ""CT"""
1303,1303,278509,,CT,73.29,4.89,2,2,,,,0.88,,,48,,,0.88,,278509,0,1.14,UNSUPPORTED_UNIT,"unit nao suportada: ""CT"""
1304,1304,278528,,CT,367.08,3.94,2,2,,,,4.4,,,39,,,4.4,,278528,0,5.72,UNSUPPORTED_UNIT,"unit nao suportada: ""CT"""
1305,1305,278859,,CT,446.87,2.43,2,2,,,,5.36,,,24,,,5.36,,278859,0,6.97,UNSUPPORTED_UNIT,"unit nao suportada: ""CT"""
1306,1306,279329,,CT,199.88,1.54,2,2,,,,2.4,,,15,,,2.4,,279329,0,3.12,UNSUPPORTED_UNIT,"unit nao suportada: ""CT"""
1307,1307,278858,,CT,507.27,22.62,2,2,,,,6.09,,,226,,,6.09,,278858,0,7.92,UNSUPPORTED_UNIT,"unit nao suportada: ""CT"""
1308,1308,278873,,CT,59.02,14.83,2,2,,,,0.71,,,148,,,0.71,,278873,0,0.92,UNSUPPORTED_UNIT,"unit nao suportada: ""CT"""
1309,1309,278872,,CT,67.2,36.59,2,2,,,,0.81,,,365,,,0.81,,278872,0,1.05,UNSUPPORTED_UNIT,"unit nao suportada: ""CT"""
1310,1310,279221,,CT,4947.53,1.94,2,2,,,,59.37,,,19,,,59.37,,279221,0,77.18,UNSUPPORTED_UNIT,"unit nao suportada: ""CT"""
1311,1311,278559,,CT,14.63,67.99,2,2,,,,0.18,,,679,,,0.18,,278559,0,0.23,UNSUPPORTED_UNIT,"unit nao suportada: ""CT"""
1312,1312,279875,,CT,230.86,7.380000000000001,2,2,,,,2.77,,,73,,,2.77,,279875,0,3.6,UNSUPPORTED_UNIT,"unit nao suportada: ""CT"""
1314,1314,279873,,CT,373.14,2.23,2,2,,,,4.48,,,22,,,4.48,,279873,0,5.82,UNSUPPORTED_UNIT,"unit nao suportada: ""CT"""
1398,1398,279882,,CT,499.88,1.1,2,2,,,,6,,,11,,,6,,279882,0,7.8,UNSUPPORTED_UNIT,"unit nao suportada: ""CT"""
1432,1432,279905,,CT,78.31,7.91,2,2,,,,0.94,,,79,,,0.94,,279905,0,1.22,UNSUPPORTED_UNIT,"unit nao suportada: ""CT"""
1433,1433,279904,,CT,98.39,1.77,2,2,,,,1.18,,,17,,,1.18,,279904,0,1.53,UNSUPPORTED_UNIT,"unit nao suportada: ""CT"""
1434,1434,278582,,CT,126.57,3.48,2,2,,,,1.52,,,34,,,1.52,,278582,0,1.98,UNSUPPORTED_UNIT,"unit nao suportada: ""CT"""
1435,1435,278581,,CT,114.2,5.74,2,2,,,,1.37,,,57,,,1.37,,278581,0,1.78,UNSUPPORTED_UNIT,"unit nao suportada: ""CT"""
1436,1436,279200,,CT,167.89,0.68,2,2,,,,2.01,,,6,,,2.01,,279200,0,2.61,UNSUPPORTED_UNIT,"unit nao suportada: ""CT"""
1437,1437,278933,,CT,151.22,1.71,2,2,,,,1.81,,,17,,,1.81,,278933,0,2.35,UNSUPPORTED_UNIT,"unit nao suportada: ""CT"""
1438,1438,279884,,CT,206.48,1.94,2,2,,,,2.48,,,19,,,2.48,,279884,0,3.22,UNSUPPORTED_UNIT,"unit nao suportada: ""CT"""
1439,1439,278932,,CT,195.86,1.26,2,2,,,,2.35,,,12,,,2.35,,278932,0,3.06,UNSUPPORTED_UNIT,"unit nao suportada: ""CT"""
1440,1440,278931,,CT,228.46,0.97,2,2,,,,2.74,,,9,,,2.74,,278931,0,3.56,UNSUPPORTED_UNIT,"unit nao suportada: ""CT"""
1441,1441,279381,,CT,229.47,2.71,2,2,,,,2.75,,,27,,,2.75,,279381,0,3.58,UNSUPPORTED_UNIT,"unit nao suportada: ""CT"""
1442,1442,279207,,CT,303.87,0.89,2,2,,,,3.65,,,8,,,3.65,,279207,0,4.75,UNSUPPORTED_UNIT,"unit nao suportada: ""CT"""
1443,1443,278930,,CT,333.74,3.19,2,2,,,,4,,,31,,,4,,278930,0,5.2,UNSUPPORTED_UNIT,"unit nao suportada: ""CT"""
1444,1444,278929,,CT,368.66,3.32,2,2,,,,4.42,,,33,,,4.42,,278929,0,5.75,UNSUPPORTED_UNIT,"unit nao suportada: ""CT"""
1445,1445,278928,,CT,398.53,1.76,2,2,,,,4.78,,,17,,,4.78,,278928,0,6.21,UNSUPPORTED_UNIT,"unit nao suportada: ""CT"""
1446,1446,279903,,CT,93.47,2.89,2,2,,,,1.12,,,28,,,1.12,,279903,0,1.46,UNSUPPORTED_UNIT,"unit nao suportada: ""CT"""
1447,1447,278583,,CT,69.82,15.52,2,2,,,,0.84,,,155,,,0.84,,278583,0,1.09,UNSUPPORTED_UNIT,"unit nao suportada: ""CT"""
1448,1448,279266,,CT,552.64,0.87,2,2,,,,6.63,,,8,,,6.63,,279266,0,8.62,UNSUPPORTED_UNIT,"unit nao suportada: ""CT"""
1449,1449,279334,,CT,48.69,0.38,2,2,,,,0.58,,,3,,,0.58,,279334,0,0.75,UNSUPPORTED_UNIT,"unit nao suportada: ""CT"""
1450,1450,279572,,CT,49.53,5.43,2,2,,,,0.59,,,54,,,0.59,,279572,0,0.77,UNSUPPORTED_UNIT,"unit nao suportada: ""CT"""
1451,1451,279571,,CT,54.47,-0.14,2,2,,,,0.65,,,0,,,0.65,,279571,0,0.85,UNSUPPORTED_UNIT,"unit nao suportada: ""CT"""
1452,1452,280021,,CT,65.18,3.13,2,2,,,,0.78,,,31,,,0.78,,280021,0,1.01,UNSUPPORTED_UNIT,"unit nao suportada: ""CT"""
1453,1453,278536,,CT,106.81,1.32,2,2,,,,1.28,,,13,,,1.28,,278536,0,1.66,UNSUPPORTED_UNIT,"unit nao suportada: ""CT"""
1454,1454,278535,,CT,109.13,12.16,2,2,,,,1.31,,,121,,,1.31,,278535,0,1.7,UNSUPPORTED_UNIT,"unit nao suportada: ""CT"""
1455,1455,278534,,CT,144.61,0.8,2,2,,,,1.74,,,8,,,1.74,,278534,0,2.26,UNSUPPORTED_UNIT,"unit nao suportada: ""CT"""
1456,1456,278864,,CT,192.93,1.92,2,2,,,,2.32,,,19,,,2.32,,278864,0,3.02,UNSUPPORTED_UNIT,"unit nao suportada: ""CT"""
1457,1457,278863,,CT,220.88,1.46,2,2,,,,2.65,,,14,,,2.65,,278863,0,3.45,UNSUPPORTED_UNIT,"unit nao suportada: ""CT"""
1458,1458,279203,,CT,255.42,1.21,2,2,,,,3.07,,,12,,,3.07,,279203,0,3.99,UNSUPPORTED_UNIT,"unit nao suportada: ""CT"""
1459,1459,279206,,CT,291.39,0,2,2,,,,3.5,,,0,,,3.5,,279206,0,4.55,UNSUPPORTED_UNIT,"unit nao suportada: ""CT"""
1462,1462,280104,,CT,14.07,25.9,2,2,,,,0.17,,,259,,,0.17,,280104,0,0.22,UNSUPPORTED_UNIT,"unit nao suportada: ""CT"""
1463,1463,280102,,CT,17.02,30.76,2,2,,,,0.2,,,307,,,0.2,,280102,0,0.26,UNSUPPORTED_UNIT,"unit nao suportada: ""CT"""
1464,1464,279870,,CT,18.73,62.36,2,2,,,,0.22,,,623,,,0.22,,279870,0,0.29,UNSUPPORTED_UNIT,"unit nao suportada: ""CT"""
1465,1465,280099,,CT,24.04,139.91,2,2,,,,0.29,,,1399,,,0.29,,280099,0,0.38,UNSUPPORTED_UNIT,"unit nao suportada: ""CT"""
1466,1466,280097,,CT,30.37,2.82,2,2,,,,0.36,,,28,,,0.36,,280097,0,0.47,UNSUPPORTED_UNIT,"unit nao suportada: ""CT"""
1467,1467,280093,,CT,28.83,14.95,2,2,,,,0.35,,,149,,,0.35,,280093,0,0.46,UNSUPPORTED_UNIT,"unit nao suportada: ""CT"""
1468,1468,280091,,CT,31.63,73.7,2,2,,,,0.38,,,737,,,0.38,,280091,0,0.49,UNSUPPORTED_UNIT,"unit nao suportada: ""CT"""
1469,1469,280090,,CT,35.43,9.4,2,2,,,,0.43,,,94,,,0.43,,280090,0,0.56,UNSUPPORTED_UNIT,"unit nao suportada: ""CT"""
1470,1470,280089,,CT,40.49,41.1,2,2,,,,0.49,,,411,,,0.49,,280089,0,0.64,UNSUPPORTED_UNIT,"unit nao suportada: ""CT"""
1471,1471,280088,,CT,50.62,9.84,2,2,,,,0.61,,,98,,,0.61,,280088,0,0.79,UNSUPPORTED_UNIT,"unit nao suportada: ""CT"""
1472,1472,279345,,CT,68.51,13.64,2,2,,,,0.82,,,136,,,0.82,,279345,0,1.07,UNSUPPORTED_UNIT,"unit nao suportada: ""CT"""
1473,1473,280087,,CT,68.34,37.78,2,2,,,,0.82,,,377,,,0.82,,280087,0,1.07,UNSUPPORTED_UNIT,"unit nao suportada: ""CT"""
1474,1474,280084,,CT,42.54,250.15,2,2,,,,0.51,,,2501,,,0.51,,280084,0,0.66,UNSUPPORTED_UNIT,"unit nao suportada: ""CT"""
1476,1476,280082,,CT,53.15,68.04,2,2,,,,0.64,,,680,,,0.64,,280082,0,0.83,UNSUPPORTED_UNIT,"unit nao suportada: ""CT"""
1477,1477,280081,,CT,59.48,143.86,2,2,,,,0.71,,,1438,,,0.71,,280081,0,0.92,UNSUPPORTED_UNIT,"unit nao suportada: ""CT"""
1478,1478,280079,,CT,73.08,43.8,2,2,,,,0.88,,,438,,,0.88,,280079,0,1.14,UNSUPPORTED_UNIT,"unit nao suportada: ""CT"""
1479,1479,279867,,CT,91.57,35.93,2,2,,,,1.1,,,359,,,1.1,,279867,0,1.43,UNSUPPORTED_UNIT,"unit nao suportada: ""CT"""
1480,1480,279285,,CT,117.32,9.43,2,2,,,,1.41,,,94,,,1.41,,279285,0,1.83,UNSUPPORTED_UNIT,"unit nao suportada: ""CT"""
1481,1481,279570,,CT,146.66,162.16,2,2,,,,1.76,,,1621,,,1.76,,279570,0,2.29,UNSUPPORTED_UNIT,"unit nao suportada: ""CT"""
1482,1482,279569,,CT,146.08,11.78,2,2,,,,1.75,,,117,,,1.75,,279569,0,2.28,UNSUPPORTED_UNIT,"unit nao suportada: ""CT"""
1483,1483,280075,,CT,68.64,19.03,2,2,,,,0.82,,,190,,,0.82,,280075,0,1.07,UNSUPPORTED_UNIT,"unit nao suportada: ""CT"""
1484,1484,280074,,CT,75.64,11.44,2,2,,,,0.91,,,114,,,0.91,,280074,0,1.18,UNSUPPORTED_UNIT,"unit nao suportada: ""CT"""
1485,1485,280073,,CT,84.44,10.92,2,2,,,,1.01,,,109,,,1.01,,280073,0,1.31,UNSUPPORTED_UNIT,"unit nao suportada: ""CT"""
1486,1486,280072,,CT,120.66,25.82,2,2,,,,1.45,,,258,,,1.45,,280072,0,1.89,UNSUPPORTED_UNIT,"unit nao suportada: ""CT"""
1487,1487,279568,,CT,152,0,2,2,,,,1.82,,,0,,,1.82,,279568,0,2.37,UNSUPPORTED_UNIT,"unit nao suportada: ""CT"""
1488,1488,279276,,CT,146.09,2.58,2,2,,,,1.75,,,25,,,1.75,,279276,0,2.28,UNSUPPORTED_UNIT,"unit nao suportada: ""CT"""
1489,1489,279567,,CT,196.87,1.35,2,2,,,,2.36,,,13,,,2.36,,279567,0,3.07,UNSUPPORTED_UNIT,"unit nao suportada: ""CT"""
1491,1491,280070,,CT,91.15,84.82,2,2,,,,1.09,,,848,,,1.09,,280070,0,1.42,UNSUPPORTED_UNIT,"unit nao suportada: ""CT"""
1492,1492,280069,,CT,103.02,11.99,2,2,,,,1.24,,,119,,,1.24,,280069,0,1.61,UNSUPPORTED_UNIT,"unit nao suportada: ""CT"""
1493,1493,280068,,CT,112.56,21.09,2,2,,,,1.35,,,210,,,1.35,,280068,0,1.76,UNSUPPORTED_UNIT,"unit nao suportada: ""CT"""
1494,1494,280066,,CT,130.54,79.92,2,2,,,,1.57,,,799,,,1.57,,280066,0,2.04,UNSUPPORTED_UNIT,"unit nao suportada: ""CT"""
1495,1495,280293,,CT,165.87,9.93,2,2,,,,1.99,,,99,,,1.99,,280293,0,2.59,UNSUPPORTED_UNIT,"unit nao suportada: ""CT"""
1496,1496,280294,,CT,190.41,13.2,2,2,,,,2.28,,,132,,,2.28,,280294,0,2.96,UNSUPPORTED_UNIT,"unit nao suportada: ""CT"""
1497,1497,280295,,CT,219.79,11.53,2,2,,,,2.64,,,115,,,2.64,,280295,0,3.43,UNSUPPORTED_UNIT,"unit nao suportada: ""CT"""
1498,1498,280296,,CT,260.19,8.23,2,2,,,,3.12,,,82,,,3.12,,280296,0,4.06,UNSUPPORTED_UNIT,"unit nao suportada: ""CT"""
1499,1499,280026,,CT,134.99,0.66,2,2,,,,1.62,,,6,,,1.62,,280026,0,2.11,UNSUPPORTED_UNIT,"unit nao suportada: ""CT"""
1500,1500,280059,,CT,185.83,6.11,2,2,,,,2.23,,,61,,,2.23,,280059,0,2.9,UNSUPPORTED_UNIT,"unit nao suportada: ""CT"""
1501,1501,280058,,CT,184.83,4.01,2,2,,,,2.22,,,40,,,2.22,,280058,0,2.89,UNSUPPORTED_UNIT,"unit nao suportada: ""CT"""
1502,1502,280297,,CT,288.3,4.61,2,2,,,,3.46,,,46,,,3.46,,280297,0,4.5,UNSUPPORTED_UNIT,"unit nao suportada: ""CT"""
1503,1503,280298,,CT,273.76,10.59,2,2,,,,3.29,,,105,,,3.29,,280298,0,4.28,UNSUPPORTED_UNIT,"unit nao suportada: ""CT"""
1504,1504,280299,,CT,346.37,10.48,2,2,,,,4.16,,,104,,,4.16,,280299,0,5.41,UNSUPPORTED_UNIT,"unit nao suportada: ""CT"""
1505,1505,280300,,CT,381.74,5.9,2,2,,,,4.58,,,59,,,4.58,,280300,0,5.95,UNSUPPORTED_UNIT,"unit nao suportada: ""CT"""
1506,1506,280055,,CT,228.39,113.848,2,2,,,,2.74,,,1138,,,2.74,,280055,0,3.56,UNSUPPORTED_UNIT,"unit nao suportada: ""CT"""
1507,1507,280053,,CT,234.92,46.256,2,2,,,,2.82,,,462,,,2.82,,280053,0,3.67,UNSUPPORTED_UNIT,"unit nao suportada: ""CT"""
1508,1508,280301,,CT,274.66,45.05,2,2,,,,3.3,,,450,,,3.3,,280301,0,4.29,UNSUPPORTED_UNIT,"unit nao suportada: ""CT"""
1509,1509,280302,,CT,302.74,26.32,2,2,,,,3.63,,,263,,,3.63,,280302,0,4.72,UNSUPPORTED_UNIT,"unit nao suportada: ""CT"""
1510,1510,280303,,CT,360.93,6.74,2,2,,,,4.33,,,67,,,4.33,,280303,0,5.63,UNSUPPORTED_UNIT,"unit nao suportada: ""CT"""
1511,1511,280049,,CT,457.08,17.75,2,2,,,,5.48,,,177,,,5.48,,280049,0,7.12,UNSUPPORTED_UNIT,"unit nao suportada: ""CT"""
1512,1512,280304,,CT,491.5,11.82,2,2,,,,5.9,,,118,,,5.9,,280304,0,7.67,UNSUPPORTED_UNIT,"unit nao suportada: ""CT"""
1513,1513,280305,,CT,468.85,6.77,2,2,,,,5.63,,,67,,,5.63,,280305,0,7.32,UNSUPPORTED_UNIT,"unit nao suportada: ""CT"""
1514,1514,280306,,CT,656.27,7.29,2,2,,,,7.88,,,72,,,7.88,,280306,0,10.24,UNSUPPORTED_UNIT,"unit nao suportada: ""CT"""
1515,1515,280307,,CT,717.36,3.01,2,2,,,,8.61,,,30,,,8.61,,280307,0,11.19,UNSUPPORTED_UNIT,"unit nao suportada: ""CT"""
1516,1516,280043,,CT,368.21,13.99,2,2,,,,4.42,,,139,,,4.42,,280043,0,5.75,UNSUPPORTED_UNIT,"unit nao suportada: ""CT"""
1517,1517,280308,,CT,439.03,21.25,2,2,,,,5.27,,,212,,,5.27,,280308,0,6.85,UNSUPPORTED_UNIT,"unit nao suportada: ""CT"""
1518,1518,280309,,CT,503.27,29.7,2,2,,,,6.04,,,297,,,6.04,,280309,0,7.85,UNSUPPORTED_UNIT,"unit nao suportada: ""CT"""
1519,1519,280310,,CT,614.26,19.1,2,2,,,,7.37,,,191,,,7.37,,280310,0,9.58,UNSUPPORTED_UNIT,"unit nao suportada: ""CT"""
1520,1520,280311,,CT,641.84,17.7,2,2,,,,7.7,,,177,,,7.7,,280311,0,10.01,UNSUPPORTED_UNIT,"unit nao suportada: ""CT"""
1521,1521,280312,,CT,806.57,7.8,2,2,,,,9.68,,,78,,,9.68,,280312,0,12.58,UNSUPPORTED_UNIT,"unit nao suportada: ""CT"""
1522,1522,279679,,CT,940.34,0.96,2,2,,,,11.28,,,9,,,11.28,,279679,0,14.66,UNSUPPORTED_UNIT,"unit nao suportada: ""CT"""
1523,1523,280313,,CT,745.86,22.46,2,2,,,,8.95,,,224,,,8.95,,280313,0,11.64,UNSUPPORTED_UNIT,"unit nao suportada: ""CT"""
1524,1524,279678,,CT,652.38,1.53,2,2,,,,7.83,,,15,,,7.83,,279678,0,10.18,UNSUPPORTED_UNIT,"unit nao suportada: ""CT"""
1525,1525,280314,,CT,645.33,1.65,2,2,,,,7.74,,,16,,,7.74,,280314,0,10.06,UNSUPPORTED_UNIT,"unit nao suportada: ""CT"""
1526,1526,280315,,CT,740.26,1.83,2,2,,,,8.88,,,18,,,8.88,,280315,0,11.54,UNSUPPORTED_UNIT,"unit nao suportada: ""CT"""
1527,1527,280316,,CT,888.53,0.99,2,2,,,,10.66,,,9,,,10.66,,280316,0,13.86,UNSUPPORTED_UNIT,"unit nao suportada: ""CT"""
1528,1528,280317,,CT,1069.92,4.24,2,2,,,,12.84,,,42,,,12.84,,280317,0,16.69,UNSUPPORTED_UNIT,"unit nao suportada: ""CT"""
1529,1529,280318,,CT,949.62,4.35,2,2,,,,11.4,,,43,,,11.4,,280318,0,14.82,UNSUPPORTED_UNIT,"unit nao suportada: ""CT"""
1530,1530,280319,,CT,1176.58,2.6700000000000004,2,2,,,,14.12,,,26,,,14.12,,280319,0,18.36,UNSUPPORTED_UNIT,"unit nao suportada: ""CT"""
1531,1531,280320,,CT,1512.34,4.35,2,2,,,,18.15,,,43,,,18.15,,280320,0,23.6,UNSUPPORTED_UNIT,"unit nao suportada: ""CT"""
1532,1532,280321,,CT,1750.84,5.35,2,2,,,,21.01,,,53,,,21.01,,280321,0,27.31,UNSUPPORTED_UNIT,"unit nao suportada: ""CT"""
1533,1533,280322,,CT,1241.33,1.5,2,2,,,,14.9,,,15,,,14.9,,280322,0,19.37,UNSUPPORTED_UNIT,"unit nao suportada: ""CT"""
1534,1534,280323,,CT,272.34,0.878,2,2,,,,3.27,,,8,,,3.27,,280323,0,4.25,UNSUPPORTED_UNIT,"unit nao suportada: ""CT"""
1535,1535,280324,,CT,305.72,3.21,2,2,,,,3.67,,,32,,,3.67,,280324,0,4.77,UNSUPPORTED_UNIT,"unit nao suportada: ""CT"""
1536,1536,280325,,CT,450.83,6.87,2,2,,,,5.41,,,68,,,5.41,,280325,0,7.03,UNSUPPORTED_UNIT,"unit nao suportada: ""CT"""
1537,1537,280326,,CT,948.39,5.61,2,2,,,,11.38,,,56,,,11.38,,280326,0,14.79,UNSUPPORTED_UNIT,"unit nao suportada: ""CT"""
1538,1538,280327,,CT,857.46,5.08,2,2,,,,10.29,,,50,,,10.29,,280327,0,13.38,UNSUPPORTED_UNIT,"unit nao suportada: ""CT"""
1539,1539,280328,,CT,1127.09,6.47,2,2,,,,13.53,,,64,,,13.53,,280328,0,17.59,UNSUPPORTED_UNIT,"unit nao suportada: ""CT"""
1540,1540,280329,,CT,873.41,4.23,2,2,,,,10.48,,,42,,,10.48,,280329,0,13.62,UNSUPPORTED_UNIT,"unit nao suportada: ""CT"""
1541,1541,280330,,CT,1049.86,2.01,2,2,,,,12.6,,,20,,,12.6,,280330,0,16.38,UNSUPPORTED_UNIT,"unit nao suportada: ""CT"""
1542,1542,280331,,CT,1446.25,1.43,2,2,,,,17.36,,,14,,,17.36,,280331,0,22.57,UNSUPPORTED_UNIT,"unit nao suportada: ""CT"""
1543,1543,280100,,CT,21.51,15.96,2,2,,,,0.26,,,159,,,0.26,,280100,0,0.34,UNSUPPORTED_UNIT,"unit nao suportada: ""CT"""
1544,1544,280332,,CT,468.46,1.91,2,2,,,,5.62,,,19,,,5.62,,280332,0,7.31,UNSUPPORTED_UNIT,"unit nao suportada: ""CT"""
1545,1545,280092,,CT,35.24,16.31,2,2,,,,0.42,,,163,,,0.42,,280092,0,0.55,UNSUPPORTED_UNIT,"unit nao suportada: ""CT"""
1546,1546,280333,,CT,454.31,1.53,2,2,,,,5.45,,,15,,,5.45,,280333,0,7.09,UNSUPPORTED_UNIT,"unit nao suportada: ""CT"""
1547,1547,280334,,CT,1239.62,3.65,2,2,,,,14.88,,,36,,,14.88,,280334,0,19.34,UNSUPPORTED_UNIT,"unit nao suportada: ""CT"""
1548,1548,280047,,CT,255.62,0.52,2,2,,,,3.07,,,5,,,3.07,,280047,0,3.99,UNSUPPORTED_UNIT,"unit nao suportada: ""CT"""
1549,1549,280335,,CT,1854.73,1.1,2,2,,,,22.26,,,11,,,22.26,,280335,0,28.94,UNSUPPORTED_UNIT,"unit nao suportada: ""CT"""
1550,1550,280045,,CT,318.13,9.84,2,2,,,,3.82,,,98,,,3.82,,280045,0,4.97,UNSUPPORTED_UNIT,"unit nao suportada: ""CT"""
1551,1551,280083,,CT,45.58,12.12,2,2,,,,0.55,,,121,,,0.55,,280083,0,0.72,UNSUPPORTED_UNIT,"unit nao suportada: ""CT"""
1552,1552,280044,,CT,397.88,27.33,2,2,,,,4.77,,,273,,,4.77,,280044,0,6.2,UNSUPPORTED_UNIT,"unit nao suportada: ""CT"""
1553,1553,280336,,CT,804.05,1.98,2,2,,,,9.65,,,19,,,9.65,,280336,0,12.55,UNSUPPORTED_UNIT,"unit nao suportada: ""CT"""
1554,1554,279868,,CT,746.36,1.01,2,2,,,,8.96,,,10,,,8.96,,279868,0,11.65,UNSUPPORTED_UNIT,"unit nao suportada: ""CT"""
1555,1555,280337,,CT,872.64,0.31,2,2,,,,10.47,,,3,,,10.47,,280337,0,13.61,UNSUPPORTED_UNIT,"unit nao suportada: ""CT"""
1556,1556,280338,,CT,334.2,1.9,2,2,,,,4.01,,,19,,,4.01,,280338,0,5.21,UNSUPPORTED_UNIT,"unit nao suportada: ""CT"""
1557,1557,280339,,CT,277.22,2.16,2,2,,,,3.33,,,21,,,3.33,,280339,0,4.33,UNSUPPORTED_UNIT,"unit nao suportada: ""CT"""
1558,1558,280103,,CT,17.39,13.59,2,2,,,,0.21,,,135,,,0.21,,280103,0,0.27,UNSUPPORTED_UNIT,"unit nao suportada: ""CT"""
1559,1559,280101,,CT,19.2,17.49,2,2,,,,0.23,,,174,,,0.23,,280101,0,0.3,UNSUPPORTED_UNIT,"unit nao suportada: ""CT"""
1561,1561,280095,,CT,23.28,8.14,2,2,,,,0.28,,,81,,,0.28,,280095,0,0.36,UNSUPPORTED_UNIT,"unit nao suportada: ""CT"""
1562,1562,280094,,CT,26,18.97,2,2,,,,0.31,,,189,,,0.31,,280094,0,0.4,UNSUPPORTED_UNIT,"unit nao suportada: ""CT"""
1564,1564,280098,,CT,31.51,8.58,2,2,,,,0.38,,,85,,,0.38,,280098,0,0.49,UNSUPPORTED_UNIT,"unit nao suportada: ""CT"""
1565,1565,280341,,CT,774.42,7.57,2,2,,,,9.29,,,75,,,9.29,,280341,0,12.08,UNSUPPORTED_UNIT,"unit nao suportada: ""CT"""
1566,1566,280342,,CT,1029.31,6.88,2,2,,,,12.35,,,68,,,12.35,,280342,0,16.06,UNSUPPORTED_UNIT,"unit nao suportada: ""CT"""
1567,1567,280343,,CT,1623.47,-0.47,2,2,,,,19.48,,,0,,,19.48,,280343,0,25.32,UNSUPPORTED_UNIT,"unit nao suportada: ""CT"""
1568,1568,280067,,CT,127.25,4.58,2,2,,,,1.53,,,45,,,1.53,,280067,0,1.99,UNSUPPORTED_UNIT,"unit nao suportada: ""CT"""
1569,1569,280344,,CT,1035.47,8.12,2,2,,,,12.43,,,81,,,12.43,,280344,0,16.16,UNSUPPORTED_UNIT,"unit nao suportada: ""CT"""
1570,1570,279865,,CT,1368.98,1.08,2,2,,,,16.43,,,10,,,16.43,,279865,0,21.36,UNSUPPORTED_UNIT,"unit nao suportada: ""CT"""
1571,1571,280345,,CT,1658.93,0.77,2,2,,,,19.91,,,7,,,19.91,,280345,0,25.88,UNSUPPORTED_UNIT,"unit nao suportada: ""CT"""
1572,1572,280346,,CT,2063.94,0.01,2,2,,,,24.77,,,0,,,24.77,,280346,0,32.2,UNSUPPORTED_UNIT,"unit nao suportada: ""CT"""
1573,1573,280347,,CT,2352.03,1.52,2,2,,,,28.22,,,15,,,28.22,,280347,0,36.69,UNSUPPORTED_UNIT,"unit nao suportada: ""CT"""
1574,1574,280348,,CT,1790.8,2.58,2,2,,,,21.49,,,25,,,21.49,,280348,0,27.94,UNSUPPORTED_UNIT,"unit nao suportada: ""CT"""
1575,1575,280349,,CT,2056.74,18.48,2,2,,,,24.68,,,184,,,24.68,,280349,0,32.08,UNSUPPORTED_UNIT,"unit nao suportada: ""CT"""
1576,1576,280350,,CT,2913.18,1.23,2,2,,,,34.96,,,12,,,34.96,,280350,0,45.45,UNSUPPORTED_UNIT,"unit nao suportada: ""CT"""
1577,1577,280351,,CT,3170.24,5.79,2,2,,,,38.04,,,57,,,38.04,,280351,0,49.45,UNSUPPORTED_UNIT,"unit nao suportada: ""CT"""
1578,1578,280352,,CT,2080.73,3.35,2,2,,,,24.97,,,33,,,24.97,,280352,0,32.46,UNSUPPORTED_UNIT,"unit nao suportada: ""CT"""
1579,1579,280080,,CT,69.28,3.79,2,2,,,,0.83,,,37,,,0.83,,280080,0,1.08,UNSUPPORTED_UNIT,"unit nao suportada: ""CT"""
1580,1580,280353,,CT,106.36,1.99,2,2,,,,1.28,,,19,,,1.28,,280353,0,1.66,UNSUPPORTED_UNIT,"unit nao suportada: ""CT"""
1581,1581,280354,,CT,167.29,2.56,2,2,,,,2.01,,,25,,,2.01,,280354,0,2.61,UNSUPPORTED_UNIT,"unit nao suportada: ""CT"""
1582,1582,280054,,CT,215.35,19.08,2,2,,,,2.58,,,190,,,2.58,,280054,0,3.35,UNSUPPORTED_UNIT,"unit nao suportada: ""CT"""
1583,1583,280355,,CT,903.07,3.79,2,2,,,,10.84,,,37,,,10.84,,280355,0,14.09,UNSUPPORTED_UNIT,"unit nao suportada: ""CT"""
1584,1584,280086,,CT,78.47,3.6,2,2,,,,0.94,,,36,,,0.94,,280086,0,1.22,UNSUPPORTED_UNIT,"unit nao suportada: ""CT"""
1585,1585,280085,,CT,33.53,2.57,2,2,,,,0.4,,,25,,,0.4,,280085,0,0.52,UNSUPPORTED_UNIT,"unit nao suportada: ""CT"""
1586,1586,280356,,CT,1309.9,2.37,2,2,,,,15.72,,,23,,,15.72,,280356,0,20.44,UNSUPPORTED_UNIT,"unit nao suportada: ""CT"""
1587,1587,280357,,CT,1796.63,2.85,2,2,,,,21.56,,,28,,,21.56,,280357,0,28.03,UNSUPPORTED_UNIT,"unit nao suportada: ""CT"""
1588,1588,280358,,CT,1276.55,3,2,2,,,,15.32,,,30,,,15.32,,280358,0,19.92,UNSUPPORTED_UNIT,"unit nao suportada: ""CT"""
1589,1589,280359,,CT,879.82,0.66,2,2,,,,10.56,,,6,,,10.56,,280359,0,13.73,UNSUPPORTED_UNIT,"unit nao suportada: ""CT"""
1590,1590,280360,,CT,101.51,30.35,2,2,,,,1.22,,,303,,,1.22,,280360,0,1.59,UNSUPPORTED_UNIT,"unit nao suportada: ""CT"""
1591,1591,280361,,CT,156.7,7.92,2,2,,,,1.88,,,79,,,1.88,,280361,0,2.44,UNSUPPORTED_UNIT,"unit nao suportada: ""CT"""
1592,1592,280362,,CT,166.64,4.74,2,2,,,,2,,,47,,,2,,280362,0,2.6,UNSUPPORTED_UNIT,"unit nao suportada: ""CT"""
1593,1593,280363,,CT,224.22,0.23,2,2,,,,2.69,,,2,,,2.69,,280363,0,3.5,UNSUPPORTED_UNIT,"unit nao suportada: ""CT"""
1595,1595,280046,,CT,343.94,2.96,2,2,,,,4.13,,,29,,,4.13,,280046,0,5.37,UNSUPPORTED_UNIT,"unit nao suportada: ""CT"""
1596,1596,280364,,CT,2124.97,0.91,2,2,,,,25.5,,,9,,,25.5,,280364,0,33.15,UNSUPPORTED_UNIT,"unit nao suportada: ""CT"""
1597,1597,279665,,CT,1736.33,1.48,2,2,,,,20.84,,,14,,,20.84,,279665,0,27.09,UNSUPPORTED_UNIT,"unit nao suportada: ""CT"""
1598,1598,279664,,CT,2156.47,0.25,2,2,,,,25.88,,,2,,,25.88,,279664,0,33.64,UNSUPPORTED_UNIT,"unit nao suportada: ""CT"""
1599,1599,280365,,CT,2533.8,0.89,2,2,,,,30.41,,,8,,,30.41,,280365,0,39.53,UNSUPPORTED_UNIT,"unit nao suportada: ""CT"""
1600,1600,280366,,CT,2942.6,0.71,2,2,,,,35.31,,,7,,,35.31,,280366,0,45.9,UNSUPPORTED_UNIT,"unit nao suportada: ""CT"""
1601,1601,280367,,CT,4116.33,2.18,2,2,,,,49.4,,,21,,,49.4,,280367,0,64.22,UNSUPPORTED_UNIT,"unit nao suportada: ""CT"""
1602,1602,280368,,CT,3972.09,0.92,2,2,,,,47.67,,,9,,,47.67,,280368,0,61.97,UNSUPPORTED_UNIT,"unit nao suportada: ""CT"""
1603,1603,279660,,CT,4063.73,0.06,2,2,,,,48.76,,,0,,,48.76,,279660,0,63.39,UNSUPPORTED_UNIT,"unit nao suportada: ""CT"""
1604,1604,279659,,CT,4494.7,0.29,2,2,,,,53.94,,,2,,,53.94,,279659,0,70.12,UNSUPPORTED_UNIT,"unit nao suportada: ""CT"""
1605,1605,280369,,CT,5626.54,0.72,2,2,,,,67.52,,,7,,,67.52,,280369,0,87.78,UNSUPPORTED_UNIT,"unit nao suportada: ""CT"""
1606,1606,280370,,CT,6720.85,0.81,2,2,,,,80.65,,,8,,,80.65,,280370,0,104.85,UNSUPPORTED_UNIT,"unit nao suportada: ""CT"""
1607,1607,280371,,CT,7165.73,0.46,2,2,,,,85.99,,,4,,,85.99,,280371,0,111.79,UNSUPPORTED_UNIT,"unit nao suportada: ""CT"""
1608,1608,280372,,CT,9204.83,1.7,2,2,,,,110.46,,,17,,,110.46,,280372,0,143.6,UNSUPPORTED_UNIT,"unit nao suportada: ""CT"""
1609,1609,280373,,CT,9168.05,0.54,2,2,,,,110.02,,,5,,,110.02,,280373,0,143.03,UNSUPPORTED_UNIT,"unit nao suportada: ""CT"""
1610,1610,280374,,CT,10275.85,0.53,2,2,,,,123.31,,,5,,,123.31,,280374,0,160.3,UNSUPPORTED_UNIT,"unit nao suportada: ""CT"""
1611,1611,280375,,CT,11457.47,1.21,2,2,,,,137.49,,,12,,,137.49,,280375,0,178.74,UNSUPPORTED_UNIT,"unit nao suportada: ""CT"""
1612,1612,280376,,CT,510.16,1.71,2,2,,,,6.12,,,17,,,6.12,,280376,0,7.96,UNSUPPORTED_UNIT,"unit nao suportada: ""CT"""
1613,1613,280377,,CT,576.7,2.19,2,2,,,,6.92,,,21,,,6.92,,280377,0,9,UNSUPPORTED_UNIT,"unit nao suportada: ""CT"""
1614,1614,280378,,CT,828.83,1.49,2,2,,,,9.95,,,14,,,9.95,,280378,0,12.93,UNSUPPORTED_UNIT,"unit nao suportada: ""CT"""
1616,1616,280379,,CT,1430.38,1.07,2,2,,,,17.16,,,10,,,17.16,,280379,0,22.31,UNSUPPORTED_UNIT,"unit nao suportada: ""CT"""
1617,1617,280096,,CT,48.69,7.22,2,2,,,,0.58,,,72,,,0.58,,280096,0,0.75,UNSUPPORTED_UNIT,"unit nao suportada: ""CT"""
1618,1618,280380,,CT,4699.87,0.96,2,2,,,,56.4,,,9,,,56.4,,280380,0,73.32,UNSUPPORTED_UNIT,"unit nao suportada: ""CT"""
1619,1619,280381,,CT,9882.84,0.04,2,2,,,,118.59,,,0,,,118.59,,280381,0,154.17,UNSUPPORTED_UNIT,"unit nao suportada: ""CT"""
1620,1620,279656,,CT,6034.33,0.96,2,2,,,,72.41,,,9,,,72.41,,279656,0,94.13,UNSUPPORTED_UNIT,"unit nao suportada: ""CT"""
1621,1621,280382,,CT,14144.51,0.75,2,2,,,,169.73,,,7,,,169.73,,280382,0,220.65,UNSUPPORTED_UNIT,"unit nao suportada: ""CT"""
1622,1622,280383,,CT,15989.97,0.06,2,2,,,,191.88,,,0,,,191.88,,280383,0,249.44,UNSUPPORTED_UNIT,"unit nao suportada: ""CT"""
1623,1623,279662,,CT,3461.99,13.55,2,2,,,,41.54,,,135,,,41.54,,279662,0,54,UNSUPPORTED_UNIT,"unit nao suportada: ""CT"""
1624,1624,280384,,CT,4984.52,0.02,2,2,,,,59.81,,,0,,,59.81,,280384,0,77.75,UNSUPPORTED_UNIT,"unit nao suportada: ""CT"""
1625,1625,280385,,CT,6749.08,0.61,2,2,,,,80.99,,,6,,,80.99,,280385,0,105.29,UNSUPPORTED_UNIT,"unit nao suportada: ""CT"""
1626,1626,280386,,CT,599.4,0.64,2,2,,,,7.19,,,6,,,7.19,,280386,0,9.35,UNSUPPORTED_UNIT,"unit nao suportada: ""CT"""
1627,1627,280387,,CT,660.87,0.93,2,2,,,,7.93,,,9,,,7.93,,280387,0,10.31,UNSUPPORTED_UNIT,"unit nao suportada: ""CT"""
1628,1628,280388,,CT,259.31,0.87,2,2,,,,3.11,,,8,,,3.11,,280388,0,4.04,UNSUPPORTED_UNIT,"unit nao suportada: ""CT"""
1629,1629,280389,,CT,306.44,2.4,2,2,,,,3.68,,,24,,,3.68,,280389,0,4.78,UNSUPPORTED_UNIT,"unit nao suportada: ""CT"""
1630,1630,280390,,CT,11605.39,0.2,2,2,,,,139.26,,,2,,,139.26,,280390,0,181.04,UNSUPPORTED_UNIT,"unit nao suportada: ""CT"""
1631,1631,280391,,CT,12873.53,-0.09,2,2,,,,154.48,,,0,,,154.48,,280391,0,200.82,UNSUPPORTED_UNIT,"unit nao suportada: ""CT"""
1632,1632,278958,,CT,5093.43,3.93,2,2,,,,61.12,,,39,,,61.12,,278958,0,79.46,UNSUPPORTED_UNIT,"unit nao suportada: ""CT"""
1633,1633,280057,,CT,163.95,1,2,2,,,,1.97,,,10,,,1.97,,280057,0,2.56,UNSUPPORTED_UNIT,"unit nao suportada: ""CT"""
1634,1634,280056,,CT,187.96,-0.01,2,2,,,,2.26,,,0,,,2.26,,280056,0,2.94,UNSUPPORTED_UNIT,"unit nao suportada: ""CT"""
1635,1635,280392,,CT,188.07,3.15,2,2,,,,2.26,,,31,,,2.26,,280392,0,2.94,UNSUPPORTED_UNIT,"unit nao suportada: ""CT"""
1636,1636,280393,,CT,2005.65,0.59,2,2,,,,24.07,,,5,,,24.07,,280393,0,31.29,UNSUPPORTED_UNIT,"unit nao suportada: ""CT"""
1637,1637,280394,,CT,178.29,3.85,2,2,,,,2.14,,,38,,,2.14,,280394,0,2.78,UNSUPPORTED_UNIT,"unit nao suportada: ""CT"""
1638,1638,279663,,CT,2547.65,0.98,2,2,,,,30.57,,,9,,,30.57,,279663,0,39.74,UNSUPPORTED_UNIT,"unit nao suportada: ""CT"""
1639,1639,279658,,CT,6363.04,0.61,2,2,,,,76.36,,,6,,,76.36,,279658,0,99.27,UNSUPPORTED_UNIT,"unit nao suportada: ""CT"""
1640,1640,279661,,CT,3878.93,0.43,2,2,,,,46.55,,,4,,,46.55,,279661,0,60.52,UNSUPPORTED_UNIT,"unit nao suportada: ""CT"""
1642,1642,280071,,CT,148.78,8.95,2,2,,,,1.79,,,89,,,1.79,,280071,0,2.33,UNSUPPORTED_UNIT,"unit nao suportada: ""CT"""
1643,1643,278957,,CT,7012.41,0.75,2,2,,,,84.15,,,7,,,84.15,,278957,0,109.4,UNSUPPORTED_UNIT,"unit nao suportada: ""CT"""
1644,1644,279657,,CT,6938.26,4.14,2,2,,,,83.26,,,41,,,83.26,,279657,0,108.24,UNSUPPORTED_UNIT,"unit nao suportada: ""CT"""
1645,1645,280395,,CT,151.03,21.77,2,2,,,,1.81,,,217,,,1.81,,280395,0,2.35,UNSUPPORTED_UNIT,"unit nao suportada: ""CT"""
1646,1646,280396,,CT,552.05,1.03,2,2,,,,6.62,,,10,,,6.62,,280396,0,8.61,UNSUPPORTED_UNIT,"unit nao suportada: ""CT"""
1647,1647,279097,,CT,8017.57,1.28,2,2,,,,96.21,,,12,,,96.21,,279097,0,125.07,UNSUPPORTED_UNIT,"unit nao suportada: ""CT"""
1648,1648,280397,,CT,5122.22,1.3,2,2,,,,61.47,,,13,,,61.47,,280397,0,79.91,UNSUPPORTED_UNIT,"unit nao suportada: ""CT"""
1649,1649,280398,,CT,6461.15,0.97,2,2,,,,77.53,,,9,,,77.53,,280398,0,100.79,UNSUPPORTED_UNIT,"unit nao suportada: ""CT"""
1650,1650,279866,,CT,170.52,7.13,2,2,,,,2.05,,,71,,,2.05,,279866,0,2.67,UNSUPPORTED_UNIT,"unit nao suportada: ""CT"""
1651,1651,280399,,CT,7438.8,4.37,2,2,,,,89.27,,,43,,,89.27,,280399,0,116.05,UNSUPPORTED_UNIT,"unit nao suportada: ""CT"""
1652,1652,280400,,CT,3460.15,-0.59,2,2,,,,41.52,,,0,,,41.52,,280400,0,53.98,UNSUPPORTED_UNIT,"unit nao suportada: ""CT"""
1653,1653,280060,,CT,189.7,0.68,2,2,,,,2.28,,,6,,,2.28,,280060,0,2.96,UNSUPPORTED_UNIT,"unit nao suportada: ""CT"""
1654,1654,279204,,CT,267.48,40.99,2,2,,,,3.21,,,409,,,3.21,,279204,0,4.17,UNSUPPORTED_UNIT,"unit nao suportada: ""CT"""
1655,1655,279869,,CT,39.26,3.91,2,2,,,,0.47,,,39,,,0.47,,279869,0,0.61,UNSUPPORTED_UNIT,"unit nao suportada: ""CT"""
1656,1656,280401,,CT,448.74,0.79,2,2,,,,5.38,,,7,,,5.38,,280401,0,6.99,UNSUPPORTED_UNIT,"unit nao suportada: ""CT"""
1657,1657,280402,,CT,225.39,4.54,2,2,,,,2.7,,,45,,,2.7,,280402,0,3.51,UNSUPPORTED_UNIT,"unit nao suportada: ""CT"""
1658,1658,279967,,CT,41.54,1.01,2,2,,,,0.5,,,10,,,0.5,,279967,0,0.65,UNSUPPORTED_UNIT,"unit nao suportada: ""CT"""
1659,1659,280403,,CT,88.28,11.18,2,2,,,,1.06,,,111,,,1.06,,280403,0,1.38,UNSUPPORTED_UNIT,"unit nao suportada: ""CT"""
1661,1661,280078,,CT,81.01,10.82,2,2,,,,0.97,,,108,,,0.97,,280078,0,1.26,UNSUPPORTED_UNIT,"unit nao suportada: ""CT"""
1662,1662,280404,,CT,103.78,239.07,2,2,,,,1.25,,,2390,,,1.25,,280404,0,1.63,UNSUPPORTED_UNIT,"unit nao suportada: ""CT"""
1663,1663,280405,,CT,2148.87,2.61,2,2,,,,25.79,,,26,,,25.79,,280405,0,33.53,UNSUPPORTED_UNIT,"unit nao suportada: ""CT"""
1664,1664,279965,,CT,205.11,1.66,2,2,,,,2.46,,,16,,,2.46,,279965,0,3.2,UNSUPPORTED_UNIT,"unit nao suportada: ""CT"""
1665,1665,280886,,CT,64.46,1.98,2,2,,,,0.77,,,19,,,0.77,,280886,0,1,UNSUPPORTED_UNIT,"unit nao suportada: ""CT"""
1666,1666,280887,,CT,303.17,0.98,2,2,,,,3.64,,,9,,,3.64,,280887,0,4.73,UNSUPPORTED_UNIT,"unit nao suportada: ""CT"""
1667,1667,279220,,CT,4531.35,23.25,2,2,,,,54.38,,,232,,,54.38,,279220,0,70.69,UNSUPPORTED_UNIT,"unit nao suportada: ""CT"""
1669,1669,278959,,CT,5066.64,1.31,2,2,,,,60.8,,,13,,,60.8,,278959,0,79.04,UNSUPPORTED_UNIT,"unit nao suportada: ""CT"""
1670,1670,280888,,CT,636.49,1.51,2,2,,,,7.64,,,15,,,7.64,,280888,0,9.93,UNSUPPORTED_UNIT,"unit nao suportada: ""CT"""
1671,1671,280889,,CT,140.55,41.97,2,2,,,,1.69,,,419,,,1.69,,280889,0,2.2,UNSUPPORTED_UNIT,"unit nao suportada: ""CT"""
1672,1672,280890,,CT,188.95,10.64,2,2,,,,2.27,,,106,,,2.27,,280890,0,2.95,UNSUPPORTED_UNIT,"unit nao suportada: ""CT"""
1673,1673,280891,,CT,232.53,1.52,2,2,,,,2.79,,,15,,,2.79,,280891,0,3.63,UNSUPPORTED_UNIT,"unit nao suportada: ""CT"""
1674,1674,280892,,CT,7464.04,0.69,2,2,,,,89.57,,,6,,,89.57,,280892,0,116.44,UNSUPPORTED_UNIT,"unit nao suportada: ""CT"""
1678,1678,280893,,CT,1077.19,0.8,2,2,,,,12.93,,,8,,,12.93,,280893,0,16.81,UNSUPPORTED_UNIT,"unit nao suportada: ""CT"""
1680,1680,280894,,CT,22.92,1.54,2,2,,,,0.28,,,15,,,0.28,,280894,0,0.36,UNSUPPORTED_UNIT,"unit nao suportada: ""CT"""
1681,1681,280895,,CT,25.21,30.96,2,2,,,,0.3,,,309,,,0.3,,280895,0,0.39,UNSUPPORTED_UNIT,"unit nao suportada: ""CT"""
1682,1682,280896,,CT,27.76,1.74,2,2,,,,0.33,,,17,,,0.33,,280896,0,0.43,UNSUPPORTED_UNIT,"unit nao suportada: ""CT"""
1683,1683,280897,,CT,39.94,1.36,2,2,,,,0.48,,,13,,,0.48,,280897,0,0.62,UNSUPPORTED_UNIT,"unit nao suportada: ""CT"""
1684,1684,280898,,CT,31.96,2.28,2,2,,,,0.38,,,22,,,0.38,,280898,0,0.49,UNSUPPORTED_UNIT,"unit nao suportada: ""CT"""
1685,1685,280899,,CT,36.19,3.58,2,2,,,,0.43,,,35,,,0.43,,280899,0,0.56,UNSUPPORTED_UNIT,"unit nao suportada: ""CT"""
1686,1686,280900,,CT,47.96,8.97,2,2,,,,0.58,,,89,,,0.58,,280900,0,0.75,UNSUPPORTED_UNIT,"unit nao suportada: ""CT"""
1687,1687,280901,,CT,45.73,2.15,2,2,,,,0.55,,,21,,,0.55,,280901,0,0.72,UNSUPPORTED_UNIT,"unit nao suportada: ""CT"""
1688,1688,281056,,CT,93.95,10.41,2,2,,,,1.13,,,104,,,1.13,,281056,0,1.47,UNSUPPORTED_UNIT,"unit nao suportada: ""CT"""
1689,1689,281057,,CT,98.34,0.8,2,2,,,,1.18,,,8,,,1.18,,281057,0,1.53,UNSUPPORTED_UNIT,"unit nao suportada: ""CT"""
1690,1690,281058,,CT,53.27,8.12,2,2,,,,0.64,,,81,,,0.64,,281058,0,0.83,UNSUPPORTED_UNIT,"unit nao suportada: ""CT"""
1691,1691,281059,,CT,52.91,8.53,2,2,,,,0.63,,,85,,,0.63,,281059,0,0.82,UNSUPPORTED_UNIT,"unit nao suportada: ""CT"""
1692,1692,281060,,CT,58.76,1.32,2,2,,,,0.71,,,13,,,0.71,,281060,0,0.92,UNSUPPORTED_UNIT,"unit nao suportada: ""CT"""
1693,1693,281061,,CT,83.29,23.27,2,2,,,,1,,,232,,,1,,281061,0,1.3,UNSUPPORTED_UNIT,"unit nao suportada: ""CT"""
1695,1695,281062,,CT,94.98,22.156,2,2,,,,1.14,,,221,,,1.14,,281062,0,1.48,UNSUPPORTED_UNIT,"unit nao suportada: ""CT"""
1697,1697,281063,,CT,123.3,10.73,2,2,,,,1.48,,,107,,,1.48,,281063,0,1.92,UNSUPPORTED_UNIT,"unit nao suportada: ""CT"""
1699,1699,281064,,CT,76.16,5.1,2,2,,,,0.91,,,51,,,0.91,,281064,0,1.18,UNSUPPORTED_UNIT,"unit nao suportada: ""CT"""
1701,1701,281065,,CT,91.57,3.63,2,2,,,,1.1,,,36,,,1.1,,281065,0,1.43,UNSUPPORTED_UNIT,"unit nao suportada: ""CT"""
1702,1702,281066,,CT,127.72,1.09,2,2,,,,1.53,,,10,,,1.53,,281066,0,1.99,UNSUPPORTED_UNIT,"unit nao suportada: ""CT"""
1703,1703,281067,,CT,175.84,3.22,2,2,,,,2.11,,,32,,,2.11,,281067,0,2.74,UNSUPPORTED_UNIT,"unit nao suportada: ""CT"""
1704,1704,281068,,CT,178.61,0.38,2,2,,,,2.14,,,3,,,2.14,,281068,0,2.78,UNSUPPORTED_UNIT,"unit nao suportada: ""CT"""
1705,1705,281069,,CT,199.25,0.96,2,2,,,,2.39,,,9,,,2.39,,281069,0,3.11,UNSUPPORTED_UNIT,"unit nao suportada: ""CT"""
1706,1706,281070,,CT,230.26,0.98,2,2,,,,2.76,,,9,,,2.76,,281070,0,3.59,UNSUPPORTED_UNIT,"unit nao suportada: ""CT"""
1707,1707,281071,,CT,113.85,0.91,2,2,,,,1.37,,,9,,,1.37,,281071,0,1.78,UNSUPPORTED_UNIT,"unit nao suportada: ""CT"""
1708,1708,279655,,CT,132.46,2.62,2,2,,,,1.59,,,26,,,1.59,,279655,0,2.07,UNSUPPORTED_UNIT,"unit nao suportada: ""CT"""
1709,1709,281072,,CT,150.34,4.35,2,2,,,,1.8,,,43,,,1.8,,281072,0,2.34,UNSUPPORTED_UNIT,"unit nao suportada: ""CT"""
1710,1710,281073,,CT,226.05,0.73,2,2,,,,2.71,,,7,,,2.71,,281073,0,3.52,UNSUPPORTED_UNIT,"unit nao suportada: ""CT"""
1711,1711,281074,,CT,242.65,1.41,2,2,,,,2.91,,,14,,,2.91,,281074,0,3.78,UNSUPPORTED_UNIT,"unit nao suportada: ""CT"""
1712,1712,281075,,CT,269.37,1.32,2,2,,,,3.23,,,13,,,3.23,,281075,0,4.2,UNSUPPORTED_UNIT,"unit nao suportada: ""CT"""
1713,1713,281076,,CT,340.56,2.074,2,2,,,,4.09,,,20,,,4.09,,281076,0,5.32,UNSUPPORTED_UNIT,"unit nao suportada: ""CT"""
1714,1714,281077,,CT,186.93,1.43,2,2,,,,2.24,,,14,,,2.24,,281077,0,2.91,UNSUPPORTED_UNIT,"unit nao suportada: ""CT"""
1715,1715,281078,,CT,231.68,1.2,2,2,,,,2.78,,,12,,,2.78,,281078,0,3.61,UNSUPPORTED_UNIT,"unit nao suportada: ""CT"""
1716,1716,281079,,CT,278.92,0.38,2,2,,,,3.35,,,3,,,3.35,,281079,0,4.36,UNSUPPORTED_UNIT,"unit nao suportada: ""CT"""
1717,1717,281080,,CT,280.16,0.6,2,2,,,,3.36,,,6,,,3.36,,281080,0,4.37,UNSUPPORTED_UNIT,"unit nao suportada: ""CT"""
1719,1719,281081,,CT,265.39,4.64,2,2,,,,3.18,,,46,,,3.18,,281081,0,4.13,UNSUPPORTED_UNIT,"unit nao suportada: ""CT"""
1724,1724,281082,,CT,430.69,1.24,2,2,,,,5.17,,,12,,,5.17,,281082,0,6.72,UNSUPPORTED_UNIT,"unit nao suportada: ""CT"""
1727,1727,281083,,CT,29.35,2,2,2,,,,0.35,,,20,,,0.35,,281083,0,0.46,UNSUPPORTED_UNIT,"unit nao suportada: ""CT"""
1728,1728,281084,,CT,82.27,2.15,2,2,,,,0.99,,,21,,,0.99,,281084,0,1.29,UNSUPPORTED_UNIT,"unit nao suportada: ""CT"""
1729,1729,281085,,CT,117.26,0.57,2,2,,,,1.41,,,5,,,1.41,,281085,0,1.83,UNSUPPORTED_UNIT,"unit nao suportada: ""CT"""
1733,1733,281086,,CT,40.37,1.4,2,2,,,,0.48,,,14,,,0.48,,281086,0,0.62,UNSUPPORTED_UNIT,"unit nao suportada: ""CT"""
1734,1734,281087,,CT,58.17,3.74,2,2,,,,0.7,,,37,,,0.7,,281087,0,0.91,UNSUPPORTED_UNIT,"unit nao suportada: ""CT"""
1748,1748,281088,,CT,67.74,7.94,2,2,,,,0.81,,,79,,,0.81,,281088,0,1.05,UNSUPPORTED_UNIT,"unit nao suportada: ""CT"""
1761,1761,281089,,CT,614.04,1.26,2,2,,,,7.37,,,12,,,7.37,,281089,0,9.58,UNSUPPORTED_UNIT,"unit nao suportada: ""CT"""
1765,1765,281090,,CT,1077.89,2.56,2,2,,,,12.93,,,25,,,12.93,,281090,0,16.81,UNSUPPORTED_UNIT,"unit nao suportada: ""CT"""
1767,1767,281091,,CT,42.58,20.17,2,2,,,,0.51,,,201,,,0.51,,281091,0,0.66,UNSUPPORTED_UNIT,"unit nao suportada: ""CT"""
1769,1769,281092,,CT,359.43,2.83,2,2,,,,4.31,,,28,,,4.31,,281092,0,5.6,UNSUPPORTED_UNIT,"unit nao suportada: ""CT"""
1773,1773,281093,,CT,19.43,4.81,2,2,,,,0.23,,,48,,,0.23,,281093,0,0.3,UNSUPPORTED_UNIT,"unit nao suportada: ""CT"""
1774,1774,281094,,CT,54.09,5.73,2,2,,,,0.65,,,57,,,0.65,,281094,0,0.85,UNSUPPORTED_UNIT,"unit nao suportada: ""CT"""
1781,1781,281095,,CT,25.62,12.6,2,2,,,,0.31,,,126,,,0.31,,281095,0,0.4,UNSUPPORTED_UNIT,"unit nao suportada: ""CT"""
1782,1782,281096,,CT,35.33,9.14,2,2,,,,0.42,,,91,,,0.42,,281096,0,0.55,UNSUPPORTED_UNIT,"unit nao suportada: ""CT"""
1786,1786,281097,,CT,253.02,0.71,2,2,,,,3.04,,,7,,,3.04,,281097,0,3.95,UNSUPPORTED_UNIT,"unit nao suportada: ""CT"""
1787,1787,281098,,CT,203.18,3.73,2,2,,,,2.44,,,37,,,2.44,,281098,0,3.17,UNSUPPORTED_UNIT,"unit nao suportada: ""CT"""
1791,1791,281099,,CT,264.73,3.72,2,2,,,,3.18,,,37,,,3.18,,281099,0,4.13,UNSUPPORTED_UNIT,"unit nao suportada: ""CT"""
1792,1792,281100,,CT,31.56,1.93,2,2,,,,0.38,,,19,,,0.38,,281100,0,0.49,UNSUPPORTED_UNIT,"unit nao suportada: ""CT"""
1798,1798,281101,,CT,140.6,4.1,2,2,,,,1.69,,,41,,,1.69,,281101,0,2.2,UNSUPPORTED_UNIT,"unit nao suportada: ""CT"""
1942,1942,278850,,CT,80,39.24,2,2,,,,0.96,,,392,,,0.96,,278850,0,1.25,UNSUPPORTED_UNIT,"unit nao suportada: ""CT"""
1964,1964,278514,,CT,52.72,6.45,2,2,,,,0.63,,,64,,,0.63,,278514,0,0.82,UNSUPPORTED_UNIT,"unit nao suportada: ""CT"""
1968,1968,280040,,CT,43.67,6.1,2,2,,,,0.52,,,61,,,0.52,,280040,0,0.68,UNSUPPORTED_UNIT,"unit nao suportada: ""CT"""
1969,1969,278516,,CT,76.37,80,2,2,,,,0.92,,,800,,,0.92,,278516,0,1.2,UNSUPPORTED_UNIT,"unit nao suportada: ""CT"""
1970,1970,280027,,CT,127.49,2.48,2,2,,,,1.53,,,24,,,1.53,,280027,0,1.99,UNSUPPORTED_UNIT,"unit nao suportada: ""CT"""
1971,1971,278519,,CT,36.38,11.15,2,2,,,,0.44,,,111,,,0.44,,278519,0,0.57,UNSUPPORTED_UNIT,"unit nao suportada: ""CT"""
1972,1972,278495,,CT,51.63,171.87,2,2,,,,0.62,,,1718,,,0.62,,278495,0,0.81,UNSUPPORTED_UNIT,"unit nao suportada: ""CT"""
2024,2024,279647,,CT,14.68,64.74,2,2,,,,0.18,,,647,,,0.18,,279647,0,0.23,UNSUPPORTED_UNIT,"unit nao suportada: ""CT"""
2025,2025,279361,,CT,15.75,122.2,2,2,,,,0.19,,,1222,,,0.19,,279361,0,0.25,UNSUPPORTED_UNIT,"unit nao suportada: ""CT"""
2026,2026,279646,,CT,18.8,63.14,2,2,,,,0.23,,,631,,,0.23,,279646,0,0.3,UNSUPPORTED_UNIT,"unit nao suportada: ""CT"""
2027,2027,279645,,CT,21.11,117.07,2,2,,,,0.25,,,1170,,,0.25,,279645,0,0.33,UNSUPPORTED_UNIT,"unit nao suportada: ""CT"""
2028,2028,279644,,CT,22.27,26.45,2,2,,,,0.27,,,264,,,0.27,,279644,0,0.35,UNSUPPORTED_UNIT,"unit nao suportada: ""CT"""
2029,2029,279643,,CT,25.05,9.5,2,2,,,,0.3,,,95,,,0.3,,279643,0,0.39,UNSUPPORTED_UNIT,"unit nao suportada: ""CT"""
2030,2030,279640,,CT,29.7,117.94,2,2,,,,0.36,,,1179,,,0.36,,279640,0,0.47,UNSUPPORTED_UNIT,"unit nao suportada: ""CT"""
2031,2031,280017,,CT,32.9,34.63,2,2,,,,0.39,,,346,,,0.39,,280017,0,0.51,UNSUPPORTED_UNIT,"unit nao suportada: ""CT"""
2032,2032,279639,,CT,36.51,234.92,2,2,,,,0.44,,,2349,,,0.44,,279639,0,0.57,UNSUPPORTED_UNIT,"unit nao suportada: ""CT"""
2033,2033,279638,,CT,39.23,102.81,2,2,,,,0.47,,,1028,,,0.47,,279638,0,0.61,UNSUPPORTED_UNIT,"unit nao suportada: ""CT"""
2034,2034,279332,,CT,51.57,327.99,2,2,,,,0.62,,,3279,,,0.62,,279332,0,0.81,UNSUPPORTED_UNIT,"unit nao suportada: ""CT"""
2035,2035,280036,,CT,45.99,17.72,2,2,,,,0.55,,,177,,,0.55,,280036,0,0.72,UNSUPPORTED_UNIT,"unit nao suportada: ""CT"""
2036,2036,279637,,CT,48.86,2.48,2,2,,,,0.59,,,24,,,0.59,,279637,0,0.77,UNSUPPORTED_UNIT,"unit nao suportada: ""CT"""
2038,2038,279634,,CT,58.21,44.414,2,2,,,,0.7,,,444,,,0.7,,279634,0,0.91,UNSUPPORTED_UNIT,"unit nao suportada: ""CT"""
2039,2039,279633,,CT,65.8,75.66,2,2,,,,0.79,,,756,,,0.79,,279633,0,1.03,UNSUPPORTED_UNIT,"unit nao suportada: ""CT"""
2040,2040,279320,,CT,70.74,41.07,2,2,,,,0.85,,,410,,,0.85,,279320,0,1.11,UNSUPPORTED_UNIT,"unit nao suportada: ""CT"""
2041,2041,279632,,CT,75.33,56.1,2,2,,,,0.9,,,561,,,0.9,,279632,0,1.17,UNSUPPORTED_UNIT,"unit nao suportada: ""CT"""
2042,2042,279631,,CT,83.33,24.58,2,2,,,,1,,,245,,,1,,279631,0,1.3,UNSUPPORTED_UNIT,"unit nao suportada: ""CT"""
2051,2051,279629,,CT,75.43,0.49,2,2,,,,0.91,,,4,,,0.91,,279629,0,1.18,UNSUPPORTED_UNIT,"unit nao suportada: ""CT"""
2052,2052,279628,,CT,83.2,117.55,2,2,,,,1,,,1175,,,1,,279628,0,1.3,UNSUPPORTED_UNIT,"unit nao suportada: ""CT"""
2053,2053,279627,,CT,89.75,74.519,2,2,,,,1.08,,,745,,,1.08,,279627,0,1.4,UNSUPPORTED_UNIT,"unit nao suportada: ""CT"""
2054,2054,279626,,CT,95.9,25.72,2,2,,,,1.15,,,257,,,1.15,,279626,0,1.5,UNSUPPORTED_UNIT,"unit nao suportada: ""CT"""
2055,2055,279625,,CT,110.12,225.22,2,2,,,,1.32,,,2252,,,1.32,,279625,0,1.72,UNSUPPORTED_UNIT,"unit nao suportada: ""CT"""
2056,2056,280034,,CT,108.19,19.77,2,2,,,,1.3,,,197,,,1.3,,280034,0,1.69,UNSUPPORTED_UNIT,"unit nao suportada: ""CT"""
2057,2057,279624,,CT,114.36,88.99,2,2,,,,1.37,,,889,,,1.37,,279624,0,1.78,UNSUPPORTED_UNIT,"unit nao suportada: ""CT"""
2065,2065,279620,,CT,154.42,0.73,2,2,,,,1.85,,,7,,,1.85,,279620,0,2.41,UNSUPPORTED_UNIT,"unit nao suportada: ""CT"""
2066,2066,279350,,CT,158.65,10.49,2,2,,,,1.9,,,104,,,1.9,,279350,0,2.47,UNSUPPORTED_UNIT,"unit nao suportada: ""CT"""
2067,2067,279619,,CT,170.4,2.65,2,2,,,,2.04,,,26,,,2.04,,279619,0,2.65,UNSUPPORTED_UNIT,"unit nao suportada: ""CT"""
2068,2068,279618,,CT,171.8,29.1,2,2,,,,2.06,,,291,,,2.06,,279618,0,2.68,UNSUPPORTED_UNIT,"unit nao suportada: ""CT"""
2070,2070,278078,,CT,218.24,7.02,2,2,,,,2.62,,,70,,,2.62,,278078,0,3.41,UNSUPPORTED_UNIT,"unit nao suportada: ""CT"""
2071,2071,279539,,CT,246.02,7.47,2,2,,,,2.95,,,74,,,2.95,,279539,0,3.84,UNSUPPORTED_UNIT,"unit nao suportada: ""CT"""
2072,2072,279538,,CT,267.27,3.6,2,2,,,,3.21,,,36,,,3.21,,279538,0,4.17,UNSUPPORTED_UNIT,"unit nao suportada: ""CT"""
2073,2073,279344,,CT,339.2,0,2,2,,,,4.07,,,0,,,4.07,,279344,0,5.29,UNSUPPORTED_UNIT,"unit nao suportada: ""CT"""
2074,2074,279961,,CT,408.15,1,2,2,,,,4.9,,,10,,,4.9,,279961,0,6.37,UNSUPPORTED_UNIT,"unit nao suportada: ""CT"""
2075,2075,279960,,CT,383.85,0.74,2,2,,,,4.61,,,7,,,4.61,,279960,0,5.99,UNSUPPORTED_UNIT,"unit nao suportada: ""CT"""
2076,2076,279616,,CT,215.35,64.34,2,2,,,,2.58,,,643,,,2.58,,279616,0,3.35,UNSUPPORTED_UNIT,"unit nao suportada: ""CT"""
2077,2077,279615,,CT,224.76,1.57,2,2,,,,2.7,,,15,,,2.7,,279615,0,3.51,UNSUPPORTED_UNIT,"unit nao suportada: ""CT"""
2078,2078,279614,,CT,249.6,67.4,2,2,,,,3,,,674,,,3,,279614,0,3.9,UNSUPPORTED_UNIT,"unit nao suportada: ""CT"""
2079,2079,279535,,CT,297.42,25.84,2,2,,,,3.57,,,258,,,3.57,,279535,0,4.64,UNSUPPORTED_UNIT,"unit nao suportada: ""CT"""
2080,2080,279534,,CT,269.82,0.1,2,2,,,,3.24,,,1,,,3.24,,279534,0,4.21,UNSUPPORTED_UNIT,"unit nao suportada: ""CT"""
2081,2081,279532,,CT,296.24,16.6,2,2,,,,3.55,,,166,,,3.55,,279532,0,4.62,UNSUPPORTED_UNIT,"unit nao suportada: ""CT"""
2082,2082,279531,,CT,324.88,4.8,2,2,,,,3.9,,,48,,,3.9,,279531,0,5.07,UNSUPPORTED_UNIT,"unit nao suportada: ""CT"""
2083,2083,279530,,CT,359.37,11.83,2,2,,,,4.31,,,118,,,4.31,,279530,0,5.6,UNSUPPORTED_UNIT,"unit nao suportada: ""CT"""
2084,2084,279529,,CT,402.09,4.51,2,2,,,,4.83,,,45,,,4.83,,279529,0,6.28,UNSUPPORTED_UNIT,"unit nao suportada: ""CT"""
2085,2085,279990,,CT,412.89,2.5,2,2,,,,4.95,,,25,,,4.95,,279990,0,6.44,UNSUPPORTED_UNIT,"unit nao suportada: ""CT"""
2086,2086,279610,,CT,325.57,4.08,2,2,,,,3.91,,,40,,,3.91,,279610,0,5.08,UNSUPPORTED_UNIT,"unit nao suportada: ""CT"""
2087,2087,279609,,CT,392.35,0.67,2,2,,,,4.71,,,6,,,4.71,,279609,0,6.12,UNSUPPORTED_UNIT,"unit nao suportada: ""CT"""
2088,2088,279641,,CT,27.28,34.84,2,2,,,,0.33,,,348,,,0.33,,279641,0,0.43,UNSUPPORTED_UNIT,"unit nao suportada: ""CT"""
2089,2089,279964,,CT,26.45,15.48,2,2,,,,0.32,,,154,,,0.32,,279964,0,0.42,UNSUPPORTED_UNIT,"unit nao suportada: ""CT"""
2090,2090,279963,,CT,28.17,39.61,2,2,,,,0.34,,,396,,,0.34,,279963,0,0.44,UNSUPPORTED_UNIT,"unit nao suportada: ""CT"""
2091,2091,279561,,CT,66.62,24.509999999999998,2,2,,,,0.8,,,245,,,0.8,,279561,0,1.04,UNSUPPORTED_UNIT,"unit nao suportada: ""CT"""
2092,2092,279559,,CT,74.61,18.38,2,2,,,,0.9,,,183,,,0.9,,279559,0,1.17,UNSUPPORTED_UNIT,"unit nao suportada: ""CT"""
2093,2093,279557,,CT,84.78,14.84,2,2,,,,1.02,,,148,,,1.02,,279557,0,1.33,UNSUPPORTED_UNIT,"unit nao suportada: ""CT"""
2094,2094,279520,,CT,372.02,1.58,2,2,,,,4.46,,,15,,,4.46,,279520,0,5.8,UNSUPPORTED_UNIT,"unit nao suportada: ""CT"""
2095,2095,279519,,CT,409.55,1.42,2,2,,,,4.91,,,14,,,4.91,,279519,0,6.38,UNSUPPORTED_UNIT,"unit nao suportada: ""CT"""
2096,2096,279518,,CT,495.36,5.12,2,2,,,,5.94,,,51,,,5.94,,279518,0,7.72,UNSUPPORTED_UNIT,"unit nao suportada: ""CT"""
2097,2097,279517,,CT,555.03,1.37,2,2,,,,6.66,,,13,,,6.66,,279517,0,8.66,UNSUPPORTED_UNIT,"unit nao suportada: ""CT"""
2098,2098,279516,,CT,524.98,1.87,2,2,,,,6.3,,,18,,,6.3,,279516,0,8.19,UNSUPPORTED_UNIT,"unit nao suportada: ""CT"""
2099,2099,279985,,CT,657.35,1.5,2,2,,,,7.89,,,15,,,7.89,,279985,0,10.26,UNSUPPORTED_UNIT,"unit nao suportada: ""CT"""
2100,2100,279982,,CT,611.8,1.33,2,2,,,,7.34,,,13,,,7.34,,279982,0,9.54,UNSUPPORTED_UNIT,"unit nao suportada: ""CT"""
2101,2101,279608,,CT,406.7,11.24,2,2,,,,4.88,,,112,,,4.88,,279608,0,6.34,UNSUPPORTED_UNIT,"unit nao suportada: ""CT"""
2102,2102,279607,,CT,457.33,10.22,2,2,,,,5.49,,,102,,,5.49,,279607,0,7.14,UNSUPPORTED_UNIT,"unit nao suportada: ""CT"""
2103,2103,279508,,CT,558.26,4.27,2,2,,,,6.7,,,42,,,6.7,,279508,0,8.71,UNSUPPORTED_UNIT,"unit nao suportada: ""CT"""
2104,2104,279507,,CT,559.4,7.64,2,2,,,,6.71,,,76,,,6.71,,279507,0,8.72,UNSUPPORTED_UNIT,"unit nao suportada: ""CT"""
2105,2105,279506,,CT,607.65,3.05,2,2,,,,7.29,,,30,,,7.29,,279506,0,9.48,UNSUPPORTED_UNIT,"unit nao suportada: ""CT"""
2106,2106,279505,,CT,650.2,5.79,2,2,,,,7.8,,,57,,,7.8,,279505,0,10.14,UNSUPPORTED_UNIT,"unit nao suportada: ""CT"""
2107,2107,279504,,CT,728.8,1.7,2,2,,,,8.75,,,17,,,8.75,,279504,0,11.38,UNSUPPORTED_UNIT,"unit nao suportada: ""CT"""
2108,2108,279503,,CT,813.9,2.22,2,2,,,,9.77,,,22,,,9.77,,279503,0,12.7,UNSUPPORTED_UNIT,"unit nao suportada: ""CT"""
2109,2109,279806,,CT,660.72,0.84,2,2,,,,7.93,,,8,,,7.93,,279806,0,10.31,UNSUPPORTED_UNIT,"unit nao suportada: ""CT"""
2110,2110,279606,,CT,697.19,0.89,2,2,,,,8.37,,,8,,,8.37,,279606,0,10.88,UNSUPPORTED_UNIT,"unit nao suportada: ""CT"""
2112,2112,279489,,CT,932.62,2.11,2,2,,,,11.19,,,21,,,11.19,,279489,0,14.55,UNSUPPORTED_UNIT,"unit nao suportada: ""CT"""
2113,2113,279488,,CT,980.77,0.56,2,2,,,,11.77,,,5,,,11.77,,279488,0,15.3,UNSUPPORTED_UNIT,"unit nao suportada: ""CT"""
2114,2114,279974,,CT,1083.7,2.61,2,2,,,,13,,,26,,,13,,279974,0,16.9,UNSUPPORTED_UNIT,"unit nao suportada: ""CT"""
2115,2115,279487,,CT,1184.66,0.29,2,2,,,,14.22,,,2,,,14.22,,279487,0,18.49,UNSUPPORTED_UNIT,"unit nao suportada: ""CT"""
2116,2116,279486,,CT,1300.61,0.37,2,2,,,,15.61,,,3,,,15.61,,279486,0,20.29,UNSUPPORTED_UNIT,"unit nao suportada: ""CT"""
2117,2117,279472,,CT,2010.94,1.12,2,2,,,,24.13,,,11,,,24.13,,279472,0,31.37,UNSUPPORTED_UNIT,"unit nao suportada: ""CT"""
2118,2118,279635,,CT,55.8,17.43,2,2,,,,0.67,,,174,,,0.67,,279635,0,0.87,UNSUPPORTED_UNIT,"unit nao suportada: ""CT"""
2119,2119,279555,,CT,103.55,5.19,2,2,,,,1.24,,,51,,,1.24,,279555,0,1.61,UNSUPPORTED_UNIT,"unit nao suportada: ""CT"""
2120,2120,279502,,CT,931.09,1.34,2,2,,,,11.17,,,13,,,11.17,,279502,0,14.52,UNSUPPORTED_UNIT,"unit nao suportada: ""CT"""
2121,2121,279556,,CT,96.72,-1.06,2,2,,,,1.16,,,0,,,1.16,,279556,0,1.51,UNSUPPORTED_UNIT,"unit nao suportada: ""CT"""
2123,2123,279649,,CT,11.91,6.46,2,2,,,,0.14,,,64,,,0.14,,279649,0,0.18,UNSUPPORTED_UNIT,"unit nao suportada: ""CT"""
2124,2124,279621,,CT,139.19,4.52,2,2,,,,1.67,,,45,,,1.67,,279621,0,2.17,UNSUPPORTED_UNIT,"unit nao suportada: ""CT"""
2125,2125,279648,,CT,13.26,13.7,2,2,,,,0.16,,,137,,,0.16,,279648,0,0.21,UNSUPPORTED_UNIT,"unit nao suportada: ""CT"""
2126,2126,279654,,CT,8.79,4.09,2,2,,,,0.11,,,40,,,0.11,,279654,0,0.14,UNSUPPORTED_UNIT,"unit nao suportada: ""CT"""
2127,2127,279653,,CT,9.35,11.77,2,2,,,,0.11,,,117,,,0.11,,279653,0,0.14,UNSUPPORTED_UNIT,"unit nao suportada: ""CT"""
2129,2129,279651,,CT,12.02,20.15,2,2,,,,0.14,,,201,,,0.14,,279651,0,0.18,UNSUPPORTED_UNIT,"unit nao suportada: ""CT"""
2130,2130,279650,,CT,13.87,26.16,2,2,,,,0.17,,,261,,,0.17,,279650,0,0.22,UNSUPPORTED_UNIT,"unit nao suportada: ""CT"""
2132,2132,279563,,CT,51.52,6.36,2,2,,,,0.62,,,63,,,0.62,,279563,0,0.81,UNSUPPORTED_UNIT,"unit nao suportada: ""CT"""
2134,2134,279549,,CT,251.31,3.91,2,2,,,,3.02,,,39,,,3.02,,279549,0,3.93,UNSUPPORTED_UNIT,"unit nao suportada: ""CT"""
2135,2135,279642,,CT,24.36,8,2,2,,,,0.29,,,80,,,0.29,,279642,0,0.38,UNSUPPORTED_UNIT,"unit nao suportada: ""CT"""
2136,2136,279565,,CT,38.88,1.66,2,2,,,,0.47,,,16,,,0.47,,279565,0,0.61,UNSUPPORTED_UNIT,"unit nao suportada: ""CT"""
2137,2137,279564,,CT,43.84,8.05,2,2,,,,0.53,,,80,,,0.53,,279564,0,0.69,UNSUPPORTED_UNIT,"unit nao suportada: ""CT"""
2138,2138,279515,,CT,792.44,19.28,2,2,,,,9.51,,,192,,,9.51,,279515,0,12.36,UNSUPPORTED_UNIT,"unit nao suportada: ""CT"""
2139,2139,279984,,CT,712.49,0.35,2,2,,,,8.55,,,3,,,8.55,,279984,0,11.12,UNSUPPORTED_UNIT,"unit nao suportada: ""CT"""
2140,2140,279983,,CT,933.64,1.55,2,2,,,,11.2,,,15,,,11.2,,279983,0,14.56,UNSUPPORTED_UNIT,"unit nao suportada: ""CT"""
2141,2141,279548,,CT,225.32,0.61,2,2,,,,2.7,,,6,,,2.7,,279548,0,3.51,UNSUPPORTED_UNIT,"unit nao suportada: ""CT"""
2142,2142,279554,,CT,113.89,6.94,2,2,,,,1.37,,,69,,,1.37,,279554,0,1.78,UNSUPPORTED_UNIT,"unit nao suportada: ""CT"""
2143,2143,279451,,CT,135.22,0.4,2,2,,,,1.62,,,4,,,1.62,,279451,0,2.11,UNSUPPORTED_UNIT,"unit nao suportada: ""CT"""
2144,2144,279547,,CT,259.76,2.27,2,2,,,,3.12,,,22,,,3.12,,279547,0,4.06,UNSUPPORTED_UNIT,"unit nao suportada: ""CT"""
2145,2145,279989,,CT,926.17,3.94,2,2,,,,11.11,,,39,,,11.11,,279989,0,14.44,UNSUPPORTED_UNIT,"unit nao suportada: ""CT"""
2146,2146,279987,,CT,888.83,1.34,2,2,,,,10.67,,,13,,,10.67,,279987,0,13.87,UNSUPPORTED_UNIT,"unit nao suportada: ""CT"""
2147,2147,279512,,CT,993.9,0.44,2,2,,,,11.93,,,4,,,11.93,,279512,0,15.51,UNSUPPORTED_UNIT,"unit nao suportada: ""CT"""
2148,2148,279636,,CT,57.34,0,2,2,,,,0.69,,,0,,,0.69,,279636,0,0.9,UNSUPPORTED_UNIT,"unit nao suportada: ""CT"""
2149,2149,279560,,CT,73,4.13,2,2,,,,0.88,,,41,,,0.88,,279560,0,1.14,UNSUPPORTED_UNIT,"unit nao suportada: ""CT"""
2150,2150,279558,,CT,76.41,1.17,2,2,,,,0.92,,,11,,,0.92,,279558,0,1.2,UNSUPPORTED_UNIT,"unit nao suportada: ""CT"""
2151,2151,279630,,CT,73.08,4.03,2,2,,,,0.88,,,40,,,0.88,,279630,0,1.14,UNSUPPORTED_UNIT,"unit nao suportada: ""CT"""
2152,2152,279551,,CT,122.53,7.4,2,2,,,,1.47,,,74,,,1.47,,279551,0,1.91,UNSUPPORTED_UNIT,"unit nao suportada: ""CT"""
2153,2153,279550,,CT,155.77,44.36,2,2,,,,1.87,,,443,,,1.87,,279550,0,2.43,UNSUPPORTED_UNIT,"unit nao suportada: ""CT"""
2154,2154,279623,,CT,130.14,8.35,2,2,,,,1.56,,,83,,,1.56,,279623,0,2.03,UNSUPPORTED_UNIT,"unit nao suportada: ""CT"""
2155,2155,279545,,CT,164.72,11.1,2,2,,,,1.98,,,111,,,1.98,,279545,0,2.57,UNSUPPORTED_UNIT,"unit nao suportada: ""CT"""
2156,2156,279544,,CT,167.77,5.73,2,2,,,,2.01,,,57,,,2.01,,279544,0,2.61,UNSUPPORTED_UNIT,"unit nao suportada: ""CT"""
2157,2157,279543,,CT,245.66,2.25,2,2,,,,2.95,,,22,,,2.95,,279543,0,3.84,UNSUPPORTED_UNIT,"unit nao suportada: ""CT"""
2158,2158,279542,,CT,334.94,3.24,2,2,,,,4.02,,,32,,,4.02,,279542,0,5.23,UNSUPPORTED_UNIT,"unit nao suportada: ""CT"""
2159,2159,279315,,CT,288.94,1.58,2,2,,,,3.47,,,15,,,3.47,,279315,0,4.51,UNSUPPORTED_UNIT,"unit nao suportada: ""CT"""
2160,2160,279622,,CT,132.06,1.3,2,2,,,,1.58,,,13,,,1.58,,279622,0,2.05,UNSUPPORTED_UNIT,"unit nao suportada: ""CT"""
2161,2161,279541,,CT,215.23,1.47,2,2,,,,2.58,,,14,,,2.58,,279541,0,3.35,UNSUPPORTED_UNIT,"unit nao suportada: ""CT"""
2162,2162,279962,,CT,238.51,1.56,2,2,,,,2.86,,,15,,,2.86,,279962,0,3.72,UNSUPPORTED_UNIT,"unit nao suportada: ""CT"""
2163,2163,279540,,CT,483.49,7.16,2,2,,,,5.8,,,71,,,5.8,,279540,0,7.54,UNSUPPORTED_UNIT,"unit nao suportada: ""CT"""
2164,2164,279617,,CT,174.52,12.83,2,2,,,,2.09,,,128,,,2.09,,279617,0,2.72,UNSUPPORTED_UNIT,"unit nao suportada: ""CT"""
2165,2165,279805,,CT,200.65,3.59,2,2,,,,2.41,,,35,,,2.41,,279805,0,3.13,UNSUPPORTED_UNIT,"unit nao suportada: ""CT"""
2166,2166,279613,,CT,238.19,0.08,2,2,,,,2.86,,,0,,,2.86,,279613,0,3.72,UNSUPPORTED_UNIT,"unit nao suportada: ""CT"""
2167,2167,279986,,CT,267.96,3.32,2,2,,,,3.22,,,33,,,3.22,,279986,0,4.19,UNSUPPORTED_UNIT,"unit nao suportada: ""CT"""
2168,2168,279533,,CT,357.85,-0.77,2,2,,,,4.29,,,0,,,4.29,,279533,0,5.58,UNSUPPORTED_UNIT,"unit nao suportada: ""CT"""
2169,2169,279611,,CT,298.67,0.87,2,2,,,,3.58,,,8,,,3.58,,279611,0,4.65,UNSUPPORTED_UNIT,"unit nao suportada: ""CT"""
2176,2176,279526,,CT,502.23,3.57,2,2,,,,6.03,,,35,,,6.03,,279526,0,7.84,UNSUPPORTED_UNIT,"unit nao suportada: ""CT"""
2178,2178,279958,,CT,1379.38,1.67,2,2,,,,16.55,,,16,,,16.55,,279958,0,21.52,UNSUPPORTED_UNIT,"unit nao suportada: ""CT"""
2179,2179,279612,,CT,253.12,1.47,2,2,,,,3.04,,,14,,,3.04,,279612,0,3.95,UNSUPPORTED_UNIT,"unit nao suportada: ""CT"""
2180,2180,279514,,CT,1033.02,1.9,2,2,,,,12.4,,,19,,,12.4,,279514,0,16.12,UNSUPPORTED_UNIT,"unit nao suportada: ""CT"""
2181,2181,279513,,CT,903.71,0.34,2,2,,,,10.84,,,3,,,10.84,,279513,0,14.09,UNSUPPORTED_UNIT,"unit nao suportada: ""CT"""
2182,2182,279814,,CT,1608.52,0.22,2,2,,,,19.3,,,2,,,19.3,,279814,0,25.09,UNSUPPORTED_UNIT,"unit nao suportada: ""CT"""
2183,2183,279528,,CT,434.54,4.28,2,2,,,,5.21,,,42,,,5.21,,279528,0,6.77,UNSUPPORTED_UNIT,"unit nao suportada: ""CT"""
2185,2185,279527,,CT,482.24,2,2,2,,,,5.79,,,20,,,5.79,,279527,0,7.53,UNSUPPORTED_UNIT,"unit nao suportada: ""CT"""
2186,2186,279537,,CT,364.22,0.7,2,2,,,,4.37,,,7,,,4.37,,279537,0,5.68,UNSUPPORTED_UNIT,"unit nao suportada: ""CT"""
2187,2187,279959,,CT,456.38,0.89,2,2,,,,5.48,,,8,,,5.48,,279959,0,7.12,UNSUPPORTED_UNIT,"unit nao suportada: ""CT"""
2188,2188,279536,,CT,478.67,1.29,2,2,,,,5.74,,,12,,,5.74,,279536,0,7.46,UNSUPPORTED_UNIT,"unit nao suportada: ""CT"""
2189,2189,279500,,CT,1134.24,2.11,2,2,,,,13.61,,,21,,,13.61,,279500,0,17.69,UNSUPPORTED_UNIT,"unit nao suportada: ""CT"""
2190,2190,279525,,CT,684.22,5.2,2,2,,,,8.21,,,52,,,8.21,,279525,0,10.67,UNSUPPORTED_UNIT,"unit nao suportada: ""CT"""
2191,2191,279524,,CT,796.66,5.2299999999999995,2,2,,,,9.56,,,52,,,9.56,,279524,0,12.43,UNSUPPORTED_UNIT,"unit nao suportada: ""CT"""
2192,2192,279523,,CT,671.18,3.59,2,2,,,,8.05,,,35,,,8.05,,279523,0,10.47,UNSUPPORTED_UNIT,"unit nao suportada: ""CT"""
2193,2193,279552,,CT,94.1,0.49,2,2,,,,1.13,,,4,,,1.13,,279552,0,1.47,UNSUPPORTED_UNIT,"unit nao suportada: ""CT"""
2194,2194,279546,,CT,131.66,0.62,2,2,,,,1.58,,,6,,,1.58,,279546,0,2.05,UNSUPPORTED_UNIT,"unit nao suportada: ""CT"""
2195,2195,279976,,CT,1078.67,1.41,2,2,,,,12.94,,,14,,,12.94,,279976,0,16.82,UNSUPPORTED_UNIT,"unit nao suportada: ""CT"""
2196,2196,279991,,CT,624.18,1.6,2,2,,,,7.49,,,16,,,7.49,,279991,0,9.74,UNSUPPORTED_UNIT,"unit nao suportada: ""CT"""
2197,2197,279979,,CT,1195.03,0.28,2,2,,,,14.34,,,2,,,14.34,,279979,0,18.64,UNSUPPORTED_UNIT,"unit nao suportada: ""CT"""
2198,2198,279605,,CT,766.87,0.97,2,2,,,,9.2,,,9,,,9.2,,279605,0,11.96,UNSUPPORTED_UNIT,"unit nao suportada: ""CT"""
2199,2199,279652,,CT,10.55,35.9,2,2,,,,0.13,,,359,,,0.13,,279652,0,0.17,UNSUPPORTED_UNIT,"unit nao suportada: ""CT"""
2200,2200,279522,,CT,752.65,-0.010000000000000009,2,2,,,,9.03,,,0,,,9.03,,279522,0,11.74,UNSUPPORTED_UNIT,"unit nao suportada: ""CT"""
2201,2201,279521,,CT,761.1,9.180000000000001,2,2,,,,9.13,,,91,,,9.13,,279521,0,11.87,UNSUPPORTED_UNIT,"unit nao suportada: ""CT"""
2202,2202,279510,,CT,1125.97,1.3,2,2,,,,13.51,,,13,,,13.51,,279510,0,17.56,UNSUPPORTED_UNIT,"unit nao suportada: ""CT"""
2203,2203,279501,,CT,1029.3,4.14,2,2,,,,12.35,,,41,,,12.35,,279501,0,16.06,UNSUPPORTED_UNIT,"unit nao suportada: ""CT"""
2204,2204,279499,,CT,1179.84,0.15,2,2,,,,14.16,,,1,,,14.16,,279499,0,18.41,UNSUPPORTED_UNIT,"unit nao suportada: ""CT"""
2205,2205,279498,,CT,1294.09,0.37,2,2,,,,15.53,,,3,,,15.53,,279498,0,20.19,UNSUPPORTED_UNIT,"unit nao suportada: ""CT"""
2206,2206,279809,,CT,806.31,1.38,2,2,,,,9.68,,,13,,,9.68,,279809,0,12.58,UNSUPPORTED_UNIT,"unit nao suportada: ""CT"""
2207,2207,279988,,CT,1221.78,1.29,2,2,,,,14.66,,,12,,,14.66,,279988,0,19.06,UNSUPPORTED_UNIT,"unit nao suportada: ""CT"""
2208,2208,279497,,CT,721.78,0.91,2,2,,,,8.66,,,9,,,8.66,,279497,0,11.26,UNSUPPORTED_UNIT,"unit nao suportada: ""CT"""
2209,2209,279496,,CT,800.52,0.04,2,2,,,,9.61,,,0,,,9.61,,279496,0,12.49,UNSUPPORTED_UNIT,"unit nao suportada: ""CT"""
2210,2210,279495,,CT,885.26,0.37,2,2,,,,10.62,,,3,,,10.62,,279495,0,13.81,UNSUPPORTED_UNIT,"unit nao suportada: ""CT"""
2211,2211,279494,,CT,879.05,0.68,2,2,,,,10.55,,,6,,,10.55,,279494,0,13.72,UNSUPPORTED_UNIT,"unit nao suportada: ""CT"""
2212,2212,279493,,CT,1016.81,1.43,2,2,,,,12.2,,,14,,,12.2,,279493,0,15.86,UNSUPPORTED_UNIT,"unit nao suportada: ""CT"""
2213,2213,279492,,CT,1142.98,0.05,2,2,,,,13.72,,,0,,,13.72,,279492,0,17.84,UNSUPPORTED_UNIT,"unit nao suportada: ""CT"""
2214,2214,279978,,CT,1238,7.71,2,2,,,,14.86,,,77,,,14.86,,279978,0,19.32,UNSUPPORTED_UNIT,"unit nao suportada: ""CT"""
2215,2215,279485,,CT,1361.1,1.99,2,2,,,,16.33,,,19,,,16.33,,279485,0,21.23,UNSUPPORTED_UNIT,"unit nao suportada: ""CT"""
2216,2216,279484,,CT,1401.26,1.09,2,2,,,,16.82,,,10,,,16.82,,279484,0,21.87,UNSUPPORTED_UNIT,"unit nao suportada: ""CT"""
2217,2217,279483,,CT,1522.49,1.09,2,2,,,,18.27,,,10,,,18.27,,279483,0,23.75,UNSUPPORTED_UNIT,"unit nao suportada: ""CT"""
2218,2218,279977,,CT,1623.98,0.99,2,2,,,,19.49,,,9,,,19.49,,279977,0,25.34,UNSUPPORTED_UNIT,"unit nao suportada: ""CT"""
2219,2219,279973,,CT,2022.95,1.65,2,2,,,,24.28,,,16,,,24.28,,279973,0,31.56,UNSUPPORTED_UNIT,"unit nao suportada: ""CT"""
2220,2220,279479,,CT,1764.39,0.86,2,2,,,,21.17,,,8,,,21.17,,279479,0,27.52,UNSUPPORTED_UNIT,"unit nao suportada: ""CT"""
2221,2221,279975,,CT,1890.35,0.9,2,2,,,,22.68,,,9,,,22.68,,279975,0,29.48,UNSUPPORTED_UNIT,"unit nao suportada: ""CT"""
2222,2222,279476,,CT,2273.91,0.64,2,2,,,,27.29,,,6,,,27.29,,279476,0,35.48,UNSUPPORTED_UNIT,"unit nao suportada: ""CT"""
2223,2223,279553,,CT,79.24,1,2,2,,,,0.95,,,10,,,0.95,,279553,0,1.24,UNSUPPORTED_UNIT,"unit nao suportada: ""CT"""
2225,2225,279448,,CT,141.26,2.81,2,2,,,,1.7,,,28,,,1.7,,279448,0,2.21,UNSUPPORTED_UNIT,"unit nao suportada: ""CT"""
2226,2226,279509,,CT,599.21,1.68,2,2,,,,7.19,,,16,,,7.19,,279509,0,9.35,UNSUPPORTED_UNIT,"unit nao suportada: ""CT"""
2235,2235,279807,,CT,470.87,0,2,2,,,,5.65,,,0,,,5.65,,279807,0,7.35,UNSUPPORTED_UNIT,"unit nao suportada: ""CT"""
2236,2236,279491,,CT,1619.52,1.32,2,2,,,,19.43,,,13,,,19.43,,279491,0,25.26,UNSUPPORTED_UNIT,"unit nao suportada: ""CT"""
2238,2238,279308,,CT,2310.56,0.59,2,2,,,,27.73,,,5,,,27.73,,279308,0,36.05,UNSUPPORTED_UNIT,"unit nao suportada: ""CT"""
2239,2239,279818,,CT,2165.36,0,2,2,,,,25.98,,,0,,,25.98,,279818,0,33.77,UNSUPPORTED_UNIT,"unit nao suportada: ""CT"""
2242,2242,279566,,CT,32.55,1.96,2,2,,,,0.39,,,19,,,0.39,,279566,0,0.51,UNSUPPORTED_UNIT,"unit nao suportada: ""CT"""
2243,2243,279347,,CT,56.06,10.35,2,2,,,,0.67,,,103,,,0.67,,279347,0,0.87,UNSUPPORTED_UNIT,"unit nao suportada: ""CT"""
2244,2244,279562,,CT,58.8,2.86,2,2,,,,0.71,,,28,,,0.71,,279562,0,0.92,UNSUPPORTED_UNIT,"unit nao suportada: ""CT"""
2248,2248,279463,,CT,2984.94,0.73,2,2,,,,35.82,,,7,,,35.82,,279463,0,46.57,UNSUPPORTED_UNIT,"unit nao suportada: ""CT"""
2249,2249,279462,,CT,2923.69,1.92,2,2,,,,35.08,,,19,,,35.08,,279462,0,45.6,UNSUPPORTED_UNIT,"unit nao suportada: ""CT"""
2254,2254,279446,,CT,546.84,8.16,2,2,,,,6.56,,,81,,,6.56,,279446,0,8.53,UNSUPPORTED_UNIT,"unit nao suportada: ""CT"""
2255,2255,279447,,CT,151.58,3.88,2,2,,,,1.82,,,38,,,1.82,,279447,0,2.37,UNSUPPORTED_UNIT,"unit nao suportada: ""CT"""
2256,2256,279490,,CT,1657.27,0.55,2,2,,,,19.89,,,5,,,19.89,,279490,0,25.86,UNSUPPORTED_UNIT,"unit nao suportada: ""CT"""
2257,2257,279459,,CT,8942.18,0.94,2,2,,,,107.31,,,9,,,107.31,,279459,0,139.5,UNSUPPORTED_UNIT,"unit nao suportada: ""CT"""
2259,2259,279464,,CT,2786.31,2.39,2,2,,,,33.44,,,23,,,33.44,,279464,0,43.47,UNSUPPORTED_UNIT,"unit nao suportada: ""CT"""
2260,2260,279461,,CT,3861.84,1.37,2,2,,,,46.34,,,13,,,46.34,,279461,0,60.24,UNSUPPORTED_UNIT,"unit nao suportada: ""CT"""
2271,2271,279808,,CT,584.53,0.3,2,2,,,,7.01,,,3,,,7.01,,279808,0,9.11,UNSUPPORTED_UNIT,"unit nao suportada: ""CT"""
2273,2273,279591,,CT,82.19,1.26,2,2,,,,0.99,,,12,,,0.99,,279591,0,1.29,UNSUPPORTED_UNIT,"unit nao suportada: ""CT"""
2274,2274,279590,,CT,102.28,1.91,2,2,,,,1.23,,,19,,,1.23,,279590,0,1.6,UNSUPPORTED_UNIT,"unit nao suportada: ""CT"""
2275,2275,279589,,CT,107.36,2.54,2,2,,,,1.29,,,25,,,1.29,,279589,0,1.68,UNSUPPORTED_UNIT,"unit nao suportada: ""CT"""
2276,2276,279588,,CT,106.81,3.4,2,2,,,,1.28,,,34,,,1.28,,279588,0,1.66,UNSUPPORTED_UNIT,"unit nao suportada: ""CT"""
2277,2277,279587,,CT,127.74,1.09,2,2,,,,1.53,,,10,,,1.53,,279587,0,1.99,UNSUPPORTED_UNIT,"unit nao suportada: ""CT"""
2278,2278,279586,,CT,158.93,9.91,2,2,,,,1.91,,,99,,,1.91,,279586,0,2.48,UNSUPPORTED_UNIT,"unit nao suportada: ""CT"""
2279,2279,278679,,CT,168.51,4.23,2,2,,,,2.02,,,42,,,2.02,,278679,0,2.63,UNSUPPORTED_UNIT,"unit nao suportada: ""CT"""
2280,2280,278677,,CT,199.64,0.97,2,2,,,,2.4,,,9,,,2.4,,278677,0,3.12,UNSUPPORTED_UNIT,"unit nao suportada: ""CT"""
2281,2281,278676,,CT,192.54,0.53,2,2,,,,2.31,,,5,,,2.31,,278676,0,3,UNSUPPORTED_UNIT,"unit nao suportada: ""CT"""
2282,2282,278675,,CT,236.97,-0.22,2,2,,,,2.84,,,0,,,2.84,,278675,0,3.69,UNSUPPORTED_UNIT,"unit nao suportada: ""CT"""
2283,2283,278674,,CT,258.09,0.7,2,2,,,,3.1,,,7,,,3.1,,278674,0,4.03,UNSUPPORTED_UNIT,"unit nao suportada: ""CT"""
2284,2284,279584,,CT,143.38,6.14,2,2,,,,1.72,,,61,,,1.72,,279584,0,2.24,UNSUPPORTED_UNIT,"unit nao suportada: ""CT"""
2285,2285,279583,,CT,189.51,11.02,2,2,,,,2.27,,,110,,,2.27,,279583,0,2.95,UNSUPPORTED_UNIT,"unit nao suportada: ""CT"""
2286,2286,279582,,CT,189.31,3.55,2,2,,,,2.27,,,35,,,2.27,,279582,0,2.95,UNSUPPORTED_UNIT,"unit nao suportada: ""CT"""
2287,2287,279581,,CT,180.27,2.71,2,2,,,,2.16,,,27,,,2.16,,279581,0,2.81,UNSUPPORTED_UNIT,"unit nao suportada: ""CT"""
2288,2288,279580,,CT,186.74,1.78,2,2,,,,2.24,,,17,,,2.24,,279580,0,2.91,UNSUPPORTED_UNIT,"unit nao suportada: ""CT"""
2289,2289,278671,,CT,234.51,2.31,2,2,,,,2.81,,,23,,,2.81,,278671,0,3.65,UNSUPPORTED_UNIT,"unit nao suportada: ""CT"""
2290,2290,278669,,CT,296.73,0.6,2,2,,,,3.56,,,6,,,3.56,,278669,0,4.63,UNSUPPORTED_UNIT,"unit nao suportada: ""CT"""
2291,2291,278668,,CT,330.91,0.71,2,2,,,,3.97,,,7,,,3.97,,278668,0,5.16,UNSUPPORTED_UNIT,"unit nao suportada: ""CT"""
2292,2292,279270,,CT,364.24,9.13,2,2,,,,4.37,,,91,,,4.37,,279270,0,5.68,UNSUPPORTED_UNIT,"unit nao suportada: ""CT"""
2293,2293,278667,,CT,345.21,1,2,2,,,,4.14,,,10,,,4.14,,278667,0,5.38,UNSUPPORTED_UNIT,"unit nao suportada: ""CT"""
2294,2294,280020,,CT,406.57,2.16,2,2,,,,4.88,,,21,,,4.88,,280020,0,6.34,UNSUPPORTED_UNIT,"unit nao suportada: ""CT"""
2295,2295,280019,,CT,431.68,1.4,2,2,,,,5.18,,,14,,,5.18,,280019,0,6.73,UNSUPPORTED_UNIT,"unit nao suportada: ""CT"""
2296,2296,279577,,CT,287.29,0.96,2,2,,,,3.45,,,9,,,3.45,,279577,0,4.49,UNSUPPORTED_UNIT,"unit nao suportada: ""CT"""
2297,2297,279576,,CT,306.43,3.6,2,2,,,,3.68,,,36,,,3.68,,279576,0,4.78,UNSUPPORTED_UNIT,"unit nao suportada: ""CT"""
2298,2298,279575,,CT,249.85,1.52,2,2,,,,3,,,15,,,3,,279575,0,3.9,UNSUPPORTED_UNIT,"unit nao suportada: ""CT"""
2299,2299,278661,,CT,281.8,3.67,2,2,,,,3.38,,,36,,,3.38,,278661,0,4.39,UNSUPPORTED_UNIT,"unit nao suportada: ""CT"""
2300,2300,278659,,CT,362.85,0.96,2,2,,,,4.35,,,9,,,4.35,,278659,0,5.65,UNSUPPORTED_UNIT,"unit nao suportada: ""CT"""
2301,2301,278658,,CT,439.42,0.77,2,2,,,,5.27,,,7,,,5.27,,278658,0,6.85,UNSUPPORTED_UNIT,"unit nao suportada: ""CT"""
2302,2302,278657,,CT,495.44,0.48,2,2,,,,5.95,,,4,,,5.95,,278657,0,7.74,UNSUPPORTED_UNIT,"unit nao suportada: ""CT"""
2303,2303,278656,,CT,527.19,1.24,2,2,,,,6.33,,,12,,,6.33,,278656,0,8.23,UNSUPPORTED_UNIT,"unit nao suportada: ""CT"""
2304,2304,278655,,CT,584.77,0.96,2,2,,,,7.02,,,9,,,7.02,,278655,0,9.13,UNSUPPORTED_UNIT,"unit nao suportada: ""CT"""
2305,2305,278654,,CT,624.89,1.64,2,2,,,,7.5,,,16,,,7.5,,278654,0,9.75,UNSUPPORTED_UNIT,"unit nao suportada: ""CT"""
2306,2306,278651,,CT,379.06,0.77,2,2,,,,4.55,,,7,,,4.55,,278651,0,5.92,UNSUPPORTED_UNIT,"unit nao suportada: ""CT"""
2307,2307,278650,,CT,418.35,0.33,2,2,,,,5.02,,,3,,,5.02,,278650,0,6.53,UNSUPPORTED_UNIT,"unit nao suportada: ""CT"""
2308,2308,278649,,CT,620.65,0.66,2,2,,,,7.45,,,6,,,7.45,,278649,0,9.69,UNSUPPORTED_UNIT,"unit nao suportada: ""CT"""
2309,2309,278648,,CT,512.18,1.08,2,2,,,,6.15,,,10,,,6.15,,278648,0,8,UNSUPPORTED_UNIT,"unit nao suportada: ""CT"""
2310,2310,278647,,CT,668.54,0.63,2,2,,,,8.02,,,6,,,8.02,,278647,0,10.43,UNSUPPORTED_UNIT,"unit nao suportada: ""CT"""
2311,2311,278646,,CT,597.45,0.64,2,2,,,,7.17,,,6,,,7.17,,278646,0,9.32,UNSUPPORTED_UNIT,"unit nao suportada: ""CT"""
2312,2312,279119,,CT,817.1,1.09,2,2,,,,9.81,,,10,,,9.81,,279119,0,12.75,UNSUPPORTED_UNIT,"unit nao suportada: ""CT"""
2313,2313,279573,,CT,525.46,0.54,2,2,,,,6.31,,,5,,,6.31,,279573,0,8.2,UNSUPPORTED_UNIT,"unit nao suportada: ""CT"""
2314,2314,278645,,CT,539.79,1.47,2,2,,,,6.48,,,14,,,6.48,,278645,0,8.42,UNSUPPORTED_UNIT,"unit nao suportada: ""CT"""
2315,2315,278644,,CT,605.62,0.94,2,2,,,,7.27,,,9,,,7.27,,278644,0,9.45,UNSUPPORTED_UNIT,"unit nao suportada: ""CT"""
2316,2316,278643,,CT,751.71,0.66,2,2,,,,9.02,,,6,,,9.02,,278643,0,11.73,UNSUPPORTED_UNIT,"unit nao suportada: ""CT"""
2317,2317,278642,,CT,638.86,1.68,2,2,,,,7.67,,,16,,,7.67,,278642,0,9.97,UNSUPPORTED_UNIT,"unit nao suportada: ""CT"""
2318,2318,278641,,CT,789.99,1,2,2,,,,9.48,,,10,,,9.48,,278641,0,12.32,UNSUPPORTED_UNIT,"unit nao suportada: ""CT"""
2319,2319,278640,,CT,1030.2,0.42,2,2,,,,12.36,,,4,,,12.36,,278640,0,16.07,UNSUPPORTED_UNIT,"unit nao suportada: ""CT"""
2320,2320,278639,,CT,1048.91,0.44,2,2,,,,12.59,,,4,,,12.59,,278639,0,16.37,UNSUPPORTED_UNIT,"unit nao suportada: ""CT"""
2330,2330,279319,,CT,345.25,1,2,2,,,,4.14,,,10,,,4.14,,279319,0,5.38,UNSUPPORTED_UNIT,"unit nao suportada: ""CT"""
2331,2331,279574,,CT,346.58,1.46,2,2,,,,4.16,,,14,,,4.16,,279574,0,5.41,UNSUPPORTED_UNIT,"unit nao suportada: ""CT"""
2332,2332,278673,,CT,316.01,0.02,2,2,,,,3.79,,,0,,,3.79,,278673,0,4.93,UNSUPPORTED_UNIT,"unit nao suportada: ""CT"""
2333,2333,278672,,CT,349.51,0.62,2,2,,,,4.19,,,6,,,4.19,,278672,0,5.45,UNSUPPORTED_UNIT,"unit nao suportada: ""CT"""
2334,2334,279118,,CT,942.06,1.04,2,2,,,,11.3,,,10,,,11.3,,279118,0,14.69,UNSUPPORTED_UNIT,"unit nao suportada: ""CT"""
2335,2335,279117,,CT,1120.43,0.18,2,2,,,,13.45,,,1,,,13.45,,279117,0,17.49,UNSUPPORTED_UNIT,"unit nao suportada: ""CT"""
2336,2336,279116,,CT,972.71,0.87,2,2,,,,11.67,,,8,,,11.67,,279116,0,15.17,UNSUPPORTED_UNIT,"unit nao suportada: ""CT"""
2338,2338,278665,,CT,534.13,0.73,2,2,,,,6.41,,,7,,,6.41,,278665,0,8.33,UNSUPPORTED_UNIT,"unit nao suportada: ""CT"""
2339,2339,279120,,CT,488.41,0.4,2,2,,,,5.86,,,4,,,5.86,,279120,0,7.62,UNSUPPORTED_UNIT,"unit nao suportada: ""CT"""
2340,2340,278637,,CT,1268.86,0.23,2,2,,,,15.23,,,2,,,15.23,,278637,0,19.8,UNSUPPORTED_UNIT,"unit nao suportada: ""CT"""
2341,2341,279592,,CT,97.56,9.11,2,2,,,,1.17,,,91,,,1.17,,279592,0,1.52,UNSUPPORTED_UNIT,"unit nao suportada: ""CT"""
2342,2342,278680,,CT,162.05,0.75,2,2,,,,1.94,,,7,,,1.94,,278680,0,2.52,UNSUPPORTED_UNIT,"unit nao suportada: ""CT"""
2343,2343,278678,,CT,240.82,2.73,2,2,,,,2.89,,,27,,,2.89,,278678,0,3.76,UNSUPPORTED_UNIT,"unit nao suportada: ""CT"""
2346,2346,279121,,CT,275.27,1.99,2,2,,,,3.3,,,19,,,3.3,,279121,0,4.29,UNSUPPORTED_UNIT,"unit nao suportada: ""CT"""
2347,2347,278670,,CT,351.66,0.42,2,2,,,,4.22,,,4,,,4.22,,278670,0,5.49,UNSUPPORTED_UNIT,"unit nao suportada: ""CT"""
2348,2348,279585,,CT,163.81,2.22,2,2,,,,1.97,,,22,,,1.97,,279585,0,2.56,UNSUPPORTED_UNIT,"unit nao suportada: ""CT"""
2349,2349,279579,,CT,205.46,4.24,2,2,,,,2.47,,,42,,,2.47,,279579,0,3.21,UNSUPPORTED_UNIT,"unit nao suportada: ""CT"""
2350,2350,279578,,CT,255.96,4.18,2,2,,,,3.07,,,41,,,3.07,,279578,0,3.99,UNSUPPORTED_UNIT,"unit nao suportada: ""CT"""
2351,2351,278662,,CT,300.17,3.43,2,2,,,,3.6,,,34,,,3.6,,278662,0,4.68,UNSUPPORTED_UNIT,"unit nao suportada: ""CT"""
2352,2352,278660,,CT,381.75,3.46,2,2,,,,4.58,,,34,,,4.58,,278660,0,5.95,UNSUPPORTED_UNIT,"unit nao suportada: ""CT"""
2353,2353,278652,,CT,661.45,1.11,2,2,,,,7.94,,,11,,,7.94,,278652,0,10.32,UNSUPPORTED_UNIT,"unit nao suportada: ""CT"""
2354,2354,278638,,CT,1095.77,0.38,2,2,,,,13.15,,,3,,,13.15,,278638,0,17.1,UNSUPPORTED_UNIT,"unit nao suportada: ""CT"""
2360,2360,278653,,CT,626.54,1.2,2,2,,,,7.52,,,12,,,7.52,,278653,0,9.78,UNSUPPORTED_UNIT,"unit nao suportada: ""CT"""
2361,2361,278666,,CT,551.93,0.73,2,2,,,,6.62,,,7,,,6.62,,278666,0,8.61,UNSUPPORTED_UNIT,"unit nao suportada: ""CT"""
2363,2363,279604,,CT,39.87,23.47,2,2,,,,0.48,,,234,,,0.48,,279604,0,0.62,UNSUPPORTED_UNIT,"unit nao suportada: ""CT"""
2364,2364,279603,,CT,35.3,2,2,2,,,,0.42,,,20,,,0.42,,279603,0,0.55,UNSUPPORTED_UNIT,"unit nao suportada: ""CT"""
2365,2365,279602,,CT,44.85,8.47,2,2,,,,0.54,,,84,,,0.54,,279602,0,0.7,UNSUPPORTED_UNIT,"unit nao suportada: ""CT"""
2366,2366,279601,,CT,49.31,72.02,2,2,,,,0.59,,,720,,,0.59,,279601,0,0.77,UNSUPPORTED_UNIT,"unit nao suportada: ""CT"""
2367,2367,279600,,CT,52.47,16.06,2,2,,,,0.63,,,160,,,0.63,,279600,0,0.82,UNSUPPORTED_UNIT,"unit nao suportada: ""CT"""
2368,2368,279599,,CT,65.23,7.37,2,2,,,,0.78,,,73,,,0.78,,279599,0,1.01,UNSUPPORTED_UNIT,"unit nao suportada: ""CT"""
2369,2369,279331,,CT,70.11,3.07,2,2,,,,0.84,,,30,,,0.84,,279331,0,1.09,UNSUPPORTED_UNIT,"unit nao suportada: ""CT"""
2370,2370,279297,,CT,75.36,5.49,2,2,,,,0.9,,,54,,,0.9,,279297,0,1.17,UNSUPPORTED_UNIT,"unit nao suportada: ""CT"""
2371,2371,279598,,CT,60.73,6.8,2,2,,,,0.73,,,68,,,0.73,,279598,0,0.95,UNSUPPORTED_UNIT,"unit nao suportada: ""CT"""
2372,2372,279597,,CT,73.86,2.87,2,2,,,,0.89,,,28,,,0.89,,279597,0,1.16,UNSUPPORTED_UNIT,"unit nao suportada: ""CT"""
2373,2373,279596,,CT,65.14,1.64,2,2,,,,0.78,,,16,,,0.78,,279596,0,1.01,UNSUPPORTED_UNIT,"unit nao suportada: ""CT"""
2374,2374,279595,,CT,91.02,1.91,2,2,,,,1.09,,,19,,,1.09,,279595,0,1.42,UNSUPPORTED_UNIT,"unit nao suportada: ""CT"""
2375,2375,280030,,CT,79.75,1.47,2,2,,,,0.96,,,14,,,0.96,,280030,0,1.25,UNSUPPORTED_UNIT,"unit nao suportada: ""CT"""
2376,2376,279594,,CT,114.14,1.87,2,2,,,,1.37,,,18,,,1.37,,279594,0,1.78,UNSUPPORTED_UNIT,"unit nao suportada: ""CT"""
2377,2377,279593,,CT,123.92,6.05,2,2,,,,1.49,,,60,,,1.49,,279593,0,1.94,UNSUPPORTED_UNIT,"unit nao suportada: ""CT"""
2378,2378,279296,,CT,150.02,1.94,2,2,,,,1.8,,,19,,,1.8,,279296,0,2.34,UNSUPPORTED_UNIT,"unit nao suportada: ""CT"""
2379,2379,279295,,CT,177.01,1.27,2,2,,,,2.12,,,12,,,2.12,,279295,0,2.76,UNSUPPORTED_UNIT,"unit nao suportada: ""CT"""
2380,2380,279294,,CT,167.24,1.15,2,2,,,,2.01,,,11,,,2.01,,279294,0,2.61,UNSUPPORTED_UNIT,"unit nao suportada: ""CT"""
2381,2381,278681,,CT,203.15,1.25,2,2,,,,2.44,,,12,,,2.44,,278681,0,3.17,UNSUPPORTED_UNIT,"unit nao suportada: ""CT"""
2382,2382,279316,,CT,234.79,0.95,2,2,,,,2.82,,,9,,,2.82,,279316,0,3.67,UNSUPPORTED_UNIT,"unit nao suportada: ""CT"""
2383,2383,278664,,CT,567.98,0.18,2,2,,,,6.82,,,1,,,6.82,,278664,0,8.87,UNSUPPORTED_UNIT,"unit nao suportada: ""CT"""
2385,2385,279314,,CT,493.16,2.11,2,2,,,,5.92,,,21,,,5.92,,279314,0,7.7,UNSUPPORTED_UNIT,"unit nao suportada: ""CT"""
2386,2386,279115,,CT,1493.1,4.03,2,2,,,,17.92,,,40,,,17.92,,279115,0,23.3,UNSUPPORTED_UNIT,"unit nao suportada: ""CT"""
2401,2401,279194,,CT,109.9,0.91,2,2,,,,1.32,,,9,,,1.32,,279194,0,1.72,UNSUPPORTED_UNIT,"unit nao suportada: ""CT"""
2402,2402,279318,,CT,124.53,3.34,2,2,,,,1.49,,,33,,,1.49,,279318,0,1.94,UNSUPPORTED_UNIT,"unit nao suportada: ""CT"""
2403,2403,279317,,CT,139.19,2.35,2,2,,,,1.67,,,23,,,1.67,,279317,0,2.17,UNSUPPORTED_UNIT,"unit nao suportada: ""CT"""
2404,2404,279198,,CT,153.84,0.54,2,2,,,,1.85,,,5,,,1.85,,279198,0,2.41,UNSUPPORTED_UNIT,"unit nao suportada: ""CT"""
2405,2405,280128,,CT,136.4,0.01,2,2,,,,1.64,,,0,,,1.64,,280128,0,2.13,UNSUPPORTED_UNIT,"unit nao suportada: ""CT"""
2406,2406,280126,,CT,190.18,7.41,2,2,,,,2.28,,,74,,,2.28,,280126,0,2.96,UNSUPPORTED_UNIT,"unit nao suportada: ""CT"""
2407,2407,280124,,CT,237.53,20.27,2,2,,,,2.85,,,202,,,2.85,,280124,0,3.71,UNSUPPORTED_UNIT,"unit nao suportada: ""CT"""
2408,2408,280122,,CT,236.94,0.6,2,2,,,,2.84,,,6,,,2.84,,280122,0,3.69,UNSUPPORTED_UNIT,"unit nao suportada: ""CT"""
2409,2409,280121,,CT,299.55,3.68,2,2,,,,3.59,,,36,,,3.59,,280121,0,4.67,UNSUPPORTED_UNIT,"unit nao suportada: ""CT"""
2410,2410,279209,,CT,372.13,10.14,2,2,,,,4.47,,,101,,,4.47,,279209,0,5.81,UNSUPPORTED_UNIT,"unit nao suportada: ""CT"""
2411,2411,280120,,CT,410.3,3.58,2,2,,,,4.92,,,35,,,4.92,,280120,0,6.4,UNSUPPORTED_UNIT,"unit nao suportada: ""CT"""
2412,2412,279335,,CT,289.1,7.87,2,2,,,,3.47,,,78,,,3.47,,279335,0,4.51,UNSUPPORTED_UNIT,"unit nao suportada: ""CT"""
2413,2413,280119,,CT,306.47,2.08,2,2,,,,3.68,,,20,,,3.68,,280119,0,4.78,UNSUPPORTED_UNIT,"unit nao suportada: ""CT"""
2414,2414,280118,,CT,428.29,0.8,2,2,,,,5.14,,,8,,,5.14,,280118,0,6.68,UNSUPPORTED_UNIT,"unit nao suportada: ""CT"""
2415,2415,280117,,CT,507.66,7.37,2,2,,,,6.09,,,73,,,6.09,,280117,0,7.92,UNSUPPORTED_UNIT,"unit nao suportada: ""CT"""
2416,2416,280116,,CT,616.14,3.34,2,2,,,,7.39,,,33,,,7.39,,280116,0,9.61,UNSUPPORTED_UNIT,"unit nao suportada: ""CT"""
2417,2417,280115,,CT,707.49,0.91,2,2,,,,8.49,,,9,,,8.49,,280115,0,11.04,UNSUPPORTED_UNIT,"unit nao suportada: ""CT"""
2418,2418,280114,,CT,449.65,1.84,2,2,,,,5.4,,,18,,,5.4,,280114,0,7.02,UNSUPPORTED_UNIT,"unit nao suportada: ""CT"""
2419,2419,279284,,CT,480.51,0.47,2,2,,,,5.77,,,4,,,5.77,,279284,0,7.5,UNSUPPORTED_UNIT,"unit nao suportada: ""CT"""
2420,2420,280112,,CT,602.51,0.22,2,2,,,,7.23,,,2,,,7.23,,280112,0,9.4,UNSUPPORTED_UNIT,"unit nao suportada: ""CT"""
2421,2421,280111,,CT,723.63,0.91,2,2,,,,8.68,,,9,,,8.68,,280111,0,11.28,UNSUPPORTED_UNIT,"unit nao suportada: ""CT"""
2422,2422,279810,,CT,862.08,0.75,2,2,,,,10.34,,,7,,,10.34,,279810,0,13.44,UNSUPPORTED_UNIT,"unit nao suportada: ""CT"""
2423,2423,280110,,CT,1054.42,0.79,2,2,,,,12.65,,,7,,,12.65,,280110,0,16.45,UNSUPPORTED_UNIT,"unit nao suportada: ""CT"""
2424,2424,280127,,CT,173.87,14.55,2,2,,,,2.09,,,145,,,2.09,,280127,0,2.72,UNSUPPORTED_UNIT,"unit nao suportada: ""CT"""
2425,2425,280125,,CT,192.63,7.98,2,2,,,,2.31,,,79,,,2.31,,280125,0,3,UNSUPPORTED_UNIT,"unit nao suportada: ""CT"""
2426,2426,280123,,CT,250.42,7.05,2,2,,,,3.01,,,70,,,3.01,,280123,0,3.91,UNSUPPORTED_UNIT,"unit nao suportada: ""CT"""
2427,2427,279330,,CT,575.36,3.76,2,2,,,,6.9,,,37,,,6.9,,279330,0,8.97,UNSUPPORTED_UNIT,"unit nao suportada: ""CT"""
2428,2428,280113,,CT,479.97,5.36,2,2,,,,5.76,,,53,,,5.76,,280113,0,7.49,UNSUPPORTED_UNIT,"unit nao suportada: ""CT"""
2429,2429,279817,,CT,1750.74,-0.07,2,2,,,,21.01,,,0,,,21.01,,279817,0,27.31,UNSUPPORTED_UNIT,"unit nao suportada: ""CT"""
2430,2430,280130,,CT,71.41,14.33,2,2,,,,0.86,,,143,,,0.86,,280130,0,1.12,UNSUPPORTED_UNIT,"unit nao suportada: ""CT"""
2431,2431,280018,,CT,91.72,2.14,2,2,,,,1.1,,,21,,,1.1,,280018,0,1.43,UNSUPPORTED_UNIT,"unit nao suportada: ""CT"""
2432,2432,280129,,CT,107.33,3.96,2,2,,,,1.29,,,39,,,1.29,,280129,0,1.68,UNSUPPORTED_UNIT,"unit nao suportada: ""CT"""
2433,2433,279195,,CT,116.72,0.83,2,2,,,,1.4,,,8,,,1.4,,279195,0,1.82,UNSUPPORTED_UNIT,"unit nao suportada: ""CT"""
2434,2434,279196,,CT,135.25,-5.12,2,2,,,,1.62,,,0,,,1.62,,279196,0,2.11,UNSUPPORTED_UNIT,"unit nao suportada: ""CT"""
2436,2436,279813,,CT,1334.75,0,2,2,,,,16.02,,,0,,,16.02,,279813,0,20.83,UNSUPPORTED_UNIT,"unit nao suportada: ""CT"""
2437,2437,280108,,CT,1233.45,0.58,2,2,,,,14.8,,,5,,,14.8,,280108,0,19.24,UNSUPPORTED_UNIT,"unit nao suportada: ""CT"""
2438,2438,280107,,CT,1478.73,0.47,2,2,,,,17.74,,,4,,,17.74,,280107,0,23.06,UNSUPPORTED_UNIT,"unit nao suportada: ""CT"""
2439,2439,280106,,CT,2164.75,1.12,2,2,,,,25.98,,,11,,,25.98,,280106,0,33.77,UNSUPPORTED_UNIT,"unit nao suportada: ""CT"""
2440,2440,280109,,CT,1029.78,3.97,2,2,,,,12.36,,,39,,,12.36,,280109,0,16.07,UNSUPPORTED_UNIT,"unit nao suportada: ""CT"""
2441,2441,280033,,CT,1056.46,9.3,2,2,,,,12.68,,,93,,,12.68,,280033,0,16.48,UNSUPPORTED_UNIT,"unit nao suportada: ""CT"""
2442,2442,279273,,CT,1304.62,3.41,2,2,,,,15.66,,,34,,,15.66,,279273,0,20.36,UNSUPPORTED_UNIT,"unit nao suportada: ""CT"""
2443,2443,279340,,CT,1662.59,1.64,2,2,,,,19.95,,,16,,,19.95,,279340,0,25.94,UNSUPPORTED_UNIT,"unit nao suportada: ""CT"""
2444,2444,280015,,CT,1785.04,27.2,2,2,,,,21.42,,,272,,,21.42,,280015,0,27.85,UNSUPPORTED_UNIT,"unit nao suportada: ""CT"""
2445,2445,280105,,CT,2005.3,0.63,2,2,,,,24.06,,,6,,,24.06,,280105,0,31.28,UNSUPPORTED_UNIT,"unit nao suportada: ""CT"""
4365,4365,279864,,CT,22.27,25.5,2,2,,,,0.27,,,255,,,0.27,,279864,0,0.35,UNSUPPORTED_UNIT,"unit nao suportada: ""CT"""
4366,4366,278843,,CT,26.44,8.07,2,2,,,,0.32,,,80,,,0.32,,278843,0,0.42,UNSUPPORTED_UNIT,"unit nao suportada: ""CT"""
4367,4367,278505,,CT,29.3,64.38,2,2,,,,0.35,,,643,,,0.35,,278505,0,0.46,UNSUPPORTED_UNIT,"unit nao suportada: ""CT"""
4368,4368,278504,,CT,34.61,67.45,2,2,,,,0.42,,,674,,,0.42,,278504,0,0.55,UNSUPPORTED_UNIT,"unit nao suportada: ""CT"""
4369,4369,278503,,CT,39.57,53.78,2,2,,,,0.47,,,537,,,0.47,,278503,0,0.61,UNSUPPORTED_UNIT,"unit nao suportada: ""CT"""
4370,4370,278839,,CT,34.96,4.16,2,2,,,,0.42,,,41,,,0.42,,278839,0,0.55,UNSUPPORTED_UNIT,"unit nao suportada: ""CT"""
4371,4371,278838,,CT,38.56,2.39,2,2,,,,0.46,,,23,,,0.46,,278838,0,0.6,UNSUPPORTED_UNIT,"unit nao suportada: ""CT"""
4372,4372,279863,,CT,45.74,5.51,2,2,,,,0.55,,,55,,,0.55,,279863,0,0.72,UNSUPPORTED_UNIT,"unit nao suportada: ""CT"""
4373,4373,278836,,CT,69.2,-0.1,2,2,,,,0.83,,,0,,,0.83,,278836,0,1.08,UNSUPPORTED_UNIT,"unit nao suportada: ""CT"""
4374,4374,278500,,CT,64.28,7.71,2,2,,,,0.77,,,77,,,0.77,,278500,0,1,UNSUPPORTED_UNIT,"unit nao suportada: ""CT"""
4375,4375,278498,,CT,64.33,48.61,2,2,,,,0.77,,,486,,,0.77,,278498,0,1,UNSUPPORTED_UNIT,"unit nao suportada: ""CT"""
4376,4376,278844,,CT,18.35,2.6,2,2,,,,0.22,,,26,,,0.22,,278844,0,0.29,UNSUPPORTED_UNIT,"unit nao suportada: ""CT"""
4377,4377,278501,,CT,84.08,4.72,2,2,,,,1.01,,,47,,,1.01,,278501,0,1.31,UNSUPPORTED_UNIT,"unit nao suportada: ""CT"""
4379,4379,278837,,CT,49.64,11.72,2,2,,,,0.6,,,117,,,0.6,,278837,0,0.78,UNSUPPORTED_UNIT,"unit nao suportada: ""CT"""
4380,4380,278841,,CT,33.38,35.58,2,2,,,,0.4,,,355,,,0.4,,278841,0,0.52,UNSUPPORTED_UNIT,"unit nao suportada: ""CT"""
4381,4381,278833,,CT,74.21,2.33,2,2,,,,0.89,,,23,,,0.89,,278833,0,1.16,UNSUPPORTED_UNIT,"unit nao suportada: ""CT"""
4382,4382,278834,,CT,65.52,6.96,2,2,,,,0.79,,,69,,,0.79,,278834,0,1.03,UNSUPPORTED_UNIT,"unit nao suportada: ""CT"""
4383,4383,279326,,CT,89.03,13.43,2,2,,,,1.07,,,134,,,1.07,,279326,0,1.39,UNSUPPORTED_UNIT,"unit nao suportada: ""CT"""
4384,4384,278840,,CT,37.09,31.729999999999997,2,2,,,,0.45,,,317,,,0.45,,278840,0,0.59,UNSUPPORTED_UNIT,"unit nao suportada: ""CT"""
4385,4385,278842,,CT,30.87,5.05,2,2,,,,0.37,,,50,,,0.37,,278842,0,0.48,UNSUPPORTED_UNIT,"unit nao suportada: ""CT"""
4386,4386,278830,,CT,140.96,2.62,2,2,,,,1.69,,,26,,,1.69,,278830,0,2.2,UNSUPPORTED_UNIT,"unit nao suportada: ""CT"""
4387,4387,278831,,CT,128.6,3.65,2,2,,,,1.54,,,36,,,1.54,,278831,0,2,UNSUPPORTED_UNIT,"unit nao suportada: ""CT"""
4389,4389,278832,,CT,96.25,6.92,2,2,,,,1.16,,,69,,,1.16,,278832,0,1.51,UNSUPPORTED_UNIT,"unit nao suportada: ""CT"""
4390,4390,278496,,CT,109.54,2.12,2,2,,,,1.31,,,21,,,1.31,,278496,0,1.7,UNSUPPORTED_UNIT,"unit nao suportada: ""CT"""
4391,4391,279454,,CT,13.64,61.5,2,2,,,,0.16,,,615,,,0.16,,279454,0,0.21,UNSUPPORTED_UNIT,"unit nao suportada: ""CT"""
4393,4393,278507,,CT,16.14,-0.32,2,2,,,,0.19,,,0,,,0.19,,278507,0,0.25,UNSUPPORTED_UNIT,"unit nao suportada: ""CT"""
4394,4394,278506,,CT,19.15,69.06,2,2,,,,0.23,,,690,,,0.23,,278506,0,0.3,UNSUPPORTED_UNIT,"unit nao suportada: ""CT"""
4395,4395,279452,,CT,23.09,9.54,2,2,,,,0.28,,,95,,,0.28,,279452,0,0.36,UNSUPPORTED_UNIT,"unit nao suportada: ""CT"""
4397,4397,279363,,CT,53.12,16.05,2,2,,,,0.64,,,160,,,0.64,,279363,0,0.83,UNSUPPORTED_UNIT,"unit nao suportada: ""CT"""
4398,4398,278502,,CT,45.49,21.02,2,2,,,,0.55,,,210,,,0.55,,278502,0,0.72,UNSUPPORTED_UNIT,"unit nao suportada: ""CT"""
4399,4399,279328,,CT,51.93,16.81,2,2,,,,0.62,,,168,,,0.62,,279328,0,0.81,UNSUPPORTED_UNIT,"unit nao suportada: ""CT"""
4401,4401,278499,,CT,66.77,8.28,2,2,,,,0.8,,,82,,,0.8,,278499,0,1.04,UNSUPPORTED_UNIT,"unit nao suportada: ""CT"""
4402,4402,279455,,CT,11.67,18.17,2,2,,,,0.14,,,181,,,0.14,,279455,0,0.18,UNSUPPORTED_UNIT,"unit nao suportada: ""CT"""
4404,4404,279187,,CT,14.11,4.24,2,2,,,,0.17,,,42,,,0.17,,279187,0,0.22,UNSUPPORTED_UNIT,"unit nao suportada: ""CT"""
4405,4405,279327,,CT,108.39,3.25,2,2,,,,1.3,,,32,,,1.3,,279327,0,1.69,UNSUPPORTED_UNIT,"unit nao suportada: ""CT"""
4406,4406,278835,,CT,100.68,5.79,2,2,,,,1.21,,,57,,,1.21,,278835,0,1.57,UNSUPPORTED_UNIT,"unit nao suportada: ""CT"""
4407,4407,279453,,CT,21.75,16.67,2,2,,,,0.26,,,166,,,0.26,,279453,0,0.34,UNSUPPORTED_UNIT,"unit nao suportada: ""CT"""
4444,4444,278497,,CT,118.69,7.15,2,2,,,,1.42,,,71,,,1.42,,278497,0,1.85,UNSUPPORTED_UNIT,"unit nao suportada: ""CT"""
5791,5791,279998,,CT,66.17,11.3,2,2,,,,0.79,,,113,,,0.79,,279998,0,1.03,UNSUPPORTED_UNIT,"unit nao suportada: ""CT"""
5792,5792,278636,,CT,69.87,18.49,2,2,,,,0.84,,,184,,,0.84,,278636,0,1.09,UNSUPPORTED_UNIT,"unit nao suportada: ""CT"""
5793,5793,278635,,CT,74.3,5.18,2,2,,,,0.89,,,51,,,0.89,,278635,0,1.16,UNSUPPORTED_UNIT,"unit nao suportada: ""CT"""
5794,5794,278633,,CT,88.56,2.92,2,2,,,,1.06,,,29,,,1.06,,278633,0,1.38,UNSUPPORTED_UNIT,"unit nao suportada: ""CT"""
5795,5795,279997,,CT,91.52,5.24,2,2,,,,1.1,,,52,,,1.1,,279997,0,1.43,UNSUPPORTED_UNIT,"unit nao suportada: ""CT"""
5796,5796,278630,,CT,110.48,4,2,2,,,,1.33,,,40,,,1.33,,278630,0,1.73,UNSUPPORTED_UNIT,"unit nao suportada: ""CT"""
5797,5797,278629,,CT,133.16,4.07,2,2,,,,1.6,,,40,,,1.6,,278629,0,2.08,UNSUPPORTED_UNIT,"unit nao suportada: ""CT"""
5798,5798,278634,,CT,64.89,6.26,2,2,,,,0.78,,,62,,,0.78,,278634,0,1.01,UNSUPPORTED_UNIT,"unit nao suportada: ""CT"""
5799,5799,278627,,CT,152.99,4.43,2,2,,,,1.84,,,44,,,1.84,,278627,0,2.39,UNSUPPORTED_UNIT,"unit nao suportada: ""CT"""
5800,5800,278632,,CT,86.87,2.81,2,2,,,,1.04,,,28,,,1.04,,278632,0,1.35,UNSUPPORTED_UNIT,"unit nao suportada: ""CT"""
5801,5801,278622,,CT,187.08,4,2,2,,,,2.24,,,40,,,2.24,,278622,0,2.91,UNSUPPORTED_UNIT,"unit nao suportada: ""CT"""
5802,5802,278621,,CT,195.98,2.46,2,2,,,,2.35,,,24,,,2.35,,278621,0,3.06,UNSUPPORTED_UNIT,"unit nao suportada: ""CT"""
5804,5804,278626,,CT,145.05,1.02,2,2,,,,1.74,,,10,,,1.74,,278626,0,2.26,UNSUPPORTED_UNIT,"unit nao suportada: ""CT"""
5805,5805,279993,,CT,193.61,1.86,2,2,,,,2.32,,,18,,,2.32,,279993,0,3.02,UNSUPPORTED_UNIT,"unit nao suportada: ""CT"""
5806,5806,278624,,CT,210.7,2.5,2,2,,,,2.53,,,25,,,2.53,,278624,0,3.29,UNSUPPORTED_UNIT,"unit nao suportada: ""CT"""
5807,5807,278623,,CT,227.8,2.7,2,2,,,,2.73,,,27,,,2.73,,278623,0,3.55,UNSUPPORTED_UNIT,"unit nao suportada: ""CT"""
5808,5808,278620,,CT,218.96,1.59,2,2,,,,2.63,,,15,,,2.63,,278620,0,3.42,UNSUPPORTED_UNIT,"unit nao suportada: ""CT"""
5809,5809,278619,,CT,269.89,3.58,2,2,,,,3.24,,,35,,,3.24,,278619,0,4.21,UNSUPPORTED_UNIT,"unit nao suportada: ""CT"""
5810,5810,278618,,CT,297.3,2.7,2,2,,,,3.57,,,27,,,3.57,,278618,0,4.64,UNSUPPORTED_UNIT,"unit nao suportada: ""CT"""
5811,5811,278617,,CT,319.32,2.54,2,2,,,,3.83,,,25,,,3.83,,278617,0,4.98,UNSUPPORTED_UNIT,"unit nao suportada: ""CT"""
5812,5812,279992,,CT,247.76,1.82,2,2,,,,2.97,,,18,,,2.97,,279992,0,3.86,UNSUPPORTED_UNIT,"unit nao suportada: ""CT"""
5813,5813,278631,,CT,96.2,4.44,2,2,,,,1.15,,,44,,,1.15,,278631,0,1.5,UNSUPPORTED_UNIT,"unit nao suportada: ""CT"""
5814,5814,279996,,CT,121.02,-3.9,2,2,,,,1.45,,,0,,,1.45,,279996,0,1.89,UNSUPPORTED_UNIT,"unit nao suportada: ""CT"""
5815,5815,278628,,CT,133.63,45.72,2,2,,,,1.6,,,457,,,1.6,,278628,0,2.08,UNSUPPORTED_UNIT,"unit nao suportada: ""CT"""
5816,5816,279995,,CT,117.89,0.55,2,2,,,,1.41,,,5,,,1.41,,279995,0,1.83,UNSUPPORTED_UNIT,"unit nao suportada: ""CT"""
5817,5817,278625,,CT,156.46,1.96,2,2,,,,1.88,,,19,,,1.88,,278625,0,2.44,UNSUPPORTED_UNIT,"unit nao suportada: ""CT"""
5818,5818,279994,,CT,179.38,2.41,2,2,,,,2.15,,,24,,,2.15,,279994,0,2.8,UNSUPPORTED_UNIT,"unit nao suportada: ""CT"""
6427,6427,278552,,CT,24.91,35.24,2,2,,,,0.3,,,352,,,0.3,,278552,0,0.39,UNSUPPORTED_UNIT,"unit nao suportada: ""CT"""
6428,6428,278542,,CT,65.61,111.67,2,2,,,,0.79,,,1116,,,0.79,,278542,0,1.03,UNSUPPORTED_UNIT,"unit nao suportada: ""CT"""
6430,6430,278551,,CT,28.18,19.77,2,2,,,,0.34,,,197,,,0.34,,278551,0,0.44,UNSUPPORTED_UNIT,"unit nao suportada: ""CT"""
6498,6498,281423,,CT,2069.14,-1.46,2,2,,,,24.83,,,0,,,24.83,,281423,0,32.28,UNSUPPORTED_UNIT,"unit nao suportada: ""CT"""
6509,6509,278866,,CT,183.32,17.14,2,2,,,,2.2,,,171,,,2.2,,278866,0,2.86,UNSUPPORTED_UNIT,"unit nao suportada: ""CT"""
6511,6511,281424,,CT,117.54,12.03,2,2,,,,1.41,,,120,,,1.41,,281424,0,1.83,UNSUPPORTED_UNIT,"unit nao suportada: ""CT"""
6678,6678,279080,,CT,41.39,2.72,2,2,,,,0.5,,,27,,,0.5,,279080,0,0.65,UNSUPPORTED_UNIT,"unit nao suportada: ""CT"""
6679,6679,279079,,CT,24.66,10.45,2,2,,,,0.3,,,104,,,0.3,,279079,0,0.39,UNSUPPORTED_UNIT,"unit nao suportada: ""CT"""
6680,6680,279078,,CT,26.38,12.09,2,2,,,,0.32,,,120,,,0.32,,279078,0,0.42,UNSUPPORTED_UNIT,"unit nao suportada: ""CT"""
6681,6681,279077,,CT,30.54,13.52,2,2,,,,0.37,,,135,,,0.37,,279077,0,0.48,UNSUPPORTED_UNIT,"unit nao suportada: ""CT"""
6682,6682,279076,,CT,51.22,5.75,2,2,,,,0.61,,,57,,,0.61,,279076,0,0.79,UNSUPPORTED_UNIT,"unit nao suportada: ""CT"""
6683,6683,279075,,CT,38.6,43.45,2,2,,,,0.46,,,434,,,0.46,,279075,0,0.6,UNSUPPORTED_UNIT,"unit nao suportada: ""CT"""
6684,6684,279074,,CT,37.53,16.16,2,2,,,,0.45,,,161,,,0.45,,279074,0,0.59,UNSUPPORTED_UNIT,"unit nao suportada: ""CT"""
6685,6685,279073,,CT,49.61,8.18,2,2,,,,0.6,,,81,,,0.6,,279073,0,0.78,UNSUPPORTED_UNIT,"unit nao suportada: ""CT"""
6686,6686,279072,,CT,62.1,2.35,2,2,,,,0.75,,,23,,,0.75,,279072,0,0.98,UNSUPPORTED_UNIT,"unit nao suportada: ""CT"""
6687,6687,279071,,CT,138.79,3.74,2,2,,,,1.67,,,37,,,1.67,,279071,0,2.17,UNSUPPORTED_UNIT,"unit nao suportada: ""CT"""
6688,6688,279069,,CT,50.84,22.42,2,2,,,,0.61,,,224,,,0.61,,279069,0,0.79,UNSUPPORTED_UNIT,"unit nao suportada: ""CT"""
6689,6689,279068,,CT,36.1,211.91,2,2,,,,0.43,,,2119,,,0.43,,279068,0,0.56,UNSUPPORTED_UNIT,"unit nao suportada: ""CT"""
6690,6690,280010,,CT,42.48,16.52,2,2,,,,0.51,,,165,,,0.51,,280010,0,0.66,UNSUPPORTED_UNIT,"unit nao suportada: ""CT"""
6691,6691,279067,,CT,41.94,11.89,2,2,,,,0.5,,,118,,,0.5,,279067,0,0.65,UNSUPPORTED_UNIT,"unit nao suportada: ""CT"""
6692,6692,280009,,CT,43.4,5.09,2,2,,,,0.52,,,50,,,0.52,,280009,0,0.68,UNSUPPORTED_UNIT,"unit nao suportada: ""CT"""
6693,6693,279066,,CT,51.92,21.951,2,2,,,,0.62,,,219,,,0.62,,279066,0,0.81,UNSUPPORTED_UNIT,"unit nao suportada: ""CT"""
6694,6694,279065,,CT,58.07,3.66,2,2,,,,0.7,,,36,,,0.7,,279065,0,0.91,UNSUPPORTED_UNIT,"unit nao suportada: ""CT"""
6695,6695,279064,,CT,60,25.66,2,2,,,,0.72,,,256,,,0.72,,279064,0,0.94,UNSUPPORTED_UNIT,"unit nao suportada: ""CT"""
6696,6696,279063,,CT,84.98,20.31,2,2,,,,1.02,,,203,,,1.02,,279063,0,1.33,UNSUPPORTED_UNIT,"unit nao suportada: ""CT"""
6697,6697,279062,,CT,76.78,18.38,2,2,,,,0.92,,,183,,,0.92,,279062,0,1.2,UNSUPPORTED_UNIT,"unit nao suportada: ""CT"""
6698,6698,279061,,CT,116.34,9.02,2,2,,,,1.4,,,90,,,1.4,,279061,0,1.82,UNSUPPORTED_UNIT,"unit nao suportada: ""CT"""
6699,6699,279060,,CT,94.1,2.73,2,2,,,,1.13,,,27,,,1.13,,279060,0,1.47,UNSUPPORTED_UNIT,"unit nao suportada: ""CT"""
6700,6700,279059,,CT,101.89,1,2,2,,,,1.22,,,10,,,1.22,,279059,0,1.59,UNSUPPORTED_UNIT,"unit nao suportada: ""CT"""
6702,6702,279058,,CT,115.86,1.64,2,2,,,,1.39,,,16,,,1.39,,279058,0,1.81,UNSUPPORTED_UNIT,"unit nao suportada: ""CT"""
6703,6703,279057,,CT,142.67,1.91,2,2,,,,1.71,,,19,,,1.71,,279057,0,2.22,UNSUPPORTED_UNIT,"unit nao suportada: ""CT"""
6704,6704,279056,,CT,54.18,7.33,2,2,,,,0.65,,,73,,,0.65,,279056,0,0.85,UNSUPPORTED_UNIT,"unit nao suportada: ""CT"""
6705,6705,279055,,CT,62.8,43.36,2,2,,,,0.75,,,433,,,0.75,,279055,0,0.98,UNSUPPORTED_UNIT,"unit nao suportada: ""CT"""
6706,6706,280025,,CT,67.36,15.24,2,2,,,,0.81,,,152,,,0.81,,280025,0,1.05,UNSUPPORTED_UNIT,"unit nao suportada: ""CT"""
6707,6707,279054,,CT,75.61,10.25,2,2,,,,0.91,,,102,,,0.91,,279054,0,1.18,UNSUPPORTED_UNIT,"unit nao suportada: ""CT"""
6709,6709,279053,,CT,89.72,26.484,2,2,,,,1.08,,,264,,,1.08,,279053,0,1.4,UNSUPPORTED_UNIT,"unit nao suportada: ""CT"""
6710,6710,279052,,CT,103.07,28.514,2,2,,,,1.24,,,285,,,1.24,,279052,0,1.61,UNSUPPORTED_UNIT,"unit nao suportada: ""CT"""
6711,6711,279051,,CT,128.91,2.64,2,2,,,,1.55,,,26,,,1.55,,279051,0,2.02,UNSUPPORTED_UNIT,"unit nao suportada: ""CT"""
6712,6712,280008,,CT,123.99,5.44,2,2,,,,1.49,,,54,,,1.49,,280008,0,1.94,UNSUPPORTED_UNIT,"unit nao suportada: ""CT"""
6713,6713,279050,,CT,142.76,1.349,2,2,,,,1.71,,,13,,,1.71,,279050,0,2.22,UNSUPPORTED_UNIT,"unit nao suportada: ""CT"""
6714,6714,279049,,CT,151.99,2.73,2,2,,,,1.82,,,27,,,1.82,,279049,0,2.37,UNSUPPORTED_UNIT,"unit nao suportada: ""CT"""
6715,6715,279048,,CT,224.15,1.88,2,2,,,,2.69,,,18,,,2.69,,279048,0,3.5,UNSUPPORTED_UNIT,"unit nao suportada: ""CT"""
6716,6716,279047,,CT,237.17,9.36,2,2,,,,2.85,,,93,,,2.85,,279047,0,3.71,UNSUPPORTED_UNIT,"unit nao suportada: ""CT"""
6717,6717,279046,,CT,274.95,12.79,2,2,,,,3.3,,,127,,,3.3,,279046,0,4.29,UNSUPPORTED_UNIT,"unit nao suportada: ""CT"""
6718,6718,279045,,CT,234.76,14.83,2,2,,,,2.82,,,148,,,2.82,,279045,0,3.67,UNSUPPORTED_UNIT,"unit nao suportada: ""CT"""
6720,6720,279044,,CT,290.08,1.96,2,2,,,,3.48,,,19,,,3.48,,279044,0,4.52,UNSUPPORTED_UNIT,"unit nao suportada: ""CT"""
6721,6721,279043,,CT,89.06,3.33,2,2,,,,1.07,,,33,,,1.07,,279043,0,1.39,UNSUPPORTED_UNIT,"unit nao suportada: ""CT"""
6722,6722,279042,,CT,104.88,1.97,2,2,,,,1.26,,,19,,,1.26,,279042,0,1.64,UNSUPPORTED_UNIT,"unit nao suportada: ""CT"""
6723,6723,279041,,CT,99.94,7.89,2,2,,,,1.2,,,78,,,1.2,,279041,0,1.56,UNSUPPORTED_UNIT,"unit nao suportada: ""CT"""
6724,6724,279040,,CT,152.28,1.57,2,2,,,,1.83,,,15,,,1.83,,279040,0,2.38,UNSUPPORTED_UNIT,"unit nao suportada: ""CT"""
6725,6725,280024,,CT,117.36,15.12,2,2,,,,1.41,,,151,,,1.41,,280024,0,1.83,UNSUPPORTED_UNIT,"unit nao suportada: ""CT"""
6726,6726,280023,,CT,164.81,9,2,2,,,,1.98,,,90,,,1.98,,280023,0,2.57,UNSUPPORTED_UNIT,"unit nao suportada: ""CT"""
6727,6727,279039,,CT,151.4,16.144,2,2,,,,1.82,,,161,,,1.82,,279039,0,2.37,UNSUPPORTED_UNIT,"unit nao suportada: ""CT"""
6728,6728,279038,,CT,186.14,12.34,2,2,,,,2.23,,,123,,,2.23,,279038,0,2.9,UNSUPPORTED_UNIT,"unit nao suportada: ""CT"""
6729,6729,279037,,CT,216.25,0.49,2,2,,,,2.6,,,4,,,2.6,,279037,0,3.38,UNSUPPORTED_UNIT,"unit nao suportada: ""CT"""
6730,6730,279036,,CT,247.58,0.43,2,2,,,,2.97,,,4,,,2.97,,279036,0,3.86,UNSUPPORTED_UNIT,"unit nao suportada: ""CT"""
6731,6731,280007,,CT,226.08,0.94,2,2,,,,2.71,,,9,,,2.71,,280007,0,3.52,UNSUPPORTED_UNIT,"unit nao suportada: ""CT"""
6732,6732,279035,,CT,253.79,16.67,2,2,,,,3.05,,,166,,,3.05,,279035,0,3.97,UNSUPPORTED_UNIT,"unit nao suportada: ""CT"""
6733,6733,279034,,CT,292.02,0.67,2,2,,,,3.5,,,6,,,3.5,,279034,0,4.55,UNSUPPORTED_UNIT,"unit nao suportada: ""CT"""
6734,6734,280006,,CT,431.4,6.21,2,2,,,,5.18,,,62,,,5.18,,280006,0,6.73,UNSUPPORTED_UNIT,"unit nao suportada: ""CT"""
6735,6735,279107,,CT,455.66,9.24,2,2,,,,5.47,,,92,,,5.47,,279107,0,7.11,UNSUPPORTED_UNIT,"unit nao suportada: ""CT"""
6736,6736,279033,,CT,486.11,1,2,2,,,,5.83,,,10,,,5.83,,279033,0,7.58,UNSUPPORTED_UNIT,"unit nao suportada: ""CT"""
6737,6737,279032,,CT,242.62,4.86,2,2,,,,2.91,,,48,,,2.91,,279032,0,3.78,UNSUPPORTED_UNIT,"unit nao suportada: ""CT"""
6738,6738,279105,,CT,307.61,13.01,2,2,,,,3.69,,,130,,,3.69,,279105,0,4.8,UNSUPPORTED_UNIT,"unit nao suportada: ""CT"""
6739,6739,279030,,CT,389.13,1.33,2,2,,,,4.67,,,13,,,4.67,,279030,0,6.07,UNSUPPORTED_UNIT,"unit nao suportada: ""CT"""
6740,6740,279029,,CT,251,6.66,2,2,,,,3.01,,,66,,,3.01,,279029,0,3.91,UNSUPPORTED_UNIT,"unit nao suportada: ""CT"""
6741,6741,279028,,CT,297.29,0.73,2,2,,,,3.57,,,7,,,3.57,,279028,0,4.64,UNSUPPORTED_UNIT,"unit nao suportada: ""CT"""
6742,6742,279027,,CT,298.06,2.58,2,2,,,,3.58,,,25,,,3.58,,279027,0,4.65,UNSUPPORTED_UNIT,"unit nao suportada: ""CT"""
6743,6743,280005,,CT,344.68,5.74,2,2,,,,4.14,,,57,,,4.14,,280005,0,5.38,UNSUPPORTED_UNIT,"unit nao suportada: ""CT"""
6744,6744,279025,,CT,364.78,2.83,2,2,,,,4.38,,,28,,,4.38,,279025,0,5.69,UNSUPPORTED_UNIT,"unit nao suportada: ""CT"""
6745,6745,280004,,CT,481.45,8.3,2,2,,,,5.78,,,83,,,5.78,,280004,0,7.51,UNSUPPORTED_UNIT,"unit nao suportada: ""CT"""
6746,6746,279024,,CT,727.73,3.84,2,2,,,,8.73,,,38,,,8.73,,279024,0,11.35,UNSUPPORTED_UNIT,"unit nao suportada: ""CT"""
6747,6747,279023,,CT,634.15,1.93,2,2,,,,7.61,,,19,,,7.61,,279023,0,9.89,UNSUPPORTED_UNIT,"unit nao suportada: ""CT"""
6748,6748,279021,,CT,728.63,1.78,2,2,,,,8.74,,,17,,,8.74,,279021,0,11.36,UNSUPPORTED_UNIT,"unit nao suportada: ""CT"""
6749,6749,279020,,CT,1254.86,1.06,2,2,,,,15.06,,,10,,,15.06,,279020,0,19.58,UNSUPPORTED_UNIT,"unit nao suportada: ""CT"""
6750,6750,280022,,CT,309.22,4.71,2,2,,,,3.71,,,47,,,3.71,,280022,0,4.82,UNSUPPORTED_UNIT,"unit nao suportada: ""CT"""
6751,6751,279019,,CT,424.93,0.31,2,2,,,,5.1,,,3,,,5.1,,279019,0,6.63,UNSUPPORTED_UNIT,"unit nao suportada: ""CT"""
6752,6752,279018,,CT,363.27,1.32,2,2,,,,4.36,,,13,,,4.36,,279018,0,5.67,UNSUPPORTED_UNIT,"unit nao suportada: ""CT"""
6753,6753,279017,,CT,401.95,1.25,2,2,,,,4.82,,,12,,,4.82,,279017,0,6.27,UNSUPPORTED_UNIT,"unit nao suportada: ""CT"""
6754,6754,279016,,CT,452.34,0.73,2,2,,,,5.43,,,7,,,5.43,,279016,0,7.06,UNSUPPORTED_UNIT,"unit nao suportada: ""CT"""
6755,6755,279015,,CT,536.48,0.65,2,2,,,,6.44,,,6,,,6.44,,279015,0,8.37,UNSUPPORTED_UNIT,"unit nao suportada: ""CT"""
6756,6756,279970,,CT,547.22,1.37,2,2,,,,6.57,,,13,,,6.57,,279970,0,8.54,UNSUPPORTED_UNIT,"unit nao suportada: ""CT"""
6757,6757,279014,,CT,918.67,0.2,2,2,,,,11.02,,,2,,,11.02,,279014,0,14.33,UNSUPPORTED_UNIT,"unit nao suportada: ""CT"""
6758,6758,279013,,CT,1250.96,0.05,2,2,,,,15.01,,,0,,,15.01,,279013,0,19.51,UNSUPPORTED_UNIT,"unit nao suportada: ""CT"""
6759,6759,279012,,CT,650,0.6,2,2,,,,7.8,,,6,,,7.8,,279012,0,10.14,UNSUPPORTED_UNIT,"unit nao suportada: ""CT"""
6760,6760,279011,,CT,761.41,0.27,2,2,,,,9.14,,,2,,,9.14,,279011,0,11.88,UNSUPPORTED_UNIT,"unit nao suportada: ""CT"""
6761,6761,279010,,CT,539.38,1.32,2,2,,,,6.47,,,13,,,6.47,,279010,0,8.41,UNSUPPORTED_UNIT,"unit nao suportada: ""CT"""
6762,6762,279009,,CT,1080.72,0.35,2,2,,,,12.97,,,3,,,12.97,,279009,0,16.86,UNSUPPORTED_UNIT,"unit nao suportada: ""CT"""
6763,6763,279008,,CT,1228.08,0.13,2,2,,,,14.74,,,1,,,14.74,,279008,0,19.16,UNSUPPORTED_UNIT,"unit nao suportada: ""CT"""
6764,6764,279007,,CT,1402.47,0.74,2,2,,,,16.83,,,7,,,16.83,,279007,0,21.88,UNSUPPORTED_UNIT,"unit nao suportada: ""CT"""
6765,6765,279006,,CT,1571.95,0.63,2,2,,,,18.86,,,6,,,18.86,,279006,0,24.52,UNSUPPORTED_UNIT,"unit nao suportada: ""CT"""
6766,6766,279005,,CT,531.74,2.76,2,2,,,,6.38,,,27,,,6.38,,279005,0,8.29,UNSUPPORTED_UNIT,"unit nao suportada: ""CT"""
6767,6767,279004,,CT,618.61,2.19,2,2,,,,7.42,,,21,,,7.42,,279004,0,9.65,UNSUPPORTED_UNIT,"unit nao suportada: ""CT"""
6768,6768,280003,,CT,690.14,47.12,2,2,,,,8.28,,,471,,,8.28,,280003,0,10.76,UNSUPPORTED_UNIT,"unit nao suportada: ""CT"""
6769,6769,280002,,CT,692.48,1.55,2,2,,,,8.31,,,15,,,8.31,,280002,0,10.8,UNSUPPORTED_UNIT,"unit nao suportada: ""CT"""
6770,6770,279003,,CT,766.57,6.9,2,2,,,,9.2,,,69,,,9.2,,279003,0,11.96,UNSUPPORTED_UNIT,"unit nao suportada: ""CT"""
6771,6771,279002,,CT,825.28,8.97,2,2,,,,9.9,,,89,,,9.9,,279002,0,12.87,UNSUPPORTED_UNIT,"unit nao suportada: ""CT"""
6772,6772,279001,,CT,882.38,0.51,2,2,,,,10.59,,,5,,,10.59,,279001,0,13.77,UNSUPPORTED_UNIT,"unit nao suportada: ""CT"""
6773,6773,280001,,CT,1444.37,14.2,2,2,,,,17.33,,,142,,,17.33,,280001,0,22.53,UNSUPPORTED_UNIT,"unit nao suportada: ""CT"""
6774,6774,279000,,CT,1497.96,0.85,2,2,,,,17.98,,,8,,,17.98,,279000,0,23.37,UNSUPPORTED_UNIT,"unit nao suportada: ""CT"""
6775,6775,278999,,CT,1541.84,1.88,2,2,,,,18.5,,,18,,,18.5,,278999,0,24.05,UNSUPPORTED_UNIT,"unit nao suportada: ""CT"""
6776,6776,278998,,CT,2038.84,0.35,2,2,,,,24.47,,,3,,,24.47,,278998,0,31.81,UNSUPPORTED_UNIT,"unit nao suportada: ""CT"""
6777,6777,278997,,CT,1802.93,0.77,2,2,,,,21.64,,,7,,,21.64,,278997,0,28.13,UNSUPPORTED_UNIT,"unit nao suportada: ""CT"""
6778,6778,280000,,CT,966.69,0.39,2,2,,,,11.6,,,3,,,11.6,,280000,0,15.08,UNSUPPORTED_UNIT,"unit nao suportada: ""CT"""
6779,6779,278996,,CT,1148.74,0.62,2,2,,,,13.78,,,6,,,13.78,,278996,0,17.91,UNSUPPORTED_UNIT,"unit nao suportada: ""CT"""
6780,6780,278995,,CT,1130.93,1.83,2,2,,,,13.57,,,18,,,13.57,,278995,0,17.64,UNSUPPORTED_UNIT,"unit nao suportada: ""CT"""
6781,6781,278994,,CT,1234.35,0.84,2,2,,,,14.81,,,8,,,14.81,,278994,0,19.25,UNSUPPORTED_UNIT,"unit nao suportada: ""CT"""
6782,6782,278993,,CT,1244.84,1.87,2,2,,,,14.94,,,18,,,14.94,,278993,0,19.42,UNSUPPORTED_UNIT,"unit nao suportada: ""CT"""
6783,6783,278992,,CT,1404.63,1.39,2,2,,,,16.86,,,13,,,16.86,,278992,0,21.92,UNSUPPORTED_UNIT,"unit nao suportada: ""CT"""
6784,6784,279999,,CT,1446.89,0.44,2,2,,,,17.36,,,4,,,17.36,,279999,0,22.57,UNSUPPORTED_UNIT,"unit nao suportada: ""CT"""
6785,6785,278991,,CT,1966.04,0.29,2,2,,,,23.59,,,2,,,23.59,,278991,0,30.67,UNSUPPORTED_UNIT,"unit nao suportada: ""CT"""
6786,6786,278990,,CT,2460.44,0.38,2,2,,,,29.53,,,3,,,29.53,,278990,0,38.39,UNSUPPORTED_UNIT,"unit nao suportada: ""CT"""
6787,6787,278989,,CT,2041.49,0.85,2,2,,,,24.5,,,8,,,24.5,,278989,0,31.85,UNSUPPORTED_UNIT,"unit nao suportada: ""CT"""
6788,6788,278988,,CT,2761.49,0.25,2,2,,,,33.14,,,2,,,33.14,,278988,0,43.08,UNSUPPORTED_UNIT,"unit nao suportada: ""CT"""
6789,6789,278987,,CT,1914.57,1.4,2,2,,,,22.97,,,14,,,22.97,,278987,0,29.86,UNSUPPORTED_UNIT,"unit nao suportada: ""CT"""
6790,6790,278985,,CT,3390.66,0.41,2,2,,,,40.69,,,4,,,40.69,,278985,0,52.9,UNSUPPORTED_UNIT,"unit nao suportada: ""CT"""
6791,6791,278983,,CT,2615.89,1.84,2,2,,,,31.39,,,18,,,31.39,,278983,0,40.81,UNSUPPORTED_UNIT,"unit nao suportada: ""CT"""
6792,6792,278982,,CT,3184.42,0.44,2,2,,,,38.21,,,4,,,38.21,,278982,0,49.67,UNSUPPORTED_UNIT,"unit nao suportada: ""CT"""
6793,6793,278981,,CT,5132.57,0.2,2,2,,,,61.59,,,2,,,61.59,,278981,0,80.07,UNSUPPORTED_UNIT,"unit nao suportada: ""CT"""
6794,6794,278980,,CT,6254.95,0.99,2,2,,,,75.06,,,9,,,75.06,,278980,0,97.58,UNSUPPORTED_UNIT,"unit nao suportada: ""CT"""
6795,6795,279026,,CT,322.3,8.27,2,2,,,,3.87,,,82,,,3.87,,279026,0,5.03,UNSUPPORTED_UNIT,"unit nao suportada: ""CT"""
6796,6796,279108,,CT,356.02,6.05,2,2,,,,4.27,,,60,,,4.27,,279108,0,5.55,UNSUPPORTED_UNIT,"unit nao suportada: ""CT"""
6798,6798,278976,,CT,8670.16,0.19,2,2,,,,104.04,,,1,,,104.04,,278976,0,135.25,UNSUPPORTED_UNIT,"unit nao suportada: ""CT"""
6799,6799,279031,,CT,545.13,1.11,2,2,,,,6.54,,,11,,,6.54,,279031,0,8.5,UNSUPPORTED_UNIT,"unit nao suportada: ""CT"""
6800,6800,278978,,CT,4920.82,0.15,2,2,,,,59.05,,,1,,,59.05,,278978,0,76.77,UNSUPPORTED_UNIT,"unit nao suportada: ""CT"""
6801,6801,279070,,CT,271.39,2.54,2,2,,,,3.26,,,25,,,3.26,,279070,0,4.24,UNSUPPORTED_UNIT,"unit nao suportada: ""CT"""
6802,6802,278979,,CT,3099.78,0.55,2,2,,,,37.2,,,5,,,37.2,,278979,0,48.36,UNSUPPORTED_UNIT,"unit nao suportada: ""CT"""
6803,6803,278984,,CT,3333.31,0.43,2,2,,,,40,,,4,,,40,,278984,0,52,UNSUPPORTED_UNIT,"unit nao suportada: ""CT"""
6804,6804,278977,,CT,5829.39,1.01,2,2,,,,69.95,,,10,,,69.95,,278977,0,90.94,UNSUPPORTED_UNIT,"unit nao suportada: ""CT"""
6805,6805,278986,,CT,2870.58,0.12,2,2,,,,34.45,,,1,,,34.45,,278986,0,44.79,UNSUPPORTED_UNIT,"unit nao suportada: ""CT"""
6806,6806,279022,,CT,807.69,0.58,2,2,,,,9.69,,,5,,,9.69,,279022,0,12.6,UNSUPPORTED_UNIT,"unit nao suportada: ""CT"""
6807,6807,279106,,CT,210.63,2.02,2,2,,,,2.53,,,20,,,2.53,,279106,0,3.29,UNSUPPORTED_UNIT,"unit nao suportada: ""CT"""
6808,6808,278975,,CT,110.23,1.68,2,2,,,,1.32,,,16,,,1.32,,278975,0,1.72,UNSUPPORTED_UNIT,"unit nao suportada: ""CT"""
6809,6809,278974,,CT,110.77,0.7,2,2,,,,1.33,,,7,,,1.33,,278974,0,1.73,UNSUPPORTED_UNIT,"unit nao suportada: ""CT"""
6810,6810,278973,,CT,123.54,8.31,2,2,,,,1.48,,,83,,,1.48,,278973,0,1.92,UNSUPPORTED_UNIT,"unit nao suportada: ""CT"""
6811,6811,278972,,CT,134.32,1.22,2,2,,,,1.61,,,12,,,1.61,,278972,0,2.09,UNSUPPORTED_UNIT,"unit nao suportada: ""CT"""
6812,6812,279804,,CT,24.96,11.17,2,2,,,,0.3,,,111,,,0.3,,279804,0,0.39,UNSUPPORTED_UNIT,"unit nao suportada: ""CT"""
6813,6813,279803,,CT,16.28,83.37,2,2,,,,0.2,,,833,,,0.2,,279803,0,0.26,UNSUPPORTED_UNIT,"unit nao suportada: ""CT"""
6814,6814,279802,,CT,16.75,11.59,2,2,,,,0.2,,,115,,,0.2,,279802,0,0.26,UNSUPPORTED_UNIT,"unit nao suportada: ""CT"""
6815,6815,279801,,CT,21.18,35.87,2,2,,,,0.25,,,358,,,0.25,,279801,0,0.33,UNSUPPORTED_UNIT,"unit nao suportada: ""CT"""
6816,6816,279800,,CT,21.83,20.04,2,2,,,,0.26,,,200,,,0.26,,279800,0,0.34,UNSUPPORTED_UNIT,"unit nao suportada: ""CT"""
6817,6817,279799,,CT,23.66,6.59,2,2,,,,0.28,,,65,,,0.28,,279799,0,0.36,UNSUPPORTED_UNIT,"unit nao suportada: ""CT"""
6818,6818,279797,,CT,39.02,35.49,2,2,,,,0.47,,,354,,,0.47,,279797,0,0.61,UNSUPPORTED_UNIT,"unit nao suportada: ""CT"""
6819,6819,279796,,CT,37.63,7.83,2,2,,,,0.45,,,78,,,0.45,,279796,0,0.59,UNSUPPORTED_UNIT,"unit nao suportada: ""CT"""
6820,6820,279795,,CT,57.98,1,2,2,,,,0.7,,,10,,,0.7,,279795,0,0.91,UNSUPPORTED_UNIT,"unit nao suportada: ""CT"""
6821,6821,279794,,CT,24.3,9.55,2,2,,,,0.29,,,95,,,0.29,,279794,0,0.38,UNSUPPORTED_UNIT,"unit nao suportada: ""CT"""
6822,6822,279793,,CT,18.68,19.26,2,2,,,,0.22,,,192,,,0.22,,279793,0,0.29,UNSUPPORTED_UNIT,"unit nao suportada: ""CT"""
6823,6823,279792,,CT,19.3,19.29,2,2,,,,0.23,,,192,,,0.23,,279792,0,0.3,UNSUPPORTED_UNIT,"unit nao suportada: ""CT"""
6824,6824,279791,,CT,22.44,22.8,2,2,,,,0.27,,,228,,,0.27,,279791,0,0.35,UNSUPPORTED_UNIT,"unit nao suportada: ""CT"""
6825,6825,279790,,CT,25.8,5.53,2,2,,,,0.31,,,55,,,0.31,,279790,0,0.4,UNSUPPORTED_UNIT,"unit nao suportada: ""CT"""
6826,6826,279789,,CT,30.28,18.91,2,2,,,,0.36,,,189,,,0.36,,279789,0,0.47,UNSUPPORTED_UNIT,"unit nao suportada: ""CT"""
6827,6827,279788,,CT,32.91,12.33,2,2,,,,0.39,,,123,,,0.39,,279788,0,0.51,UNSUPPORTED_UNIT,"unit nao suportada: ""CT"""
6828,6828,279787,,CT,46.43,4.13,2,2,,,,0.56,,,41,,,0.56,,279787,0,0.73,UNSUPPORTED_UNIT,"unit nao suportada: ""CT"""
6829,6829,279786,,CT,45.49,21.33,2,2,,,,0.55,,,213,,,0.55,,279786,0,0.72,UNSUPPORTED_UNIT,"unit nao suportada: ""CT"""
6830,6830,279785,,CT,54.33,4.26,2,2,,,,0.65,,,42,,,0.65,,279785,0,0.85,UNSUPPORTED_UNIT,"unit nao suportada: ""CT"""
6831,6831,279784,,CT,61.42,5.18,2,2,,,,0.74,,,51,,,0.74,,279784,0,0.96,UNSUPPORTED_UNIT,"unit nao suportada: ""CT"""
6832,6832,279782,,CT,25.11,28.14,2,2,,,,0.3,,,281,,,0.3,,279782,0,0.39,UNSUPPORTED_UNIT,"unit nao suportada: ""CT"""
6833,6833,279781,,CT,37.07,60.14,2,2,,,,0.44,,,601,,,0.44,,279781,0,0.57,UNSUPPORTED_UNIT,"unit nao suportada: ""CT"""
6834,6834,279780,,CT,32.84,71.62,2,2,,,,0.39,,,716,,,0.39,,279780,0,0.51,UNSUPPORTED_UNIT,"unit nao suportada: ""CT"""
6835,6835,279779,,CT,34.93,48.6,2,2,,,,0.42,,,486,,,0.42,,279779,0,0.55,UNSUPPORTED_UNIT,"unit nao suportada: ""CT"""
6836,6836,279778,,CT,40.48,17.83,2,2,,,,0.49,,,178,,,0.49,,279778,0,0.64,UNSUPPORTED_UNIT,"unit nao suportada: ""CT"""
6837,6837,279777,,CT,45.02,1.48,2,2,,,,0.54,,,17,,,0.54,,279777,0,0.7,UNSUPPORTED_UNIT,"unit nao suportada: ""CT"""
6838,6838,279776,,CT,48.61,12.4,2,2,,,,0.58,,,124,,,0.58,,279776,0,0.75,UNSUPPORTED_UNIT,"unit nao suportada: ""CT"""
6839,6839,279775,,CT,53.19,3.88,2,2,,,,0.64,,,38,,,0.64,,279775,0,0.83,UNSUPPORTED_UNIT,"unit nao suportada: ""CT"""
6840,6840,279774,,CT,59.19,3.01,2,2,,,,0.71,,,30,,,0.71,,279774,0,0.92,UNSUPPORTED_UNIT,"unit nao suportada: ""CT"""
6841,6841,279773,,CT,65.79,9.49,2,2,,,,0.79,,,94,,,0.79,,279773,0,1.03,UNSUPPORTED_UNIT,"unit nao suportada: ""CT"""
6842,6842,279772,,CT,94.19,12.49,2,2,,,,1.13,,,124,,,1.13,,279772,0,1.47,UNSUPPORTED_UNIT,"unit nao suportada: ""CT"""
6843,6843,279771,,CT,68.82,7.84,2,2,,,,0.83,,,78,,,0.83,,279771,0,1.08,UNSUPPORTED_UNIT,"unit nao suportada: ""CT"""
6844,6844,279770,,CT,76.43,1.73,2,2,,,,0.92,,,17,,,0.92,,279770,0,1.2,UNSUPPORTED_UNIT,"unit nao suportada: ""CT"""
6845,6845,279769,,CT,81.87,7.83,2,2,,,,0.98,,,78,,,0.98,,279769,0,1.27,UNSUPPORTED_UNIT,"unit nao suportada: ""CT"""
6846,6846,279768,,CT,94.61,4.91,2,2,,,,1.14,,,49,,,1.14,,279768,0,1.48,UNSUPPORTED_UNIT,"unit nao suportada: ""CT"""
6847,6847,279767,,CT,112.68,1.93,2,2,,,,1.35,,,19,,,1.35,,279767,0,1.76,UNSUPPORTED_UNIT,"unit nao suportada: ""CT"""
6848,6848,279765,,CT,56.34,2.75,2,2,,,,0.68,,,27,,,0.68,,279765,0,0.88,UNSUPPORTED_UNIT,"unit nao suportada: ""CT"""
6849,6849,279764,,CT,62.21,41.14,2,2,,,,0.75,,,411,,,0.75,,279764,0,0.98,UNSUPPORTED_UNIT,"unit nao suportada: ""CT"""
6850,6850,279763,,CT,67.11,184.72,2,2,,,,0.81,,,1847,,,0.81,,279763,0,1.05,UNSUPPORTED_UNIT,"unit nao suportada: ""CT"""
6851,6851,279762,,CT,75.93,30.65,2,2,,,,0.91,,,306,,,0.91,,279762,0,1.18,UNSUPPORTED_UNIT,"unit nao suportada: ""CT"""
6852,6852,279761,,CT,87.21,43.64,2,2,,,,1.05,,,436,,,1.05,,279761,0,1.37,UNSUPPORTED_UNIT,"unit nao suportada: ""CT"""
6853,6853,279760,,CT,92.45,10.2,2,2,,,,1.11,,,102,,,1.11,,279760,0,1.44,UNSUPPORTED_UNIT,"unit nao suportada: ""CT"""
6854,6854,279759,,CT,103.41,9.82,2,2,,,,1.24,,,98,,,1.24,,279759,0,1.61,UNSUPPORTED_UNIT,"unit nao suportada: ""CT"""
6855,6855,279758,,CT,114.26,5.84,2,2,,,,1.37,,,58,,,1.37,,279758,0,1.78,UNSUPPORTED_UNIT,"unit nao suportada: ""CT"""
6856,6856,279757,,CT,117.7,29.36,2,2,,,,1.41,,,293,,,1.41,,279757,0,1.83,UNSUPPORTED_UNIT,"unit nao suportada: ""CT"""
6857,6857,279755,,CT,129.02,27.99,2,2,,,,1.55,,,279,,,1.55,,279755,0,2.02,UNSUPPORTED_UNIT,"unit nao suportada: ""CT"""
6858,6858,279753,,CT,140.52,1.34,2,2,,,,1.69,,,13,,,1.69,,279753,0,2.2,UNSUPPORTED_UNIT,"unit nao suportada: ""CT"""
6859,6859,279752,,CT,171.15,19.05,2,2,,,,2.05,,,190,,,2.05,,279752,0,2.67,UNSUPPORTED_UNIT,"unit nao suportada: ""CT"""
6860,6860,279751,,CT,164.67,3.99,2,2,,,,1.98,,,39,,,1.98,,279751,0,2.57,UNSUPPORTED_UNIT,"unit nao suportada: ""CT"""
6861,6861,279750,,CT,200.1,0.95,2,2,,,,2.4,,,9,,,2.4,,279750,0,3.12,UNSUPPORTED_UNIT,"unit nao suportada: ""CT"""
6862,6862,279749,,CT,224.87,3.5,2,2,,,,2.7,,,35,,,2.7,,279749,0,3.51,UNSUPPORTED_UNIT,"unit nao suportada: ""CT"""
6863,6863,279743,,CT,117.78,8.95,2,2,,,,1.41,,,89,,,1.41,,279743,0,1.83,UNSUPPORTED_UNIT,"unit nao suportada: ""CT"""
6864,6864,279742,,CT,121.57,0.43,2,2,,,,1.46,,,4,,,1.46,,279742,0,1.9,UNSUPPORTED_UNIT,"unit nao suportada: ""CT"""
6865,6865,279741,,CT,160.67,2.38,2,2,,,,1.93,,,23,,,1.93,,279741,0,2.51,UNSUPPORTED_UNIT,"unit nao suportada: ""CT"""
6866,6866,279740,,CT,149.13,5.89,2,2,,,,1.79,,,58,,,1.79,,279740,0,2.33,UNSUPPORTED_UNIT,"unit nao suportada: ""CT"""
6867,6867,279739,,CT,167.17,2.63,2,2,,,,2.01,,,26,,,2.01,,279739,0,2.61,UNSUPPORTED_UNIT,"unit nao suportada: ""CT"""
6868,6868,279738,,CT,174.43,2.87,2,2,,,,2.09,,,28,,,2.09,,279738,0,2.72,UNSUPPORTED_UNIT,"unit nao suportada: ""CT"""
6869,6869,279737,,CT,263.63,1.21,2,2,,,,3.16,,,12,,,3.16,,279737,0,4.11,UNSUPPORTED_UNIT,"unit nao suportada: ""CT"""
6870,6870,279736,,CT,199.84,18.71,2,2,,,,2.4,,,187,,,2.4,,279736,0,3.12,UNSUPPORTED_UNIT,"unit nao suportada: ""CT"""
6871,6871,279735,,CT,226.69,1.83,2,2,,,,2.72,,,18,,,2.72,,279735,0,3.54,UNSUPPORTED_UNIT,"unit nao suportada: ""CT"""
6872,6872,279734,,CT,238.35,1.78,2,2,,,,2.86,,,17,,,2.86,,279734,0,3.72,UNSUPPORTED_UNIT,"unit nao suportada: ""CT"""
6873,6873,279733,,CT,228.77,0.96,2,2,,,,2.75,,,9,,,2.75,,279733,0,3.58,UNSUPPORTED_UNIT,"unit nao suportada: ""CT"""
6874,6874,279732,,CT,262.17,2.77,2,2,,,,3.15,,,27,,,3.15,,279732,0,4.1,UNSUPPORTED_UNIT,"unit nao suportada: ""CT"""
6875,6875,279731,,CT,265.94,1.72,2,2,,,,3.19,,,17,,,3.19,,279731,0,4.15,UNSUPPORTED_UNIT,"unit nao suportada: ""CT"""
6876,6876,279730,,CT,391.15,15.78,2,2,,,,4.69,,,157,,,4.69,,279730,0,6.1,UNSUPPORTED_UNIT,"unit nao suportada: ""CT"""
6877,6877,279729,,CT,307.4,2.31,2,2,,,,3.69,,,23,,,3.69,,279729,0,4.8,UNSUPPORTED_UNIT,"unit nao suportada: ""CT"""
6878,6878,279728,,CT,435.35,7.72,2,2,,,,5.22,,,77,,,5.22,,279728,0,6.79,UNSUPPORTED_UNIT,"unit nao suportada: ""CT"""
6879,6879,279727,,CT,353.53,3.96,2,2,,,,4.24,,,39,,,4.24,,279727,0,5.51,UNSUPPORTED_UNIT,"unit nao suportada: ""CT"""
6880,6880,279726,,CT,547.6,3.48,2,2,,,,6.57,,,34,,,6.57,,279726,0,8.54,UNSUPPORTED_UNIT,"unit nao suportada: ""CT"""
6881,6881,279723,,CT,1137.28,3.11,2,2,,,,13.65,,,31,,,13.65,,279723,0,17.75,UNSUPPORTED_UNIT,"unit nao suportada: ""CT"""
6882,6882,279722,,CT,199,3.91,2,2,,,,2.39,,,39,,,2.39,,279722,0,3.11,UNSUPPORTED_UNIT,"unit nao suportada: ""CT"""
6883,6883,279721,,CT,182.75,2.47,2,2,,,,2.19,,,24,,,2.19,,279721,0,2.85,UNSUPPORTED_UNIT,"unit nao suportada: ""CT"""
6884,6884,279720,,CT,202.31,11.57,2,2,,,,2.43,,,115,,,2.43,,279720,0,3.16,UNSUPPORTED_UNIT,"unit nao suportada: ""CT"""
6885,6885,279719,,CT,234.02,14.42,2,2,,,,2.81,,,144,,,2.81,,279719,0,3.65,UNSUPPORTED_UNIT,"unit nao suportada: ""CT"""
6886,6886,279718,,CT,255.25,9.09,2,2,,,,3.06,,,90,,,3.06,,279718,0,3.98,UNSUPPORTED_UNIT,"unit nao suportada: ""CT"""
6887,6887,279717,,CT,249.25,1.29,2,2,,,,2.99,,,12,,,2.99,,279717,0,3.89,UNSUPPORTED_UNIT,"unit nao suportada: ""CT"""
6888,6888,279716,,CT,299.21,8.49,2,2,,,,3.59,,,84,,,3.59,,279716,0,4.67,UNSUPPORTED_UNIT,"unit nao suportada: ""CT"""
6889,6889,279715,,CT,300.45,9.54,2,2,,,,3.61,,,95,,,3.61,,279715,0,4.69,UNSUPPORTED_UNIT,"unit nao suportada: ""CT"""
6890,6890,279714,,CT,330.58,0.7,2,2,,,,3.97,,,7,,,3.97,,279714,0,5.16,UNSUPPORTED_UNIT,"unit nao suportada: ""CT"""
6891,6891,279713,,CT,386.44,1.93,2,2,,,,4.64,,,19,,,4.64,,279713,0,6.03,UNSUPPORTED_UNIT,"unit nao suportada: ""CT"""
6892,6892,279712,,CT,362.76,4.02,2,2,,,,4.35,,,40,,,4.35,,279712,0,5.65,UNSUPPORTED_UNIT,"unit nao suportada: ""CT"""
6893,6893,279711,,CT,413.35,9.46,2,2,,,,4.96,,,94,,,4.96,,279711,0,6.45,UNSUPPORTED_UNIT,"unit nao suportada: ""CT"""
6894,6894,279710,,CT,393.78,0.13,2,2,,,,4.73,,,1,,,4.73,,279710,0,6.15,UNSUPPORTED_UNIT,"unit nao suportada: ""CT"""
6895,6895,279709,,CT,429.49,1.27,2,2,,,,5.15,,,12,,,5.15,,279709,0,6.7,UNSUPPORTED_UNIT,"unit nao suportada: ""CT"""
6896,6896,279708,,CT,486.21,2.87,2,2,,,,5.83,,,28,,,5.83,,279708,0,7.58,UNSUPPORTED_UNIT,"unit nao suportada: ""CT"""
6897,6897,279707,,CT,563.32,0.44,2,2,,,,6.76,,,4,,,6.76,,279707,0,8.79,UNSUPPORTED_UNIT,"unit nao suportada: ""CT"""
6898,6898,279706,,CT,622,0.99,2,2,,,,7.46,,,9,,,7.46,,279706,0,9.7,UNSUPPORTED_UNIT,"unit nao suportada: ""CT"""
6899,6899,279705,,CT,656.77,0.69,2,2,,,,7.88,,,6,,,7.88,,279705,0,10.24,UNSUPPORTED_UNIT,"unit nao suportada: ""CT"""
6900,6900,279704,,CT,448.36,0.67,2,2,,,,5.38,,,6,,,5.38,,279704,0,6.99,UNSUPPORTED_UNIT,"unit nao suportada: ""CT"""
6901,6901,279703,,CT,566.54,0.71,2,2,,,,6.8,,,7,,,6.8,,279703,0,8.84,UNSUPPORTED_UNIT,"unit nao suportada: ""CT"""
6902,6902,279702,,CT,545.45,1.62,2,2,,,,6.55,,,16,,,6.55,,279702,0,8.52,UNSUPPORTED_UNIT,"unit nao suportada: ""CT"""
6903,6903,279701,,CT,506.53,1.42,2,2,,,,6.08,,,14,,,6.08,,279701,0,7.9,UNSUPPORTED_UNIT,"unit nao suportada: ""CT"""
6904,6904,279700,,CT,529.4,2.96,2,2,,,,6.35,,,29,,,6.35,,279700,0,8.25,UNSUPPORTED_UNIT,"unit nao suportada: ""CT"""
6905,6905,279698,,CT,661.08,2.03,2,2,,,,7.93,,,20,,,7.93,,279698,0,10.31,UNSUPPORTED_UNIT,"unit nao suportada: ""CT"""
6906,6906,279697,,CT,765.37,4.46,2,2,,,,9.18,,,44,,,9.18,,279697,0,11.93,UNSUPPORTED_UNIT,"unit nao suportada: ""CT"""
6907,6907,279696,,CT,855.2,1.43,2,2,,,,10.26,,,14,,,10.26,,279696,0,13.34,UNSUPPORTED_UNIT,"unit nao suportada: ""CT"""
6908,6908,279695,,CT,1105.07,0.49,2,2,,,,13.26,,,4,,,13.26,,279695,0,17.24,UNSUPPORTED_UNIT,"unit nao suportada: ""CT"""
6909,6909,279694,,CT,1041.65,16.51,2,2,,,,12.5,,,165,,,12.5,,279694,0,16.25,UNSUPPORTED_UNIT,"unit nao suportada: ""CT"""
6910,6910,279693,,CT,1046.07,0.52,2,2,,,,12.55,,,5,,,12.55,,279693,0,16.32,UNSUPPORTED_UNIT,"unit nao suportada: ""CT"""
6911,6911,279692,,CT,1049.03,1.38,2,2,,,,12.59,,,13,,,12.59,,279692,0,16.37,UNSUPPORTED_UNIT,"unit nao suportada: ""CT"""
6912,6912,279691,,CT,2195.94,1.48,2,2,,,,26.35,,,14,,,26.35,,279691,0,34.26,UNSUPPORTED_UNIT,"unit nao suportada: ""CT"""
6913,6913,279690,,CT,2508.46,2.69,2,2,,,,30.1,,,26,,,30.1,,279690,0,39.13,UNSUPPORTED_UNIT,"unit nao suportada: ""CT"""
6914,6914,279689,,CT,2726.79,0.39,2,2,,,,32.72,,,3,,,32.72,,279689,0,42.54,UNSUPPORTED_UNIT,"unit nao suportada: ""CT"""
6915,6915,279688,,CT,3087.09,0.91,2,2,,,,37.05,,,9,,,37.05,,279688,0,48.17,UNSUPPORTED_UNIT,"unit nao suportada: ""CT"""
6916,6916,279687,,CT,3352.49,1,2,2,,,,40.23,,,10,,,40.23,,279687,0,52.3,UNSUPPORTED_UNIT,"unit nao suportada: ""CT"""
6917,6917,279686,,CT,3672.96,0.6,2,2,,,,44.08,,,6,,,44.08,,279686,0,57.3,UNSUPPORTED_UNIT,"unit nao suportada: ""CT"""
6918,6918,279685,,CT,1434.1,0.31,2,2,,,,17.21,,,3,,,17.21,,279685,0,22.37,UNSUPPORTED_UNIT,"unit nao suportada: ""CT"""
6919,6919,279684,,CT,1973.63,3.57,2,2,,,,23.68,,,35,,,23.68,,279684,0,30.78,UNSUPPORTED_UNIT,"unit nao suportada: ""CT"""
6920,6920,279683,,CT,1954.21,4.01,2,2,,,,23.45,,,40,,,23.45,,279683,0,30.49,UNSUPPORTED_UNIT,"unit nao suportada: ""CT"""
6921,6921,279682,,CT,1376.14,0.57,2,2,,,,16.51,,,5,,,16.51,,279682,0,21.46,UNSUPPORTED_UNIT,"unit nao suportada: ""CT"""
6922,6922,279511,,CT,1473.28,1.05,2,2,,,,17.68,,,10,,,17.68,,279511,0,22.98,UNSUPPORTED_UNIT,"unit nao suportada: ""CT"""
6923,6923,279798,,CT,29.83,4.13,2,2,,,,0.36,,,41,,,0.36,,279798,0,0.47,UNSUPPORTED_UNIT,"unit nao suportada: ""CT"""
6924,6924,280218,,CT,1556.06,0.89,2,2,,,,18.67,,,8,,,18.67,,280218,0,24.27,UNSUPPORTED_UNIT,"unit nao suportada: ""CT"""
6925,6925,280214,,CT,4039.59,0.11,2,2,,,,48.48,,,1,,,48.48,,280214,0,63.02,UNSUPPORTED_UNIT,"unit nao suportada: ""CT"""
6926,6926,280213,,CT,4116.84,0.2,2,2,,,,49.4,,,2,,,49.4,,280213,0,64.22,UNSUPPORTED_UNIT,"unit nao suportada: ""CT"""
6927,6927,280212,,CT,4567.47,0.59,2,2,,,,54.81,,,5,,,54.81,,280212,0,71.25,UNSUPPORTED_UNIT,"unit nao suportada: ""CT"""
6928,6928,280211,,CT,4067.33,0.24,2,2,,,,48.81,,,2,,,48.81,,280211,0,63.45,UNSUPPORTED_UNIT,"unit nao suportada: ""CT"""
6929,6929,280210,,CT,5281.27,0.38,2,2,,,,63.38,,,3,,,63.38,,280210,0,82.39,UNSUPPORTED_UNIT,"unit nao suportada: ""CT"""
6930,6930,280209,,CT,4124.7,0.75,2,2,,,,49.5,,,7,,,49.5,,280209,0,64.35,UNSUPPORTED_UNIT,"unit nao suportada: ""CT"""
6931,6931,279747,,CT,250.81,6.17,2,2,,,,3.01,,,61,,,3.01,,279747,0,3.91,UNSUPPORTED_UNIT,"unit nao suportada: ""CT"""
6932,6932,279766,,CT,113.09,2.22,2,2,,,,1.36,,,22,,,1.36,,279766,0,1.77,UNSUPPORTED_UNIT,"unit nao suportada: ""CT"""
6933,6933,279745,,CT,311.83,2.81,2,2,,,,3.74,,,28,,,3.74,,279745,0,4.86,UNSUPPORTED_UNIT,"unit nao suportada: ""CT"""
6934,6934,279748,,CT,286.29,2.17,2,2,,,,3.44,,,21,,,3.44,,279748,0,4.47,UNSUPPORTED_UNIT,"unit nao suportada: ""CT"""
6935,6935,278971,,CT,109.29,4.46,2,2,,,,1.31,,,44,,,1.31,,278971,0,1.7,UNSUPPORTED_UNIT,"unit nao suportada: ""CT"""
6936,6936,279746,,CT,925.26,0.22,2,2,,,,11.1,,,2,,,11.1,,279746,0,14.43,UNSUPPORTED_UNIT,"unit nao suportada: ""CT"""
6937,6937,279744,,CT,327.71,3.52,2,2,,,,3.93,,,35,,,3.93,,279744,0,5.11,UNSUPPORTED_UNIT,"unit nao suportada: ""CT"""
6938,6938,278970,,CT,112.54,3.29,2,2,,,,1.35,,,32,,,1.35,,278970,0,1.76,UNSUPPORTED_UNIT,"unit nao suportada: ""CT"""
6939,6939,279724,,CT,1115.53,18.13,2,2,,,,13.39,,,181,,,13.39,,279724,0,17.41,UNSUPPORTED_UNIT,"unit nao suportada: ""CT"""
6940,6940,279756,,CT,146,20.38,2,2,,,,1.75,,,203,,,1.75,,279756,0,2.28,UNSUPPORTED_UNIT,"unit nao suportada: ""CT"""
6941,6941,279754,,CT,134.04,0.46,2,2,,,,1.61,,,4,,,1.61,,279754,0,2.09,UNSUPPORTED_UNIT,"unit nao suportada: ""CT"""
17753,17753,278517,,CT,68.28,51.26,2,2,,,,0.82,,,512,,,0.82,,278517,0,1.07,UNSUPPORTED_UNIT,"unit nao suportada: ""CT"""
17755,17755,278515,,CT,106.41,119.91,2,2,,,,1.28,,,1199,,,1.28,,278515,0,1.66,UNSUPPORTED_UNIT,"unit nao suportada: ""CT"""
18129,18129,280014,,CT,35.09,23.89,2,2,,,,0.42,,,238,,,0.42,,280014,0,0.55,UNSUPPORTED_UNIT,"unit nao suportada: ""CT"""
18169,18169,280217,,CT,2315.47,0.35,2,2,,,,27.79,,,3,,,27.79,,280217,0,36.13,UNSUPPORTED_UNIT,"unit nao suportada: ""CT"""
18209,18209,279281,,CT,339.09,2.45,2,2,,,,4.07,,,24,,,4.07,,279281,0,5.29,UNSUPPORTED_UNIT,"unit nao suportada: ""CT"""
18239,18239,278524,,CT,20.81,3.83,2,2,,,,0.25,,,38,,,0.25,,278524,0,0.33,UNSUPPORTED_UNIT,"unit nao suportada: ""CT"""
18421,18421,279699,,CT,872.94,1.9,2,2,,,,10.48,,,19,,,10.48,,279699,0,13.62,UNSUPPORTED_UNIT,"unit nao suportada: ""CT"""
21175,21175,280028,,CT,920.53,8.92,2,2,,,,11.05,,,89,,,11.05,,280028,0,14.37,UNSUPPORTED_UNIT,"unit nao suportada: ""CT"""
21264,21264,279725,,CT,1089,3.99,2,2,,,,13.07,,,39,,,13.07,,279725,0,16.99,UNSUPPORTED_UNIT,"unit nao suportada: ""CT"""
22153,22153,279338,,CT,182.99,3.99,2,2,,,,2.2,,,39,,,2.2,,279338,0,2.86,UNSUPPORTED_UNIT,"unit nao suportada: ""CT"""
22155,22155,279337,,CT,208.95,7.24,2,2,,,,2.51,,,72,,,2.51,,279337,0,3.26,UNSUPPORTED_UNIT,"unit nao suportada: ""CT"""
22736,22736,280065,,CT,170.61,15.79,2,2,,,,2.05,,,157,,,2.05,,280065,0,2.67,UNSUPPORTED_UNIT,"unit nao suportada: ""CT"""
23170,23170,278682,,CT,269.5,5.41,2,2,,,,3.23,,,54,,,3.23,,278682,0,4.2,UNSUPPORTED_UNIT,"unit nao suportada: ""CT"""
23176,23176,278663,,CT,273.88,70.78,2,2,,,,3.29,,,707,,,3.29,,278663,0,4.28,UNSUPPORTED_UNIT,"unit nao suportada: ""CT"""
23238,23238,281013,,CT,7657.84,0.76,2,2,,,,91.89,,,7,,,91.89,,281013,0,119.46,UNSUPPORTED_UNIT,"unit nao suportada: ""CT"""
23559,23559,279815,,CT,1695.05,0.18,2,2,,,,20.34,,,1,,,20.34,,279815,0,26.44,UNSUPPORTED_UNIT,"unit nao suportada: ""CT"""
23590,23590,279313,,CT,1843.4,0.56,2,2,,,,22.12,,,5,,,22.12,,279313,0,28.76,UNSUPPORTED_UNIT,"unit nao suportada: ""CT"""
24233,24233,279468,,CT,2849.83,0.45,2,2,,,,34.2,,,4,,,34.2,,279468,0,44.46,UNSUPPORTED_UNIT,"unit nao suportada: ""CT"""
24235,24235,279465,,CT,2749.07,1.02,2,2,,,,32.99,,,10,,,32.99,,279465,0,42.89,UNSUPPORTED_UNIT,"unit nao suportada: ""CT"""
24519,24519,279783,,CT,93.81,1.57,2,2,,,,1.13,,,15,,,1.13,,279783,0,1.47,UNSUPPORTED_UNIT,"unit nao suportada: ""CT"""
24860,24860,279466,,CT,3024.13,0.5,2,2,,,,36.29,,,5,,,36.29,,279466,0,47.18,UNSUPPORTED_UNIT,"unit nao suportada: ""CT"""
26171,26171,279966,,CT,211.84,4.21,2,2,,,,2.54,,,42,,,2.54,,279966,0,3.3,UNSUPPORTED_UNIT,"unit nao suportada: ""CT"""
26173,26173,280050,,CT,336.96,13.19,2,2,,,,4.04,,,131,,,4.04,,280050,0,5.25,UNSUPPORTED_UNIT,"unit nao suportada: ""CT"""
26175,26175,279310,,CT,181.9,0,2,2,,,,2.18,,,0,,,2.18,,279310,0,2.83,UNSUPPORTED_UNIT,"unit nao suportada: ""CT"""
26177,26177,279450,,CT,327.46,2.56,2,2,,,,3.93,,,25,,,3.93,,279450,0,5.11,UNSUPPORTED_UNIT,"unit nao suportada: ""CT"""
26179,26179,279681,,CT,538.36,12.29,2,2,,,,6.46,,,122,,,6.46,,279681,0,8.4,UNSUPPORTED_UNIT,"unit nao suportada: ""CT"""
26181,26181,279667,,CT,1347.9,1.1,2,2,,,,16.17,,,11,,,16.17,,279667,0,21.02,UNSUPPORTED_UNIT,"unit nao suportada: ""CT"""
26183,26183,280042,,CT,431.11,9.4,2,2,,,,5.17,,,94,,,5.17,,280042,0,6.72,UNSUPPORTED_UNIT,"unit nao suportada: ""CT"""
26185,26185,279677,,CT,725.85,3.48,2,2,,,,8.71,,,34,,,8.71,,279677,0,11.32,UNSUPPORTED_UNIT,"unit nao suportada: ""CT"""
26187,26187,279676,,CT,811.23,2.25,2,2,,,,9.73,,,22,,,9.73,,279676,0,12.65,UNSUPPORTED_UNIT,"unit nao suportada: ""CT"""
26189,26189,279675,,CT,757.23,1.1,2,2,,,,9.09,,,11,,,9.09,,279675,0,11.82,UNSUPPORTED_UNIT,"unit nao suportada: ""CT"""
26191,26191,279674,,CT,877.24,4.07,2,2,,,,10.53,,,40,,,10.53,,279674,0,13.69,UNSUPPORTED_UNIT,"unit nao suportada: ""CT"""
26193,26193,279673,,CT,1085.54,4.64,2,2,,,,13.03,,,46,,,13.03,,279673,0,16.94,UNSUPPORTED_UNIT,"unit nao suportada: ""CT"""
26195,26195,279670,,CT,952.66,2.95,2,2,,,,11.43,,,29,,,11.43,,279670,0,14.86,UNSUPPORTED_UNIT,"unit nao suportada: ""CT"""
26197,26197,279669,,CT,1183.29,3.89,2,2,,,,14.2,,,38,,,14.2,,279669,0,18.46,UNSUPPORTED_UNIT,"unit nao suportada: ""CT"""
26199,26199,279668,,CT,1320.9,9.28,2,2,,,,15.85,,,92,,,15.85,,279668,0,20.61,UNSUPPORTED_UNIT,"unit nao suportada: ""CT"""
26201,26201,279666,,CT,1607.76,1.08,2,2,,,,19.29,,,10,,,19.29,,279666,0,25.08,UNSUPPORTED_UNIT,"unit nao suportada: ""CT"""
26203,26203,280077,,CT,96.07,3.91,2,2,,,,1.15,,,39,,,1.15,,280077,0,1.5,UNSUPPORTED_UNIT,"unit nao suportada: ""CT"""
26205,26205,280076,,CT,110.58,5.95,2,2,,,,1.33,,,59,,,1.33,,280076,0,1.73,UNSUPPORTED_UNIT,"unit nao suportada: ""CT"""
26207,26207,279968,,CT,144.94,5.03,2,2,,,,1.74,,,50,,,1.74,,279968,0,2.26,UNSUPPORTED_UNIT,"unit nao suportada: ""CT"""
26209,26209,280064,,CT,166.4,20.18,2,2,,,,2,,,201,,,2,,280064,0,2.6,UNSUPPORTED_UNIT,"unit nao suportada: ""CT"""
26211,26211,280052,,CT,286.31,7.43,2,2,,,,3.44,,,74,,,3.44,,280052,0,4.47,UNSUPPORTED_UNIT,"unit nao suportada: ""CT"""
26213,26213,280051,,CT,317.63,12.87,2,2,,,,3.81,,,128,,,3.81,,280051,0,4.95,UNSUPPORTED_UNIT,"unit nao suportada: ""CT"""
26217,26217,280048,,CT,517.5,2.34,2,2,,,,6.21,,,23,,,6.21,,280048,0,8.07,UNSUPPORTED_UNIT,"unit nao suportada: ""CT"""
26219,26219,280041,,CT,464.79,28.02,2,2,,,,5.58,,,280,,,5.58,,280041,0,7.25,UNSUPPORTED_UNIT,"unit nao suportada: ""CT"""
26221,26221,279680,,CT,680.95,4.95,2,2,,,,8.17,,,49,,,8.17,,279680,0,10.62,UNSUPPORTED_UNIT,"unit nao suportada: ""CT"""
26231,26231,279671,,CT,988.86,1.43,2,2,,,,11.87,,,14,,,11.87,,279671,0,15.43,UNSUPPORTED_UNIT,"unit nao suportada: ""CT"""
26278,26278,280063,,CT,185.98,7.59,2,2,,,,2.23,,,75,,,2.23,,280063,0,2.9,UNSUPPORTED_UNIT,"unit nao suportada: ""CT"""
26875,26875,278520,,CT,33.1,225.42,2,2,,,,0.4,,,2254,,,0.4,,278520,0,0.52,UNSUPPORTED_UNIT,"unit nao suportada: ""CT"""
26980,26980,279460,,CT,3483.97,1.35,2,2,,,,41.81,,,13,,,41.81,,279460,0,54.35,UNSUPPORTED_UNIT,"unit nao suportada: ""CT"""
27399,27399,280216,,CT,3351.16,0.81,2,2,,,,40.21,,,8,,,40.21,,280216,0,52.27,UNSUPPORTED_UNIT,"unit nao suportada: ""CT"""
27401,27401,280215,,CT,3419.57,0,2,2,,,,41.03,,,0,,,41.03,,280215,0,53.34,UNSUPPORTED_UNIT,"unit nao suportada: ""CT"""
27403,27403,280208,,CT,6392.14,0.5,2,2,,,,76.71,,,5,,,76.71,,280208,0,99.72,UNSUPPORTED_UNIT,"unit nao suportada: ""CT"""
28203,28203,279672,,CT,1251.2,1.82,2,2,,,,15.01,,,18,,,15.01,,279672,0,19.51,UNSUPPORTED_UNIT,"unit nao suportada: ""CT"""
28209,28209,279449,,CT,3660.62,2.46,2,2,,,,43.93,,,24,,,43.93,,279449,0,57.11,UNSUPPORTED_UNIT,"unit nao suportada: ""CT"""
28819,28819,278968,,CT,57,16.36,2,2,,,,0.68,,,163,,,0.68,,278968,0,0.88,UNSUPPORTED_UNIT,"unit nao suportada: ""CT"""
28867,28867,278561,,CT,11.71,17.94,2,2,,,,0.14,,,179,,,0.14,,278561,0,0.18,UNSUPPORTED_UNIT,"unit nao suportada: ""CT"""
28869,28869,279186,,CT,8.69,13.04,2,2,,,,0.1,,,130,,,0.1,,279186,0,0.13,UNSUPPORTED_UNIT,"unit nao suportada: ""CT"""
28871,28871,278560,,CT,14.65,8.85,2,2,,,,0.18,,,88,,,0.18,,278560,0,0.23,UNSUPPORTED_UNIT,"unit nao suportada: ""CT"""
28875,28875,280221,,,,,2,2,,,,3.4,,,0,,,,,280221,4,,CISS_MISSING,"CISS /products/stock sem registro (data:[]); producao trata como estoque 0; retail_price null no CISS"
28877,28877,279104,,CT,12.82,11.12,2,2,,,,0.15,,,111,,,0.15,,279104,0,0.2,UNSUPPORTED_UNIT,"unit nao suportada: ""CT"""
28881,28881,279214,,CT,102.43,23.78,2,2,,,,1.23,,,237,,,1.23,,279214,0,1.6,UNSUPPORTED_UNIT,"unit nao suportada: ""CT"""
28883,28883,278870,,CT,109.15,5.5,2,2,,,,1.31,,,55,,,1.31,,278870,0,1.7,UNSUPPORTED_UNIT,"unit nao suportada: ""CT"""
28885,28885,278869,,CT,153.12,7.08,2,2,,,,1.84,,,70,,,1.84,,278869,0,2.39,UNSUPPORTED_UNIT,"unit nao suportada: ""CT"""
28889,28889,279343,,CT,213.22,2.23,2,2,,,,2.56,,,22,,,2.56,,279343,0,3.33,UNSUPPORTED_UNIT,"unit nao suportada: ""CT"""
28891,28891,279874,,CT,350.16,10.7,2,2,,,,4.2,,,107,,,4.2,,279874,0,5.46,UNSUPPORTED_UNIT,"unit nao suportada: ""CT"""
28893,28893,278865,,CT,386.48,0.13,2,2,,,,4.64,,,1,,,4.64,,278865,0,6.03,UNSUPPORTED_UNIT,"unit nao suportada: ""CT"""
28895,28895,278532,,CT,181.86,1.71,2,2,,,,2.18,,,17,,,2.18,,278532,0,2.83,UNSUPPORTED_UNIT,"unit nao suportada: ""CT"""
28897,28897,280029,,CT,295.21,7.32,2,2,,,,3.54,,,73,,,3.54,,280029,0,4.6,UNSUPPORTED_UNIT,"unit nao suportada: ""CT"""
28899,28899,279208,,,369.52,,2,2,,,,4.43,,,0,,,4.43,,279208,0,5.76,CISS_MISSING,"CISS /products/stock sem registro (data:[]); producao trata como estoque 0"
28901,28901,278862,,CT,416.54,3.56,2,2,,,,5,,,35,,,5,,278862,0,6.5,UNSUPPORTED_UNIT,"unit nao suportada: ""CT"""
28903,28903,279898,,CT,149.23,3.93,2,2,,,,1.79,,,39,,,1.79,,279898,0,2.33,UNSUPPORTED_UNIT,"unit nao suportada: ""CT"""
28905,28905,278860,,CT,369.5,15.56,2,2,,,,4.43,,,155,,,4.43,,278860,0,5.76,UNSUPPORTED_UNIT,"unit nao suportada: ""CT"""
28907,28907,279267,,CT,490.88,20,2,2,,,,5.89,,,200,,,5.89,,279267,0,7.66,UNSUPPORTED_UNIT,"unit nao suportada: ""CT"""
28909,28909,278857,,CT,583.6,17.17,2,2,,,,7,,,171,,,7,,278857,0,9.1,UNSUPPORTED_UNIT,"unit nao suportada: ""CT"""
28911,28911,278856,,CT,640.12,4.88,2,2,,,,7.68,,,48,,,7.68,,278856,0,9.98,UNSUPPORTED_UNIT,"unit nao suportada: ""CT"""
28913,28913,278855,,CT,676.73,1.86,2,2,,,,8.12,,,18,,,8.12,,278855,0,10.56,UNSUPPORTED_UNIT,"unit nao suportada: ""CT"""
28959,28959,278854,,CT,753.84,0.5,2,2,,,,9.05,,,5,,,9.05,,278854,0,11.77,UNSUPPORTED_UNIT,"unit nao suportada: ""CT"""
28961,28961,278526,,CT,518.18,0.42,2,2,,,,6.22,,,4,,,6.22,,278526,0,8.09,UNSUPPORTED_UNIT,"unit nao suportada: ""CT"""
28963,28963,278853,,CT,808.78,0.68,2,2,,,,9.71,,,6,,,9.71,,278853,0,12.62,UNSUPPORTED_UNIT,"unit nao suportada: ""CT"""
28965,28965,278852,,CT,737.06,1.27,2,2,,,,8.84,,,12,,,8.84,,278852,0,11.49,UNSUPPORTED_UNIT,"unit nao suportada: ""CT"""
28967,28967,279871,,CT,924.47,0.02,2,2,,,,11.09,,,0,,,11.09,,279871,0,14.42,UNSUPPORTED_UNIT,"unit nao suportada: ""CT"""
28969,28969,279324,,CT,18.14,49.15,2,2,,,,0.22,,,491,,,0.22,,279324,0,0.29,UNSUPPORTED_UNIT,"unit nao suportada: ""CT"""
28971,28971,278525,,CT,20.01,11.3,2,2,,,,0.24,,,113,,,0.24,,278525,0,0.31,UNSUPPORTED_UNIT,"unit nao suportada: ""CT"""
28973,28973,278523,,CT,22.74,70.56,2,2,,,,0.27,,,705,,,0.27,,278523,0,0.35,UNSUPPORTED_UNIT,"unit nao suportada: ""CT"""
28975,28975,278522,,CT,33.63,28.99,2,2,,,,0.4,,,289,,,0.4,,278522,0,0.52,UNSUPPORTED_UNIT,"unit nao suportada: ""CT"""
28977,28977,278521,,CT,27.62,67.37,2,2,,,,0.33,,,673,,,0.33,,278521,0,0.43,UNSUPPORTED_UNIT,"unit nao suportada: ""CT"""
28979,28979,278851,,CT,49.14,17.27,2,2,,,,0.59,,,172,,,0.59,,278851,0,0.77,UNSUPPORTED_UNIT,"unit nao suportada: ""CT"""
28983,28983,279323,,CT,26.57,12.025,2,2,,,,0.32,,,120,,,0.32,,279323,0,0.42,UNSUPPORTED_UNIT,"unit nao suportada: ""CT"""
28985,28985,279188,,CT,26.99,44.84,2,2,,,,0.32,,,448,,,0.32,,279188,0,0.42,UNSUPPORTED_UNIT,"unit nao suportada: ""CT"""
28987,28987,278518,,CT,38.81,20.3,2,2,,,,0.47,,,203,,,0.47,,278518,0,0.61,UNSUPPORTED_UNIT,"unit nao suportada: ""CT"""
28989,28989,279322,,CT,56.98,91.1,2,2,,,,0.68,,,911,,,0.68,,279322,0,0.88,UNSUPPORTED_UNIT,"unit nao suportada: ""CT"""
28991,28991,278849,,CT,87.77,83.79,2,2,,,,1.05,,,837,,,1.05,,278849,0,1.37,UNSUPPORTED_UNIT,"unit nao suportada: ""CT"""
28993,28993,278967,,CT,70.34,11.11,2,2,,,,0.84,,,111,,,0.84,,278967,0,1.09,UNSUPPORTED_UNIT,"unit nao suportada: ""CT"""
28995,28995,278966,,CT,75.19,15.17,2,2,,,,0.9,,,151,,,0.9,,278966,0,1.17,UNSUPPORTED_UNIT,"unit nao suportada: ""CT"""
28997,28997,279193,,CT,83.62,119.96,2,2,,,,1,,,1199,,,1,,279193,0,1.3,UNSUPPORTED_UNIT,"unit nao suportada: ""CT"""
28999,28999,278848,,CT,171.2,2.76,2,2,,,,2.05,,,27,,,2.05,,278848,0,2.67,UNSUPPORTED_UNIT,"unit nao suportada: ""CT"""
29001,29001,278847,,CT,210.73,3.92,2,2,,,,2.53,,,39,,,2.53,,278847,0,3.29,UNSUPPORTED_UNIT,"unit nao suportada: ""CT"""
29003,29003,278965,,CT,80.05,15.54,2,2,,,,0.96,,,155,,,0.96,,278965,0,1.25,UNSUPPORTED_UNIT,"unit nao suportada: ""CT"""
29005,29005,278964,,CT,89.12,8.97,2,2,,,,1.07,,,89,,,1.07,,278964,0,1.39,UNSUPPORTED_UNIT,"unit nao suportada: ""CT"""
29007,29007,278963,,CT,99.56,2.98,2,2,,,,1.19,,,29,,,1.19,,278963,0,1.55,UNSUPPORTED_UNIT,"unit nao suportada: ""CT"""
29009,29009,279321,,CT,105.53,7.62,2,2,,,,1.27,,,76,,,1.27,,279321,0,1.65,UNSUPPORTED_UNIT,"unit nao suportada: ""CT"""
29011,29011,278962,,CT,153.52,8.15,2,2,,,,1.84,,,81,,,1.84,,278962,0,2.39,UNSUPPORTED_UNIT,"unit nao suportada: ""CT"""
29013,29013,278961,,CT,121.94,5.54,2,2,,,,1.46,,,55,,,1.46,,278961,0,1.9,UNSUPPORTED_UNIT,"unit nao suportada: ""CT"""
29015,29015,278846,,CT,140.7,6.98,2,2,,,,1.69,,,69,,,1.69,,278846,0,2.2,UNSUPPORTED_UNIT,"unit nao suportada: ""CT"""
29017,29017,278494,,CT,154.78,9.4,2,2,,,,1.86,,,94,,,1.86,,278494,0,2.42,UNSUPPORTED_UNIT,"unit nao suportada: ""CT"""
29019,29019,278845,,CT,169.25,4.38,2,2,,,,2.03,,,43,,,2.03,,278845,0,2.64,UNSUPPORTED_UNIT,"unit nao suportada: ""CT"""
29021,29021,278960,,CT,192.31,2.52,2,2,,,,2.31,,,25,,,2.31,,278960,0,3,UNSUPPORTED_UNIT,"unit nao suportada: ""CT"""
29023,29023,279443,,CT,289.35,0,2,2,,,,3.47,,,0,,,3.47,,279443,0,4.51,UNSUPPORTED_UNIT,"unit nao suportada: ""CT"""
29272,29272,280062,,CT,130.31,2,2,2,,,,1.56,,,20,,,1.56,,280062,0,2.03,UNSUPPORTED_UNIT,"unit nao suportada: ""CT"""
29274,29274,280220,,CT,123.52,2,2,2,,,,1.48,,,20,,,1.48,,280220,0,1.92,UNSUPPORTED_UNIT,"unit nao suportada: ""CT"""
29276,29276,280061,,CT,137.62,4.77,2,2,,,,1.65,,,47,,,1.65,,280061,0,2.15,UNSUPPORTED_UNIT,"unit nao suportada: ""CT"""
29278,29278,280219,,CT,186.07,1,2,2,,,,2.23,,,10,,,2.23,,280219,0,2.9,UNSUPPORTED_UNIT,"unit nao suportada: ""CT"""
5431,5431,279312,,CT,180.44,55.12,2,2,,,,2.17,,,551,,,2.17,,279312,0,2.82,UNSUPPORTED_UNIT,"unit nao suportada: ""CT"""
13093,13093,279425,PC,PC,13.05,42,2,2,,13.05,,0.16,false,42,420,false,13.05,0.16,false,279425,0,0.21,PRICE_AND_STOCK_MISMATCH,
456,456,278209,,CT,42.4,5.03,2,2,,,,0.51,,,50,,,0.51,,278209,0,0.66,UNSUPPORTED_UNIT,"unit nao suportada: ""CT"""
494,494,278425,PC,PC,3.16,510,2,2,,3.16,,0.04,false,510,5100,false,3.16,0.04,false,278425,0,0.05,PRICE_AND_STOCK_MISMATCH,
6594,6594,279391,,CT,121.85,2.19,2,2,,,,1.46,,,21,,,1.46,,279391,0,1.9,UNSUPPORTED_UNIT,"unit nao suportada: ""CT"""
6595,6595,279392,,CT,204.9,1.43,2,2,,,,2.46,,,14,,,2.46,,279392,0,3.2,UNSUPPORTED_UNIT,"unit nao suportada: ""CT"""
6598,6598,278408,,CT,56.53,18.72,2,2,,,,0.68,,,187,,,0.68,,278408,0,0.88,UNSUPPORTED_UNIT,"unit nao suportada: ""CT"""
7919,7919,278141,,CT,345.38,0.84,2,2,,,,4.14,,,8,,,4.14,,278141,0,5.38,UNSUPPORTED_UNIT,"unit nao suportada: ""CT"""
7992,7992,280131,,CT,27.89,80.03,2,2,,,,0.33,,,800,,,0.33,,280131,0,0.43,UNSUPPORTED_UNIT,"unit nao suportada: ""CT"""
15123,15123,279932,PC,PC,30.99,0,2,2,,30.99,,0.37,false,0,0,true,30.99,0.37,false,279932,0,0.48,PRICE_MISMATCH,
16527,16527,278351,PC,PC,10.93,0,2,2,,10.93,,0.13,false,0,0,true,10.93,0.13,false,278351,0,0.17,PRICE_MISMATCH,
26022,26022,278079,PC,PC,9.63,59,2,2,,9.63,,0.12,false,59,590,false,9.63,0.12,false,278079,0,0.16,PRICE_AND_STOCK_MISMATCH,
27565,27565,278398,,CT,13.19,69.85,2,2,,,,0.16,,,698,,,0.16,,278398,0,0.21,UNSUPPORTED_UNIT,"unit nao suportada: ""CT"""
27567,27567,278401,,CT,25.07,88.128,2,2,,,,0.3,,,881,,,0.3,,278401,0,0.39,UNSUPPORTED_UNIT,"unit nao suportada: ""CT"""
27569,27569,278403,,CT,38.38,15.41,2,2,,,,0.46,,,154,,,0.46,,278403,0,0.6,UNSUPPORTED_UNIT,"unit nao suportada: ""CT"""
3015,3015,282234,,CT,14.8,155.81,2,2,,,,0.18,,,1558,,,0.18,,282234,0,0.23,UNSUPPORTED_UNIT,"unit nao suportada: ""CT"""
25010,25010,282235,,CT,4.94,95.42,2,2,,,,0.06,,,954,,,0.06,,282235,0,0.08,UNSUPPORTED_UNIT,"unit nao suportada: ""CT"""
5776,5776,282236,,CT,3.63,9.03,2,2,,,,0.04,,,90,,,0.04,,282236,0,0.05,UNSUPPORTED_UNIT,"unit nao suportada: ""CT"""
6582,6582,282237,,CT,7.16,9.7,2,2,,,,0.09,,,97,,,0.09,,282237,0,0.12,UNSUPPORTED_UNIT,"unit nao suportada: ""CT"""
6580,6580,282238,,CT,4.47,13.32,2,2,,,,0.05,,,133,,,0.05,,282238,0,0.07,UNSUPPORTED_UNIT,"unit nao suportada: ""CT"""
5773,5773,282239,,CT,7.41,101.86,2,2,,,,0.09,,,1018,,,0.09,,282239,0,0.12,UNSUPPORTED_UNIT,"unit nao suportada: ""CT"""
6583,6583,282240,,CT,7.48,22.37,2,2,,,,0.09,,,223,,,0.09,,282240,0,0.12,UNSUPPORTED_UNIT,"unit nao suportada: ""CT"""
6584,6584,282241,,CT,8.11,53.78,2,2,,,,0.1,,,537,,,0.1,,282241,0,0.13,UNSUPPORTED_UNIT,"unit nao suportada: ""CT"""
5730,5730,282242,,CT,9.21,35.25,2,2,,,,0.11,,,352,,,0.11,,282242,0,0.14,UNSUPPORTED_UNIT,"unit nao suportada: ""CT"""
5728,5728,282243,,CT,8.34,33.17,2,2,,,,0.1,,,331,,,0.1,,282243,0,0.13,UNSUPPORTED_UNIT,"unit nao suportada: ""CT"""
6589,6589,282244,,CT,12.84,8.88,2,2,,,,0.15,,,88,,,0.15,,282244,0,0.2,UNSUPPORTED_UNIT,"unit nao suportada: ""CT"""
6593,6593,282245,,CT,13.97,14.51,2,2,,,,0.17,,,145,,,0.17,,282245,0,0.22,UNSUPPORTED_UNIT,"unit nao suportada: ""CT"""
5774,5774,282246,,CT,13.24,22.84,2,2,,,,0.16,,,228,,,0.16,,282246,0,0.21,UNSUPPORTED_UNIT,"unit nao suportada: ""CT"""
5775,5775,282247,,CT,16.88,105.28,2,2,,,,0.2,,,1052,,,0.2,,282247,0,0.26,UNSUPPORTED_UNIT,"unit nao suportada: ""CT"""
5780,5780,282248,,CT,37.04,14.84,2,2,,,,0.44,,,148,,,0.44,,282248,0,0.57,UNSUPPORTED_UNIT,"unit nao suportada: ""CT"""
5781,5781,283184,,CT,38.43,5.45,2,2,,,,0.46,,,54,,,0.46,,283184,0,0.6,UNSUPPORTED_UNIT,"unit nao suportada: ""CT"""
3019,3019,283188,,CT,7.73,5,2,2,,,,0.09,,,50,,,0.09,,283188,0,0.12,UNSUPPORTED_UNIT,"unit nao suportada: ""CT"""
3012,3012,283189,,CT,9.16,-1.11,2,2,,,,0.11,,,0,,,0.11,,283189,0,0.14,UNSUPPORTED_UNIT,"unit nao suportada: ""CT"""
3014,3014,283190,,CT,10.73,63.01,2,2,,,,0.13,,,630,,,0.13,,283190,0,0.17,UNSUPPORTED_UNIT,"unit nao suportada: ""CT"""
3021,3021,283191,,CT,12.77,73.41,2,2,,,,0.15,,,734,,,0.15,,283191,0,0.2,UNSUPPORTED_UNIT,"unit nao suportada: ""CT"""
3017,3017,283192,,CT,14.04,554.26,2,2,,,,0.17,,,5542,,,0.17,,283192,0,0.22,UNSUPPORTED_UNIT,"unit nao suportada: ""CT"""
3018,3018,283193,,CT,15.85,87.82,2,2,,,,0.19,,,878,,,0.19,,283193,0,0.25,UNSUPPORTED_UNIT,"unit nao suportada: ""CT"""
6425,6425,283194,,CT,19.08,1.7,2,2,,,,0.23,,,17,,,0.23,,283194,0,0.3,UNSUPPORTED_UNIT,"unit nao suportada: ""CT"""
6426,6426,283195,,CT,28.65,2.67,2,2,,,,0.34,,,26,,,0.34,,283195,0,0.44,UNSUPPORTED_UNIT,"unit nao suportada: ""CT"""
3002,3002,283196,,CT,18.59,20.92,2,2,,,,0.22,,,209,,,0.22,,283196,0,0.29,UNSUPPORTED_UNIT,"unit nao suportada: ""CT"""
3003,3003,283197,,CT,22.47,27.38,2,2,,,,0.27,,,273,,,0.27,,283197,0,0.35,UNSUPPORTED_UNIT,"unit nao suportada: ""CT"""
3004,3004,283198,,CT,24.8,22.09,2,2,,,,0.3,,,220,,,0.3,,283198,0,0.39,UNSUPPORTED_UNIT,"unit nao suportada: ""CT"""
3005,3005,283199,,CT,39.65,5.4,2,2,,,,0.48,,,54,,,0.48,,283199,0,0.62,UNSUPPORTED_UNIT,"unit nao suportada: ""CT"""
3007,3007,283200,,CT,30.45,5.4,2,2,,,,0.37,,,54,,,0.37,,283200,0,0.48,UNSUPPORTED_UNIT,"unit nao suportada: ""CT"""
3009,3009,283201,,CT,58.12,10.14,2,2,,,,0.7,,,101,,,0.7,,283201,0,0.91,UNSUPPORTED_UNIT,"unit nao suportada: ""CT"""
3006,3006,283202,,CT,44.62,10.15,2,2,,,,0.54,,,101,,,0.54,,283202,0,0.7,UNSUPPORTED_UNIT,"unit nao suportada: ""CT"""
3029,3029,282696,,CT,5.01,23.38,2,2,,,,0.06,,,233,,,0.06,,282696,0,0.08,UNSUPPORTED_UNIT,"unit nao suportada: ""CT"""
3033,3033,282697,,CT,5.08,14.49,2,2,,,,0.06,,,144,,,0.06,,282697,0,0.08,UNSUPPORTED_UNIT,"unit nao suportada: ""CT"""
3034,3034,282698,,CT,5.39,20.09,2,2,,,,0.06,,,200,,,0.06,,282698,0,0.08,UNSUPPORTED_UNIT,"unit nao suportada: ""CT"""
3041,3041,282699,,CT,5.81,15.83,2,2,,,,0.07,,,158,,,0.07,,282699,0,0.09,UNSUPPORTED_UNIT,"unit nao suportada: ""CT"""
3042,3042,282700,,CT,6.33,38.68,2,2,,,,0.08,,,386,,,0.08,,282700,0,0.1,UNSUPPORTED_UNIT,"unit nao suportada: ""CT"""
3048,3048,282701,,CT,11.93,2.08,2,2,,,,0.14,,,20,,,0.14,,282701,0,0.18,UNSUPPORTED_UNIT,"unit nao suportada: ""CT"""
3057,3057,282702,,CT,13.53,1.08,2,2,,,,0.16,,,10,,,0.16,,282702,0,0.21,UNSUPPORTED_UNIT,"unit nao suportada: ""CT"""
3059,3059,282703,,CT,8.76,31.73,2,2,,,,0.11,,,317,,,0.11,,282703,0,0.14,UNSUPPORTED_UNIT,"unit nao suportada: ""CT"""
3063,3063,282704,,CT,14.11,4.51,2,2,,,,0.17,,,45,,,0.17,,282704,0,0.22,UNSUPPORTED_UNIT,"unit nao suportada: ""CT"""
3067,3067,282705,,CT,8.08,90.88,2,2,,,,0.1,,,908,,,0.1,,282705,0,0.13,UNSUPPORTED_UNIT,"unit nao suportada: ""CT"""
3072,3072,282706,,CT,15.8,19.04,2,2,,,,0.19,,,190,,,0.19,,282706,0,0.25,UNSUPPORTED_UNIT,"unit nao suportada: ""CT"""
3115,3115,282707,,CT,21.78,0.96,2,2,,,,0.26,,,9,,,0.26,,282707,0,0.34,UNSUPPORTED_UNIT,"unit nao suportada: ""CT"""
3116,3116,282708,,CT,23.33,1.55,2,2,,,,0.28,,,15,,,0.28,,282708,0,0.36,UNSUPPORTED_UNIT,"unit nao suportada: ""CT"""
3082,3082,282709,,CT,25.01,4.5,2,2,,,,0.3,,,45,,,0.3,,282709,0,0.39,UNSUPPORTED_UNIT,"unit nao suportada: ""CT"""
3093,3093,282710,,CT,47.27,2.64,2,2,,,,0.57,,,26,,,0.57,,282710,0,0.74,UNSUPPORTED_UNIT,"unit nao suportada: ""CT"""
3095,3095,282711,,CT,41.62,7.44,2,2,,,,0.5,,,74,,,0.5,,282711,0,0.65,UNSUPPORTED_UNIT,"unit nao suportada: ""CT"""
3098,3098,282712,,CT,52.29,2.24,2,2,,,,0.63,,,22,,,0.63,,282712,0,0.82,UNSUPPORTED_UNIT,"unit nao suportada: ""CT"""
6970,6970,282713,,CT,139.26,6.15,2,2,,,,1.67,,,61,,,1.67,,282713,0,2.17,UNSUPPORTED_UNIT,"unit nao suportada: ""CT"""
6972,6972,282714,,CT,167.66,2.86,2,2,,,,2.01,,,28,,,2.01,,282714,0,2.61,UNSUPPORTED_UNIT,"unit nao suportada: ""CT"""
6971,6971,282715,,CT,160.89,3.74,2,2,,,,1.93,,,37,,,1.93,,282715,0,2.51,UNSUPPORTED_UNIT,"unit nao suportada: ""CT"""
6973,6973,282716,,CT,192.41,3.89,2,2,,,,2.31,,,38,,,2.31,,282716,0,3,UNSUPPORTED_UNIT,"unit nao suportada: ""CT"""
6974,6974,282717,,CT,300.47,1.185,2,2,,,,3.61,,,11,,,3.61,,282717,0,4.69,UNSUPPORTED_UNIT,"unit nao suportada: ""CT"""
6969,6969,282718,,CT,138.75,7.38,2,2,,,,1.67,,,73,,,1.67,,282718,0,2.17,UNSUPPORTED_UNIT,"unit nao suportada: ""CT"""
6947,6947,282719,,CT,24.91,0.95,2,2,,,,0.3,,,9,,,0.3,,282719,0,0.39,UNSUPPORTED_UNIT,"unit nao suportada: ""CT"""
6950,6950,282721,,CT,39.16,2.12,2,2,,,,0.47,,,21,,,0.47,,282721,0,0.61,UNSUPPORTED_UNIT,"unit nao suportada: ""CT"""
6951,6951,282722,,CT,76.17,1.83,2,2,,,,0.91,,,18,,,0.91,,282722,0,1.18,UNSUPPORTED_UNIT,"unit nao suportada: ""CT"""
6949,6949,282723,,CT,31.53,7.4,2,2,,,,0.38,,,74,,,0.38,,282723,0,0.49,UNSUPPORTED_UNIT,"unit nao suportada: ""CT"""
6946,6946,282724,,CT,38.43,9.6,2,2,,,,0.46,,,96,,,0.46,,282724,0,0.6,UNSUPPORTED_UNIT,"unit nao suportada: ""CT"""
6948,6948,282725,,CT,33.62,4.76,2,2,,,,0.4,,,47,,,0.4,,282725,0,0.52,UNSUPPORTED_UNIT,"unit nao suportada: ""CT"""
6942,6942,282726,,CT,89.32,6.36,2,2,,,,1.07,,,63,,,1.07,,282726,0,1.39,UNSUPPORTED_UNIT,"unit nao suportada: ""CT"""
6945,6945,282727,,CT,131.97,10.45,2,2,,,,1.58,,,104,,,1.58,,282727,0,2.05,UNSUPPORTED_UNIT,"unit nao suportada: ""CT"""
6943,6943,282728,,CT,109.99,1.11,2,2,,,,1.32,,,11,,,1.32,,282728,0,1.72,UNSUPPORTED_UNIT,"unit nao suportada: ""CT"""
6944,6944,282729,,CT,126.86,6.86,2,2,,,,1.52,,,68,,,1.52,,282729,0,1.98,UNSUPPORTED_UNIT,"unit nao suportada: ""CT"""
6953,6953,282730,,CT,36.59,8.506,2,2,,,,0.44,,,85,,,0.44,,282730,0,0.57,UNSUPPORTED_UNIT,"unit nao suportada: ""CT"""
6956,6956,282731,,CT,49.34,5.36,2,2,,,,0.59,,,53,,,0.59,,282731,0,0.77,UNSUPPORTED_UNIT,"unit nao suportada: ""CT"""
6958,6958,282732,,CT,87.58,2.92,2,2,,,,1.05,,,29,,,1.05,,282732,0,1.37,UNSUPPORTED_UNIT,"unit nao suportada: ""CT"""
6957,6957,282733,,CT,59.87,4.02,2,2,,,,0.72,,,40,,,0.72,,282733,0,0.94,UNSUPPORTED_UNIT,"unit nao suportada: ""CT"""
6959,6959,282734,,CT,87.84,2.15,2,2,,,,1.05,,,21,,,1.05,,282734,0,1.37,UNSUPPORTED_UNIT,"unit nao suportada: ""CT"""
6955,6955,282735,,CT,46.71,10.355,2,2,,,,0.56,,,103,,,0.56,,282735,0,0.73,UNSUPPORTED_UNIT,"unit nao suportada: ""CT"""
6952,6952,282736,,CT,45.14,5.23,2,2,,,,0.54,,,52,,,0.54,,282736,0,0.7,UNSUPPORTED_UNIT,"unit nao suportada: ""CT"""
6960,6960,282737,,CT,128.87,4.15,2,2,,,,1.55,,,41,,,1.55,,282737,0,2.02,UNSUPPORTED_UNIT,"unit nao suportada: ""CT"""
6954,6954,282738,,CT,50.4,6.61,2,2,,,,0.6,,,66,,,0.6,,282738,0,0.78,UNSUPPORTED_UNIT,"unit nao suportada: ""CT"""
6961,6961,282739,,CT,64.56,16.64,2,2,,,,0.77,,,166,,,0.77,,282739,0,1,UNSUPPORTED_UNIT,"unit nao suportada: ""CT"""
6964,6964,282249,,CT,77.8,11.42,2,2,,,,0.93,,,114,,,0.93,,282249,0,1.21,UNSUPPORTED_UNIT,"unit nao suportada: ""CT"""
6966,6966,282250,,CT,111.42,8.57,2,2,,,,1.34,,,85,,,1.34,,282250,0,1.74,UNSUPPORTED_UNIT,"unit nao suportada: ""CT"""
6965,6965,282251,,CT,100.54,5.17,2,2,,,,1.21,,,51,,,1.21,,282251,0,1.57,UNSUPPORTED_UNIT,"unit nao suportada: ""CT"""
6967,6967,282252,,CT,193.58,11.71,2,2,,,,2.32,,,117,,,2.32,,282252,0,3.02,UNSUPPORTED_UNIT,"unit nao suportada: ""CT"""
6968,6968,282253,,CT,298.63,3.01,2,2,,,,3.58,,,30,,,3.58,,282253,0,4.65,UNSUPPORTED_UNIT,"unit nao suportada: ""CT"""
6963,6963,282254,,CT,79.49,8.2,2,2,,,,0.95,,,82,,,0.95,,282254,0,1.24,UNSUPPORTED_UNIT,"unit nao suportada: ""CT"""
6962,6962,282255,,CT,70.23,1.887,2,2,,,,0.84,,,18,,,0.84,,282255,0,1.09,UNSUPPORTED_UNIT,"unit nao suportada: ""CT"""
3630,3630,282256,,CT,14.32,5.9,2,2,,,,0.17,,,59,,,0.17,,282256,0,0.22,UNSUPPORTED_UNIT,"unit nao suportada: ""CT"""
3629,3629,282257,,CT,15.49,1.7,2,2,,,,0.19,,,17,,,0.19,,282257,0,0.25,UNSUPPORTED_UNIT,"unit nao suportada: ""CT"""
3627,3627,282258,,CT,21.24,92.53,2,2,,,,0.25,,,925,,,0.25,,282258,0,0.33,UNSUPPORTED_UNIT,"unit nao suportada: ""CT"""
3628,3628,282259,,CT,26.02,143.32,2,2,,,,0.31,,,1433,,,0.31,,282259,0,0.4,UNSUPPORTED_UNIT,"unit nao suportada: ""CT"""
5825,5825,282260,,CT,36.36,40.89,2,2,,,,0.44,,,408,,,0.44,,282260,0,0.57,UNSUPPORTED_UNIT,"unit nao suportada: ""CT"""
5822,5822,282261,,CT,13.3,8.23,2,2,,,,0.16,,,82,,,0.16,,282261,0,0.21,UNSUPPORTED_UNIT,"unit nao suportada: ""CT"""
5823,5823,282262,,CT,20.68,9.37,2,2,,,,0.25,,,93,,,0.25,,282262,0,0.33,UNSUPPORTED_UNIT,"unit nao suportada: ""CT"""
5819,5819,282263,,CT,21.92,95.39,2,2,,,,0.26,,,953,,,0.26,,282263,0,0.34,UNSUPPORTED_UNIT,"unit nao suportada: ""CT"""
5824,5824,282264,,CT,20.84,42.02,2,2,,,,0.25,,,420,,,0.25,,282264,0,0.33,UNSUPPORTED_UNIT,"unit nao suportada: ""CT"""
5820,5820,282265,,CT,20.04,125.93,2,2,,,,0.24,,,1259,,,0.24,,282265,0,0.31,UNSUPPORTED_UNIT,"unit nao suportada: ""CT"""
5821,5821,282266,,CT,25.51,2.9,2,2,,,,0.31,,,29,,,0.31,,282266,0,0.4,UNSUPPORTED_UNIT,"unit nao suportada: ""CT"""
6587,6587,282267,,CT,41.35,1.38,2,2,,,,0.5,,,13,,,0.5,,282267,0,0.65,UNSUPPORTED_UNIT,"unit nao suportada: ""CT"""
5743,5743,282720,,CT,18.76,2.18,2,2,,,,0.23,,,21,,,0.23,,282720,0,0.3,UNSUPPORTED_UNIT,"unit nao suportada: ""CT"""
5742,5742,282268,,CT,21.54,363.279,2,2,,,,0.26,,,3632,,,0.26,,282268,0,0.34,UNSUPPORTED_UNIT,"unit nao suportada: ""CT"""
6585,6585,282269,,CT,45.92,107.85,2,2,,,,0.55,,,1078,,,0.55,,282269,0,0.72,UNSUPPORTED_UNIT,"unit nao suportada: ""CT"""
6586,6586,282270,,CT,42.93,18.83,2,2,,,,0.52,,,188,,,0.52,,282270,0,0.68,UNSUPPORTED_UNIT,"unit nao suportada: ""CT"""
5777,5777,282271,,CT,9.58,111.13,2,2,,,,0.11,,,1111,,,0.11,,282271,0,0.14,UNSUPPORTED_UNIT,"unit nao suportada: ""CT"""
24612,24612,282272,,CT,15.07,3.76,2,2,,,,0.18,,,37,,,0.18,,282272,0,0.23,UNSUPPORTED_UNIT,"unit nao suportada: ""CT"""
3611,3611,282273,,CT,74.98,4.56,2,2,,,,0.9,,,45,,,0.9,,282273,0,1.17,UNSUPPORTED_UNIT,"unit nao suportada: ""CT"""
3612,3612,282274,,CT,80.96,3.37,2,2,,,,0.97,,,33,,,0.97,,282274,0,1.26,UNSUPPORTED_UNIT,"unit nao suportada: ""CT"""
3615,3615,282275,,CT,89.52,1.07,2,2,,,,1.07,,,10,,,1.07,,282275,0,1.39,UNSUPPORTED_UNIT,"unit nao suportada: ""CT"""
3616,3616,282276,,CT,52.87,0.83,2,2,,,,0.63,,,8,,,0.63,,282276,0,0.82,UNSUPPORTED_UNIT,"unit nao suportada: ""CT"""
3609,3609,282277,,CT,70.6,37.1,2,2,,,,0.85,,,371,,,0.85,,282277,0,1.11,UNSUPPORTED_UNIT,"unit nao suportada: ""CT"""
2786,2786,282278,,CT,6.56,87.76,2,2,,,,0.08,,,877,,,0.08,,282278,0,0.1,UNSUPPORTED_UNIT,"unit nao suportada: ""CT"""
5418,5418,282304,PC,PC,6.89,7,2,2,,6.89,,0.08,false,7,70,false,6.89,0.08,false,282304,0,0.1,PRICE_AND_STOCK_MISMATCH,
5419,5419,282305,PC,PC,7.25,1,2,2,,7.25,,0.09,false,1,10,false,7.25,0.09,false,282305,0,0.12,PRICE_AND_STOCK_MISMATCH,
5420,5420,282307,PC,PC,9.86,8,2,2,,9.86,,0.12,false,8,80,false,9.86,0.12,false,282307,0,0.16,PRICE_AND_STOCK_MISMATCH,
